health / Nudge stalled PRs	skipped	103350196365	2026-09-11T17:05:27Z
health / Resolve conflicts	skipped	103350196065	2026-09-11T17:05:27Z
health / Fix failing checks	skipped	103350196041	2026-09-11T17:05:27Z
health / Health summary	success	103350195498	2026-09-11T17:05:33Z
health / Scan open PRs	success	103350125612	2026-09-11T17:05:27Z
health / Schedule gate	success	103350091490	2026-09-11T17:05:14Z
Re-evaluate stalled agent PRs (non-consolidated)	skipped	103339363988	2026-09-11T16:30:52Z
Re-evaluate stalled agent PRs (consolidated)	success	103339362716	2026-09-11T16:31:04Z
Name keepalive sweep mode	success	103339362208	2026-09-11T16:30:59Z
health / Nudge stalled PRs	skipped	103331788247	2026-09-11T16:07:19Z
health / Fix failing checks	skipped	103331788087	2026-09-11T16:07:19Z
health / Resolve conflicts	skipped	103331787404	2026-09-11T16:07:19Z
health / Health summary	success	103331787177	2026-09-11T16:07:23Z
health / Scan open PRs	success	103331720641	2026-09-11T16:07:18Z
health / Schedule gate	success	103331694606	2026-09-11T16:07:05Z
Re-evaluate stalled agent PRs (non-consolidated)	skipped	103319282693	2026-09-11T15:29:07Z
Name keepalive sweep mode	success	103319281318	2026-09-11T15:29:14Z
Re-evaluate stalled agent PRs (consolidated)	success	103319280930	2026-09-11T15:29:24Z
health / Resolve conflicts	skipped	103311767213	2026-09-11T15:06:35Z
health / Nudge stalled PRs	skipped	103311767207	2026-09-11T15:06:35Z
health / Fix failing checks	skipped	103311766378	2026-09-11T15:06:35Z
health / Health summary	success	103311765664	2026-09-11T15:06:39Z
health / Scan open PRs	success	103311677196	2026-09-11T15:06:34Z
health / Schedule gate	success	103311632626	2026-09-11T15:06:18Z
Re-evaluate stalled agent PRs (non-consolidated)	skipped	103299689265	2026-09-11T14:30:45Z
Name keepalive sweep mode	success	103299688130	2026-09-11T14:30:49Z
Re-evaluate stalled agent PRs (consolidated)	success	103299687588	2026-09-11T14:30:58Z
health / Fix failing checks	skipped	103292054661	2026-09-11T14:07:38Z
health / Nudge stalled PRs	skipped	103292054629	2026-09-11T14:07:38Z
health / Resolve conflicts	skipped	103292054469	2026-09-11T14:07:38Z
health / Health summary	success	103292053737	2026-09-11T14:07:45Z
health / Scan open PRs	success	103291943503	2026-09-11T14:07:38Z
health / Schedule gate	success	103291916792	2026-09-11T14:07:18Z
Re-evaluate stalled agent PRs (non-consolidated)	skipped	103279885200	2026-09-11T13:29:36Z
Name keepalive sweep mode	success	103279883984	2026-09-11T13:29:40Z
Re-evaluate stalled agent PRs (consolidated)	success	103279883658	2026-09-11T13:29:50Z
health / Fix failing checks	skipped	103272745899	2026-09-11T13:06:19Z
health / Nudge stalled PRs	skipped	103272745546	2026-09-11T13:06:19Z
health / Resolve conflicts	skipped	103272745005	2026-09-11T13:06:19Z
health / Health summary	success	103272744351	2026-09-11T13:06:25Z
health / Scan open PRs	success	103272657180	2026-09-11T13:06:19Z
health / Schedule gate	success	103272634796	2026-09-11T13:06:01Z
Re-evaluate stalled agent PRs (non-consolidated)	skipped	103265040450	2026-09-11T12:40:07Z
Name keepalive sweep mode	success	103265039729	2026-09-11T12:40:13Z
Re-evaluate stalled agent PRs (consolidated)	success	103265039403	2026-09-11T12:40:17Z
health / Resolve conflicts	skipped	103256818636	2026-09-11T12:10:33Z
health / Nudge stalled PRs	skipped	103256818139	2026-09-11T12:10:33Z
health / Fix failing checks	skipped	103256818129	2026-09-11T12:10:33Z
health / Health summary	success	103256817459	2026-09-11T12:10:38Z
health / Scan open PRs	success	103256738977	2026-09-11T12:10:32Z
health / Schedule gate	success	103256703006	2026-09-11T12:10:14Z
Re-evaluate stalled agent PRs (non-consolidated)	skipped	103245873664	2026-09-11T11:27:43Z
Name keepalive sweep mode	success	103245873129	2026-09-11T11:27:49Z
Re-evaluate stalled agent PRs (consolidated)	success	103245872895	2026-09-11T11:27:57Z
health / Nudge stalled PRs	skipped	103240446255	2026-09-11T11:06:13Z
health / Fix failing checks	skipped	103240445560	2026-09-11T11:06:13Z
health / Resolve conflicts	skipped	103240445427	2026-09-11T11:06:13Z
health / Health summary	success	103240445394	2026-09-11T11:06:20Z
health / Scan open PRs	success	103240390857	2026-09-11T11:06:13Z
health / Schedule gate	success	103240372969	2026-09-11T11:06:00Z
Re-evaluate stalled agent PRs (non-consolidated)	skipped	103231224180	2026-09-11T10:29:39Z
Name keepalive sweep mode	success	103231223018	2026-09-11T10:29:44Z
Re-evaluate stalled agent PRs (consolidated)	success	103231222819	2026-09-11T10:29:51Z
health / Fix failing checks	skipped	103225387205	2026-09-11T10:07:15Z
health / Nudge stalled PRs	skipped	103225387046	2026-09-11T10:07:15Z
health / Resolve conflicts	skipped	103225386928	2026-09-11T10:07:15Z
health / Health summary	success	103225386403	2026-09-11T10:07:19Z
health / Scan open PRs	success	103225307712	2026-09-11T10:07:14Z
health / Schedule gate	success	103225285694	2026-09-11T10:06:57Z
Re-evaluate stalled agent PRs (non-consolidated)	skipped	103215831462	2026-09-11T09:31:14Z
Re-evaluate stalled agent PRs (consolidated)	success	103215830594	2026-09-11T09:31:34Z
Name keepalive sweep mode	success	103215830194	2026-09-11T09:31:19Z
health / Resolve conflicts	skipped	103209387818	2026-09-11T09:07:30Z
health / Nudge stalled PRs	skipped	103209387755	2026-09-11T09:07:30Z
health / Fix failing checks	skipped	103209387585	2026-09-11T09:07:30Z
health / Health summary	success	103209386821	2026-09-11T09:07:34Z
health / Scan open PRs	success	103209292485	2026-09-11T09:07:30Z
health / Schedule gate	success	103209271573	2026-09-11T09:07:09Z
Re-evaluate stalled agent PRs (non-consolidated)	skipped	103201128542	2026-09-11T08:36:21Z
Re-evaluate stalled agent PRs (consolidated)	success	103201127739	2026-09-11T08:36:39Z
Name keepalive sweep mode	success	103201127541	2026-09-11T08:36:26Z
health / Fix failing checks	skipped	103194119945	2026-09-11T08:09:20Z
health / Resolve conflicts	skipped	103194119912	2026-09-11T08:09:20Z
health / Nudge stalled PRs	skipped	103194119697	2026-09-11T08:09:20Z
health / Health summary	success	103194119037	2026-09-11T08:09:25Z
health / Scan open PRs	success	103194039814	2026-09-11T08:09:20Z
health / Schedule gate	success	103194012394	2026-09-11T08:09:02Z
Re-evaluate stalled agent PRs (non-consolidated)	skipped	103184697752	2026-09-11T07:31:40Z
Name keepalive sweep mode	success	103184696419	2026-09-11T07:31:44Z
Re-evaluate stalled agent PRs (consolidated)	success	103184696139	2026-09-11T07:31:50Z
health / Nudge stalled PRs	skipped	103178879771	2026-09-11T07:07:44Z
health / Resolve conflicts	skipped	103178879737	2026-09-11T07:07:44Z
health / Fix failing checks	skipped	103178879472	2026-09-11T07:07:44Z
health / Health summary	success	103178878638	2026-09-11T07:07:48Z
health / Scan open PRs	success	103178799145	2026-09-11T07:07:44Z
health / Schedule gate	success	103178780462	2026-09-11T07:07:22Z
coverage guard outcome	success	103176533042	2026-09-11T06:57:57Z
coverage baseline monitor	success	103176477226	2026-09-11T06:57:52Z
Rate limit gate	success	103176435013	2026-09-11T06:57:37Z
Re-evaluate stalled agent PRs (non-consolidated)	skipped	103173444385	2026-09-11T06:43:56Z
Name keepalive sweep mode	success	103173443305	2026-09-11T06:44:02Z
Re-evaluate stalled agent PRs (consolidated)	success	103173443063	2026-09-11T06:44:07Z
health / Fix failing checks	skipped	103166513492	2026-09-11T06:11:11Z
health / Nudge stalled PRs	skipped	103166513368	2026-09-11T06:11:11Z
health / Resolve conflicts	skipped	103166513056	2026-09-11T06:11:11Z
health / Health summary	success	103166512869	2026-09-11T06:11:21Z
health / Scan open PRs	success	103166474314	2026-09-11T06:11:10Z
health / Schedule gate	success	103166452803	2026-09-11T06:10:59Z
Re-evaluate stalled agent PRs (non-consolidated)	skipped	103158578261	2026-09-11T05:29:22Z
Re-evaluate stalled agent PRs (consolidated)	success	103158577649	2026-09-11T05:29:33Z
Name keepalive sweep mode	success	103158577589	2026-09-11T05:29:28Z
health / Fix failing checks	skipped	103154309194	2026-09-11T05:06:45Z
health / Resolve conflicts	skipped	103154308807	2026-09-11T05:06:45Z
health / Nudge stalled PRs	skipped	103154308782	2026-09-11T05:06:45Z
health / Health summary	success	103154308557	2026-09-11T05:06:50Z
health / Scan open PRs	success	103154274054	2026-09-11T05:06:45Z
health / Schedule gate	success	103154257607	2026-09-11T05:06:33Z
Re-evaluate stalled agent PRs (non-consolidated)	skipped	103148395389	2026-09-11T04:33:46Z
Name keepalive sweep mode	success	103148394570	2026-09-11T04:33:51Z
Re-evaluate stalled agent PRs (consolidated)	success	103148394457	2026-09-11T04:33:59Z
health / Fix failing checks	skipped	103143777278	2026-09-11T04:08:49Z
health / Resolve conflicts	skipped	103143776652	2026-09-11T04:08:49Z
health / Nudge stalled PRs	skipped	103143776642	2026-09-11T04:08:49Z
health / Health summary	success	103143776274	2026-09-11T04:08:55Z
health / Scan open PRs	success	103143710257	2026-09-11T04:08:48Z
health / Schedule gate	success	103143693449	2026-09-11T04:08:28Z
Re-evaluate stalled agent PRs (non-consolidated)	skipped	103137409621	2026-09-11T03:33:54Z
Name keepalive sweep mode	success	103137409013	2026-09-11T03:33:59Z
Re-evaluate stalled agent PRs (consolidated)	success	103137408886	2026-09-11T03:34:04Z
health / Fix failing checks	skipped	103132545198	2026-09-11T03:08:14Z
health / Resolve conflicts	skipped	103132544930	2026-09-11T03:08:14Z
health / Nudge stalled PRs	skipped	103132544902	2026-09-11T03:08:14Z
health / Health summary	success	103132544486	2026-09-11T03:08:18Z
health / Scan open PRs	success	103132489323	2026-09-11T03:08:14Z
health / Schedule gate	success	103132468817	2026-09-11T03:07:56Z
Re-evaluate stalled agent PRs (non-consolidated)	skipped	103126726107	2026-09-11T02:37:36Z
Re-evaluate stalled agent PRs (consolidated)	success	103126725426	2026-09-11T02:37:52Z
Name keepalive sweep mode	success	103126725225	2026-09-11T02:37:40Z
health / Fix failing checks	skipped	103121249981	2026-09-11T02:09:53Z
health / Nudge stalled PRs	skipped	103121249944	2026-09-11T02:09:53Z
health / Resolve conflicts	skipped	103121249865	2026-09-11T02:09:53Z
health / Health summary	success	103121249337	2026-09-11T02:09:57Z
health / Scan open PRs	success	103121213454	2026-09-11T02:09:53Z
health / Schedule gate	success	103121190943	2026-09-11T02:09:41Z
Re-evaluate stalled agent PRs (non-consolidated)	skipped	103114792139	2026-09-11T01:36:47Z
Re-evaluate stalled agent PRs (consolidated)	success	103114791222	2026-09-11T01:36:58Z
Name keepalive sweep mode	success	103114790976	2026-09-11T01:36:52Z
health / Resolve conflicts	skipped	103110785905	2026-09-11T01:16:48Z
health / Nudge stalled PRs	skipped	103110785808	2026-09-11T01:16:48Z
health / Fix failing checks	skipped	103110785775	2026-09-11T01:16:48Z
health / Health summary	success	103110785374	2026-09-11T01:16:53Z
health / Scan open PRs	success	103110726613	2026-09-11T01:16:47Z
health / Schedule gate	success	103110709783	2026-09-11T01:16:30Z
Re-evaluate stalled agent PRs (non-consolidated)	skipped	103107426981	2026-09-11T01:00:51Z
Re-evaluate stalled agent PRs (consolidated)	success	103107425956	2026-09-11T01:01:05Z
Name keepalive sweep mode	success	103107425762	2026-09-11T01:00:55Z
health / Nudge stalled PRs	skipped	103098425508	2026-09-11T00:18:28Z
health / Resolve conflicts	skipped	103098425477	2026-09-11T00:18:28Z
health / Fix failing checks	skipped	103098425264	2026-09-11T00:18:28Z
health / Health summary	success	103098424717	2026-09-11T00:18:33Z
health / Scan open PRs	success	103098356374	2026-09-11T00:18:28Z
health / Schedule gate	success	103098334653	2026-09-11T00:18:10Z
Re-evaluate stalled agent PRs (non-consolidated)	skipped	103086872853	2026-09-10T23:26:04Z
Name keepalive sweep mode	success	103086872058	2026-09-10T23:26:08Z
Re-evaluate stalled agent PRs (consolidated)	success	103086871814	2026-09-10T23:26:17Z
health / Fix failing checks	skipped	103081990453	2026-09-10T23:05:24Z
health / Nudge stalled PRs	skipped	103081990386	2026-09-10T23:05:24Z
health / Resolve conflicts	skipped	103081990257	2026-09-10T23:05:24Z
health / Health summary	success	103081989947	2026-09-10T23:05:29Z
health / Scan open PRs	success	103081938396	2026-09-10T23:05:23Z
health / Schedule gate	success	103081892112	2026-09-10T23:05:11Z
Re-evaluate stalled agent PRs (non-consolidated)	skipped	103072406099	2026-09-10T22:27:02Z
Name keepalive sweep mode	success	103072405538	2026-09-10T22:27:07Z
Re-evaluate stalled agent PRs (consolidated)	success	103072405151	2026-09-10T22:27:13Z
health / Nudge stalled PRs	skipped	103066617747	2026-09-10T22:05:49Z
health / Fix failing checks	skipped	103066617654	2026-09-10T22:05:49Z
health / Resolve conflicts	skipped	103066617608	2026-09-10T22:05:49Z
health / Health summary	success	103066617252	2026-09-10T22:05:54Z
health / Scan open PRs	success	103066534027	2026-09-10T22:05:49Z
health / Schedule gate	success	103066503403	2026-09-10T22:05:32Z
Re-evaluate stalled agent PRs (non-consolidated)	skipped	103055317680	2026-09-10T21:26:23Z
Name keepalive sweep mode	success	103055316236	2026-09-10T21:26:29Z
Re-evaluate stalled agent PRs (consolidated)	success	103055316013	2026-09-10T21:26:37Z
health / Fix failing checks	skipped	103048840843	2026-09-10T21:05:41Z
health / Nudge stalled PRs	skipped	103048840552	2026-09-10T21:05:41Z
health / Resolve conflicts	skipped	103048840225	2026-09-10T21:05:41Z
health / Health summary	success	103048839337	2026-09-10T21:05:46Z
health / Scan open PRs	success	103048770777	2026-09-10T21:05:41Z
health / Schedule gate	success	103048741822	2026-09-10T21:05:29Z
Re-evaluate stalled agent PRs (non-consolidated)	skipped	103036582056	2026-09-10T20:27:36Z
Re-evaluate stalled agent PRs (consolidated)	success	103036581030	2026-09-10T20:27:51Z
Name keepalive sweep mode	success	103036580539	2026-09-10T20:27:40Z
health / Nudge stalled PRs	skipped	103029507055	2026-09-10T20:06:28Z
health / Fix failing checks	skipped	103029506781	2026-09-10T20:06:28Z
health / Resolve conflicts	skipped	103029506735	2026-09-10T20:06:28Z
health / Health summary	success	103029505711	2026-09-10T20:06:35Z
health / Scan open PRs	success	103029391191	2026-09-10T20:06:28Z
health / Schedule gate	success	103029361246	2026-09-10T20:06:08Z
Re-evaluate stalled agent PRs (non-consolidated)	skipped	103015633495	2026-09-10T19:24:38Z
Re-evaluate stalled agent PRs (consolidated)	success	103015631758	2026-09-10T19:24:53Z
Name keepalive sweep mode	success	103015631580	2026-09-10T19:24:43Z
health / Nudge stalled PRs	skipped	103009088221	2026-09-10T19:05:09Z
health / Fix failing checks	skipped	103009088141	2026-09-10T19:05:09Z
health / Health summary	success	103009087709	2026-09-10T19:05:50Z
health / Resolve conflicts	skipped	103009087534	2026-09-10T19:05:09Z
health / Scan open PRs	success	103008980008	2026-09-10T19:05:08Z
health / Schedule gate	success	103008953659	2026-09-10T19:04:50Z
Re-evaluate stalled agent PRs (non-consolidated)	skipped	102997881491	2026-09-10T18:32:11Z
Name keepalive sweep mode	success	102997880174	2026-09-10T18:32:19Z
Re-evaluate stalled agent PRs (consolidated)	success	102997879665	2026-09-10T18:32:21Z
health / Nudge stalled PRs	skipped	102989702594	2026-09-10T18:08:15Z
health / Fix failing checks	skipped	102989702219	2026-09-10T18:08:15Z
health / Resolve conflicts	skipped	102989701802	2026-09-10T18:08:15Z
health / Health summary	success	102989701361	2026-09-10T18:08:21Z
health / Scan open PRs	success	102989598288	2026-09-10T18:08:15Z
health / Schedule gate	success	102989562894	2026-09-10T18:07:56Z
Re-evaluate stalled agent PRs (non-consolidated)	skipped	102975716429	2026-09-10T17:26:56Z
Name keepalive sweep mode	success	102975715530	2026-09-10T17:27:00Z
Re-evaluate stalled agent PRs (consolidated)	success	102975715187	2026-09-10T17:27:09Z
health / Health summary	success	102968739292	2026-09-10T17:06:27Z
health / Nudge stalled PRs	skipped	102968739099	2026-09-10T17:06:20Z
health / Resolve conflicts	skipped	102968738615	2026-09-10T17:06:20Z
health / Fix failing checks	skipped	102968738311	2026-09-10T17:06:20Z
health / Scan open PRs	success	102968638990	2026-09-10T17:06:19Z
health / Schedule gate	success	102968600173	2026-09-10T17:06:03Z
Re-evaluate stalled agent PRs (non-consolidated)	skipped	102956090467	2026-09-10T16:29:12Z
Name keepalive sweep mode	success	102956089349	2026-09-10T16:29:17Z
Re-evaluate stalled agent PRs (consolidated)	success	102956089064	2026-09-10T16:29:26Z
health / Fix failing checks	skipped	102948214280	2026-09-10T16:07:00Z
health / Resolve conflicts	skipped	102948213594	2026-09-10T16:07:00Z
health / Nudge stalled PRs	skipped	102948213526	2026-09-10T16:07:00Z
health / Health summary	success	102948212938	2026-09-10T16:07:07Z
health / Scan open PRs	success	102948107216	2026-09-10T16:06:59Z
health / Schedule gate	success	102948072241	2026-09-10T16:06:41Z
Re-evaluate stalled agent PRs (non-consolidated)	skipped	102934447707	2026-09-10T15:29:37Z
Re-evaluate stalled agent PRs (consolidated)	success	102934446190	2026-09-10T15:29:55Z
Name keepalive sweep mode	success	102934445968	2026-09-10T15:29:42Z
health / Fix failing checks	skipped	102926008879	2026-09-10T15:06:56Z
health / Health summary	success	102926008723	2026-09-10T15:07:01Z
health / Resolve conflicts	skipped	102926008521	2026-09-10T15:06:56Z
health / Nudge stalled PRs	skipped	102926008452	2026-09-10T15:06:56Z
health / Scan open PRs	success	102925868669	2026-09-10T15:06:55Z
health / Schedule gate	success	102925828570	2026-09-10T15:06:33Z
Re-evaluate stalled agent PRs (non-consolidated)	skipped	102911914264	2026-09-10T14:29:33Z
Name keepalive sweep mode	success	102911912947	2026-09-10T14:29:39Z
Re-evaluate stalled agent PRs (consolidated)	success	102911912662	2026-09-10T14:29:45Z
health / Nudge stalled PRs	skipped	102903293533	2026-09-10T14:06:27Z
health / Fix failing checks	skipped	102903293198	2026-09-10T14:06:27Z
health / Resolve conflicts	skipped	102903292851	2026-09-10T14:06:27Z
health / Health summary	success	102903292253	2026-09-10T14:06:33Z
health / Scan open PRs	success	102903185063	2026-09-10T14:06:26Z
health / Schedule gate	success	102903136394	2026-09-10T14:06:09Z
Re-evaluate stalled agent PRs (non-consolidated)	skipped	102889441282	2026-09-10T13:27:42Z
Re-evaluate stalled agent PRs (consolidated)	success	102889440038	2026-09-10T13:28:09Z
Name keepalive sweep mode	success	102889439814	2026-09-10T13:27:47Z
health / Nudge stalled PRs	skipped	102882096426	2026-09-10T13:06:28Z
health / Fix failing checks	skipped	102882095509	2026-09-10T13:06:28Z
health / Resolve conflicts	skipped	102882095497	2026-09-10T13:06:28Z
health / Health summary	success	102882094697	2026-09-10T13:06:34Z
health / Scan open PRs	success	102882016672	2026-09-10T13:06:27Z
health / Schedule gate	success	102881988726	2026-09-10T13:06:13Z
Re-evaluate stalled agent PRs (non-consolidated)	skipped	102873633721	2026-09-10T12:40:37Z
Name keepalive sweep mode	success	102873632387	2026-09-10T12:40:42Z
Re-evaluate stalled agent PRs (consolidated)	success	102873632178	2026-09-10T12:40:53Z
health / Nudge stalled PRs	skipped	102864192344	2026-09-10T12:10:08Z
health / Resolve conflicts	skipped	102864192127	2026-09-10T12:10:08Z
health / Fix failing checks	skipped	102864192026	2026-09-10T12:10:08Z
health / Health summary	success	102864191697	2026-09-10T12:10:14Z
health / Scan open PRs	success	102864128086	2026-09-10T12:10:07Z
health / Schedule gate	success	102864105360	2026-09-10T12:09:55Z
Re-evaluate stalled agent PRs (non-consolidated)	skipped	102852006324	2026-09-10T11:28:02Z
Name keepalive sweep mode	success	102852005374	2026-09-10T11:28:07Z
Re-evaluate stalled agent PRs (consolidated)	success	102852005315	2026-09-10T11:28:15Z
health / Resolve conflicts	skipped	102846026519	2026-09-10T11:06:40Z
health / Fix failing checks	skipped	102846026036	2026-09-10T11:06:40Z
health / Nudge stalled PRs	skipped	102846025944	2026-09-10T11:06:40Z
health / Health summary	success	102846025391	2026-09-10T11:06:45Z
health / Scan open PRs	success	102845949535	2026-09-10T11:06:40Z
health / Schedule gate	success	102845924860	2026-09-10T11:06:24Z
Re-evaluate stalled agent PRs (non-consolidated)	skipped	102835799561	2026-09-10T10:30:01Z
Name keepalive sweep mode	success	102835799073	2026-09-10T10:30:06Z
Re-evaluate stalled agent PRs (consolidated)	success	102835798725	2026-09-10T10:30:16Z
health / Fix failing checks	skipped	102829239571	2026-09-10T10:06:54Z
health / Resolve conflicts	skipped	102829239468	2026-09-10T10:06:54Z
health / Nudge stalled PRs	skipped	102829239293	2026-09-10T10:06:54Z
health / Health summary	success	102829238607	2026-09-10T10:06:58Z
health / Scan open PRs	success	102829156700	2026-09-10T10:06:54Z
health / Schedule gate	success	102829121005	2026-09-10T10:06:37Z
Re-evaluate stalled agent PRs (non-consolidated)	skipped	102819051363	2026-09-10T09:32:02Z
Name keepalive sweep mode	success	102819050530	2026-09-10T09:32:08Z
Re-evaluate stalled agent PRs (consolidated)	success	102819050448	2026-09-10T09:32:15Z
health / Fix failing checks	skipped	102811837964	2026-09-10T09:07:50Z
health / Nudge stalled PRs	skipped	102811837226	2026-09-10T09:07:50Z
health / Resolve conflicts	skipped	102811836620	2026-09-10T09:07:50Z
health / Health summary	success	102811836009	2026-09-10T09:07:57Z
health / Scan open PRs	success	102811747178	2026-09-10T09:07:50Z
health / Schedule gate	success	102811721676	2026-09-10T09:07:32Z
Re-evaluate stalled agent PRs (non-consolidated)	skipped	102802805204	2026-09-10T08:36:59Z
Re-evaluate stalled agent PRs (consolidated)	success	102802804322	2026-09-10T08:37:12Z
Name keepalive sweep mode	success	102802804176	2026-09-10T08:37:05Z
health / Fix failing checks	skipped	102794856887	2026-09-10T08:09:20Z
health / Nudge stalled PRs	skipped	102794856813	2026-09-10T08:09:20Z
health / Resolve conflicts	skipped	102794856199	2026-09-10T08:09:20Z
health / Health summary	success	102794856133	2026-09-10T08:09:25Z
health / Scan open PRs	success	102794764841	2026-09-10T08:09:20Z
health / Schedule gate	success	102794735883	2026-09-10T08:09:01Z
Re-evaluate stalled agent PRs (non-consolidated)	skipped	102784564484	2026-09-10T07:31:34Z
Name keepalive sweep mode	success	102784563219	2026-09-10T07:31:39Z
Re-evaluate stalled agent PRs (consolidated)	success	102784563006	2026-09-10T07:31:46Z
health / Fix failing checks	skipped	102778268150	2026-09-10T07:07:37Z
health / Nudge stalled PRs	skipped	102778267843	2026-09-10T07:07:37Z
health / Resolve conflicts	skipped	102778267800	2026-09-10T07:07:37Z
health / Health summary	success	102778267579	2026-09-10T07:07:42Z
health / Scan open PRs	success	102778162187	2026-09-10T07:07:36Z
health / Schedule gate	success	102778136025	2026-09-10T07:07:11Z
coverage guard outcome	success	102775874398	2026-09-10T06:58:16Z
coverage baseline monitor	success	102775816259	2026-09-10T06:58:11Z
Rate limit gate	success	102775761407	2026-09-10T06:57:56Z
Re-evaluate stalled agent PRs (non-consolidated)	skipped	102772523171	2026-09-10T06:44:20Z
Re-evaluate stalled agent PRs (consolidated)	success	102772522107	2026-09-10T06:44:43Z
Name keepalive sweep mode	success	102772521943	2026-09-10T06:44:24Z
health / Resolve conflicts	skipped	102765267834	2026-09-10T06:12:11Z
health / Fix failing checks	skipped	102765267773	2026-09-10T06:12:11Z
health / Nudge stalled PRs	skipped	102765267473	2026-09-10T06:12:11Z
health / Health summary	success	102765267014	2026-09-10T06:12:17Z
health / Scan open PRs	success	102765217932	2026-09-10T06:12:11Z
health / Schedule gate	success	102765194311	2026-09-10T06:11:57Z
Re-evaluate stalled agent PRs (non-consolidated)	skipped	102756572122	2026-09-10T05:29:08Z
Name keepalive sweep mode	success	102756571454	2026-09-10T05:29:12Z
Re-evaluate stalled agent PRs (consolidated)	success	102756571309	2026-09-10T05:29:21Z
health / Nudge stalled PRs	skipped	102752216107	2026-09-10T05:07:00Z
health / Resolve conflicts	skipped	102752215452	2026-09-10T05:07:00Z
health / Fix failing checks	skipped	102752215413	2026-09-10T05:07:00Z
health / Health summary	success	102752214890	2026-09-10T05:07:06Z
health / Scan open PRs	success	102752163017	2026-09-10T05:07:00Z
health / Schedule gate	success	102752149848	2026-09-10T05:06:44Z
Re-evaluate stalled agent PRs (non-consolidated)	skipped	102745978106	2026-09-10T04:33:40Z
Name keepalive sweep mode	success	102745976618	2026-09-10T04:33:44Z
Re-evaluate stalled agent PRs (consolidated)	success	102745976478	2026-09-10T04:33:54Z
health / Nudge stalled PRs	skipped	102741060093	2026-09-10T04:08:20Z
health / Resolve conflicts	skipped	102741060071	2026-09-10T04:08:20Z
health / Fix failing checks	skipped	102741059982	2026-09-10T04:08:20Z
health / Health summary	success	102741059581	2026-09-10T04:08:27Z
health / Scan open PRs	success	102741003773	2026-09-10T04:08:20Z
health / Schedule gate	success	102740991222	2026-09-10T04:08:03Z
Re-evaluate stalled agent PRs (non-consolidated)	skipped	102734660600	2026-09-10T03:34:01Z
Re-evaluate stalled agent PRs (consolidated)	success	102734659227	2026-09-10T03:34:14Z
Name keepalive sweep mode	success	102734659112	2026-09-10T03:34:05Z
health / Resolve conflicts	skipped	102729742265	2026-09-10T03:08:12Z
health / Nudge stalled PRs	skipped	102729742141	2026-09-10T03:08:12Z
health / Fix failing checks	skipped	102729742092	2026-09-10T03:08:12Z
health / Health summary	success	102729741314	2026-09-10T03:08:17Z
health / Scan open PRs	success	102729689155	2026-09-10T03:08:12Z
health / Schedule gate	success	102729671547	2026-09-10T03:07:55Z
Re-evaluate stalled agent PRs (non-consolidated)	skipped	102723760530	2026-09-10T02:37:01Z
Re-evaluate stalled agent PRs (consolidated)	success	102723759683	2026-09-10T02:37:12Z
Name keepalive sweep mode	success	102723759326	2026-09-10T02:37:08Z
health / Resolve conflicts	skipped	102718283897	2026-09-10T02:09:51Z
health / Fix failing checks	skipped	102718283723	2026-09-10T02:09:51Z
health / Nudge stalled PRs	skipped	102718283667	2026-09-10T02:09:51Z
health / Health summary	success	102718283397	2026-09-10T02:09:57Z
health / Scan open PRs	success	102718229183	2026-09-10T02:09:51Z
health / Schedule gate	success	102718214003	2026-09-10T02:09:34Z
Re-evaluate stalled agent PRs (non-consolidated)	skipped	102711675260	2026-09-10T01:36:18Z
Re-evaluate stalled agent PRs (consolidated)	success	102711674288	2026-09-10T01:36:31Z
Name keepalive sweep mode	success	102711674233	2026-09-10T01:36:22Z
health / Fix failing checks	skipped	102707801103	2026-09-10T01:17:11Z
health / Resolve conflicts	skipped	102707800404	2026-09-10T01:17:11Z
health / Nudge stalled PRs	skipped	102707800318	2026-09-10T01:17:11Z
health / Health summary	success	102707799939	2026-09-10T01:17:16Z
health / Scan open PRs	success	102707749889	2026-09-10T01:17:11Z
health / Schedule gate	success	102707728036	2026-09-10T01:16:57Z
Re-evaluate stalled agent PRs (non-consolidated)	skipped	102704484988	2026-09-10T01:01:18Z
Re-evaluate stalled agent PRs (consolidated)	success	102704484143	2026-09-10T01:01:33Z
Name keepalive sweep mode	success	102704483925	2026-09-10T01:01:22Z
health / Nudge stalled PRs	skipped	102695050763	2026-09-10T00:17:09Z
health / Fix failing checks	skipped	102695050522	2026-09-10T00:17:09Z
health / Resolve conflicts	skipped	102695050511	2026-09-10T00:17:09Z
health / Health summary	success	102695049653	2026-09-10T00:17:14Z
health / Scan open PRs	success	102694977427	2026-09-10T00:17:08Z
health / Schedule gate	success	102694959907	2026-09-10T00:16:48Z
Re-evaluate stalled agent PRs (non-consolidated)	skipped	102683874585	2026-09-09T23:26:49Z
Name keepalive sweep mode	success	102683873899	2026-09-09T23:26:53Z
Re-evaluate stalled agent PRs (consolidated)	success	102683873735	2026-09-09T23:27:02Z
health / Fix failing checks	skipped	102678965337	2026-09-09T23:05:58Z
health / Nudge stalled PRs	skipped	102678964872	2026-09-09T23:05:58Z
health / Resolve conflicts	skipped	102678964754	2026-09-09T23:05:58Z
health / Health summary	success	102678964304	2026-09-09T23:06:05Z
health / Scan open PRs	success	102678903742	2026-09-09T23:05:58Z
health / Schedule gate	success	102678882089	2026-09-09T23:05:43Z
Re-evaluate stalled agent PRs (non-consolidated)	skipped	102669176952	2026-09-09T22:27:03Z
Name keepalive sweep mode	success	102669176185	2026-09-09T22:27:10Z
Re-evaluate stalled agent PRs (consolidated)	success	102669175790	2026-09-09T22:27:15Z
health / Nudge stalled PRs	skipped	102663319806	2026-09-09T22:05:43Z
health / Fix failing checks	skipped	102663319280	2026-09-09T22:05:43Z
health / Resolve conflicts	skipped	102663319221	2026-09-09T22:05:43Z
health / Health summary	success	102663318193	2026-09-09T22:05:48Z
health / Scan open PRs	success	102663222115	2026-09-09T22:05:42Z
health / Schedule gate	success	102663200542	2026-09-09T22:05:22Z
Re-evaluate stalled agent PRs (non-consolidated)	skipped	102652229118	2026-09-09T21:27:06Z
Name keepalive sweep mode	success	102652228030	2026-09-09T21:27:13Z
Re-evaluate stalled agent PRs (consolidated)	success	102652227783	2026-09-09T21:27:18Z
health / Nudge stalled PRs	skipped	102645573622	2026-09-09T21:05:47Z
health / Fix failing checks	skipped	102645572924	2026-09-09T21:05:47Z
health / Resolve conflicts	skipped	102645572357	2026-09-09T21:05:47Z
health / Health summary	success	102645572101	2026-09-09T21:05:53Z
health / Scan open PRs	success	102645476078	2026-09-09T21:05:47Z
health / Schedule gate	success	102645455165	2026-09-09T21:05:29Z
Re-evaluate stalled agent PRs (non-consolidated)	skipped	102633617826	2026-09-09T20:29:09Z
Name keepalive sweep mode	success	102633616916	2026-09-09T20:29:15Z
Re-evaluate stalled agent PRs (consolidated)	success	102633616557	2026-09-09T20:29:23Z
health / Resolve conflicts	skipped	102626243934	2026-09-09T20:07:10Z
health / Fix failing checks	skipped	102626243033	2026-09-09T20:07:10Z
health / Nudge stalled PRs	skipped	102626242760	2026-09-09T20:07:10Z
health / Health summary	success	102626242172	2026-09-09T20:07:16Z
health / Scan open PRs	success	102626128479	2026-09-09T20:07:10Z
health / Schedule gate	success	102625902936	2026-09-09T20:06:50Z
Re-evaluate stalled agent PRs (non-consolidated)	skipped	102612668283	2026-09-09T19:26:36Z
Re-evaluate stalled agent PRs (consolidated)	success	102612667221	2026-09-09T19:26:47Z
Name keepalive sweep mode	success	102612666707	2026-09-09T19:26:42Z
health / Resolve conflicts	skipped	102605561298	2026-09-09T19:05:22Z
health / Nudge stalled PRs	skipped	102605561164	2026-09-09T19:05:22Z
health / Fix failing checks	skipped	102605560984	2026-09-09T19:05:22Z
health / Health summary	success	102605560360	2026-09-09T19:05:28Z
health / Scan open PRs	success	102605456228	2026-09-09T19:05:21Z
health / Schedule gate	success	102605422209	2026-09-09T19:05:04Z
Re-evaluate stalled agent PRs (non-consolidated)	skipped	102595105101	2026-09-09T18:34:25Z
Re-evaluate stalled agent PRs (consolidated)	success	102595102961	2026-09-09T18:34:36Z
Name keepalive sweep mode	success	102595102762	2026-09-09T18:34:30Z
health / Fix failing checks	skipped	102586396227	2026-09-09T18:08:41Z
health / Resolve conflicts	skipped	102586394043	2026-09-09T18:08:41Z
health / Nudge stalled PRs	skipped	102586393896	2026-09-09T18:08:41Z
health / Health summary	success	102586393258	2026-09-09T18:08:46Z
health / Scan open PRs	success	102586316510	2026-09-09T18:08:41Z
health / Schedule gate	success	102586278446	2026-09-09T18:08:28Z
Re-evaluate stalled agent PRs (non-consolidated)	skipped	102572422502	2026-09-09T17:27:56Z
Re-evaluate stalled agent PRs (consolidated)	success	102572421388	2026-09-09T17:28:14Z
Name keepalive sweep mode	success	102572421124	2026-09-09T17:28:03Z
health / Resolve conflicts	skipped	102564990545	2026-09-09T17:06:04Z
health / Fix failing checks	skipped	102564989363	2026-09-09T17:06:04Z
health / Nudge stalled PRs	skipped	102564989190	2026-09-09T17:06:04Z
health / Health summary	success	102564988243	2026-09-09T17:06:11Z
health / Scan open PRs	success	102564836131	2026-09-09T17:06:04Z
health / Schedule gate	success	102564801893	2026-09-09T17:05:37Z
Re-evaluate stalled agent PRs (non-consolidated)	skipped	102553254458	2026-09-09T16:31:56Z
Re-evaluate stalled agent PRs (consolidated)	success	102553252995	2026-09-09T16:32:09Z
Name keepalive sweep mode	success	102553252686	2026-09-09T16:32:03Z
health / Fix failing checks	skipped	102544562755	2026-09-09T16:07:38Z
health / Resolve conflicts	skipped	102544561595	2026-09-09T16:07:38Z
health / Nudge stalled PRs	skipped	102544561049	2026-09-09T16:07:38Z
health / Health summary	success	102544560321	2026-09-09T16:07:43Z
health / Scan open PRs	success	102544413547	2026-09-09T16:07:37Z
health / Schedule gate	success	102544387900	2026-09-09T16:07:13Z
Re-evaluate stalled agent PRs (non-consolidated)	skipped	102530624004	2026-09-09T15:29:56Z
Name keepalive sweep mode	success	102530622173	2026-09-09T15:30:01Z
Re-evaluate stalled agent PRs (consolidated)	success	102530621758	2026-09-09T15:30:11Z
health / Fix failing checks	skipped	102521850765	2026-09-09T15:06:37Z
health / Resolve conflicts	skipped	102521849797	2026-09-09T15:06:37Z
health / Nudge stalled PRs	skipped	102521849569	2026-09-09T15:06:37Z
health / Health summary	success	102521849248	2026-09-09T15:06:42Z
health / Scan open PRs	success	102521724940	2026-09-09T15:06:37Z
health / Schedule gate	success	102521685297	2026-09-09T15:06:17Z
Re-evaluate stalled agent PRs (non-consolidated)	skipped	102508283790	2026-09-09T14:30:57Z
Re-evaluate stalled agent PRs (consolidated)	success	102508282867	2026-09-09T14:31:08Z
Name keepalive sweep mode	success	102508282372	2026-09-09T14:31:01Z
health / Nudge stalled PRs	skipped	102499277944	2026-09-09T14:06:58Z
health / Fix failing checks	skipped	102499277286	2026-09-09T14:06:58Z
health / Resolve conflicts	skipped	102499277104	2026-09-09T14:06:58Z
health / Health summary	success	102499276186	2026-09-09T14:07:02Z
health / Scan open PRs	success	102499165581	2026-09-09T14:06:57Z
health / Schedule gate	success	102499134320	2026-09-09T14:06:40Z
Re-evaluate stalled agent PRs (non-consolidated)	skipped	102485782644	2026-09-09T13:30:24Z
Re-evaluate stalled agent PRs (consolidated)	success	102485781750	2026-09-09T13:30:41Z
Name keepalive sweep mode	success	102485781470	2026-09-09T13:30:29Z
health / Fix failing checks	skipped	102477328186	2026-09-09T13:06:29Z
health / Nudge stalled PRs	skipped	102477327464	2026-09-09T13:06:29Z
health / Resolve conflicts	skipped	102477327305	2026-09-09T13:06:29Z
health / Health summary	success	102477326991	2026-09-09T13:06:36Z
health / Scan open PRs	success	102477235872	2026-09-09T13:06:29Z
health / Schedule gate	success	102477204662	2026-09-09T13:06:12Z
Re-evaluate stalled agent PRs (non-consolidated)	skipped	102468576736	2026-09-09T12:40:24Z
Name keepalive sweep mode	success	102468575178	2026-09-09T12:40:29Z
Re-evaluate stalled agent PRs (consolidated)	success	102468574800	2026-09-09T12:40:40Z
health / Resolve conflicts	skipped	102458841077	2026-09-09T12:09:54Z
health / Nudge stalled PRs	skipped	102458840327	2026-09-09T12:09:54Z
health / Fix failing checks	skipped	102458840297	2026-09-09T12:09:54Z
health / Health summary	success	102458839705	2026-09-09T12:10:01Z
health / Scan open PRs	success	102458778577	2026-09-09T12:09:54Z
health / Schedule gate	success	102458755027	2026-09-09T12:09:42Z
Re-evaluate stalled agent PRs (non-consolidated)	skipped	102446774408	2026-09-09T11:28:28Z
Name keepalive sweep mode	success	102446773221	2026-09-09T11:28:35Z
Re-evaluate stalled agent PRs (consolidated)	success	102446773075	2026-09-09T11:28:41Z
health / Fix failing checks	skipped	102440477337	2026-09-09T11:06:30Z
health / Nudge stalled PRs	skipped	102440477182	2026-09-09T11:06:30Z
health / Resolve conflicts	skipped	102440476591	2026-09-09T11:06:30Z
health / Health summary	success	102440476484	2026-09-09T11:06:35Z
health / Scan open PRs	success	102440397385	2026-09-09T11:06:30Z
health / Schedule gate	success	102440369478	2026-09-09T11:06:14Z
Re-evaluate stalled agent PRs (non-consolidated)	skipped	102430185423	2026-09-09T10:30:36Z
Name keepalive sweep mode	success	102430184291	2026-09-09T10:30:41Z
Re-evaluate stalled agent PRs (consolidated)	success	102430184184	2026-09-09T10:30:50Z
health / Fix failing checks	skipped	102423385962	2026-09-09T10:07:05Z
health / Nudge stalled PRs	skipped	102423385838	2026-09-09T10:07:05Z
health / Resolve conflicts	skipped	102423385534	2026-09-09T10:07:05Z
health / Health summary	success	102423385423	2026-09-09T10:07:10Z
health / Scan open PRs	success	102423303277	2026-09-09T10:07:04Z
health / Schedule gate	success	102423282798	2026-09-09T10:06:47Z
Re-evaluate stalled agent PRs (non-consolidated)	skipped	102413143369	2026-09-09T09:32:36Z
Name keepalive sweep mode	success	102413142363	2026-09-09T09:32:42Z
Re-evaluate stalled agent PRs (consolidated)	success	102413142063	2026-09-09T09:32:48Z
health / Fix failing checks	skipped	102405604008	2026-09-09T09:07:48Z
health / Nudge stalled PRs	skipped	102405603858	2026-09-09T09:07:48Z
health / Resolve conflicts	skipped	102405603557	2026-09-09T09:07:48Z
health / Health summary	success	102405602991	2026-09-09T09:07:54Z
health / Scan open PRs	success	102405520632	2026-09-09T09:07:48Z
health / Schedule gate	success	102405486552	2026-09-09T09:07:31Z
Re-evaluate stalled agent PRs (non-consolidated)	skipped	102395992087	2026-09-09T08:35:38Z
Name keepalive sweep mode	success	102395990759	2026-09-09T08:35:42Z
Re-evaluate stalled agent PRs (consolidated)	success	102395990643	2026-09-09T08:35:50Z
health / Nudge stalled PRs	skipped	102388354085	2026-09-09T08:09:36Z
health / Resolve conflicts	skipped	102388353961	2026-09-09T08:09:36Z
health / Fix failing checks	skipped	102388353861	2026-09-09T08:09:36Z
health / Health summary	success	102388353344	2026-09-09T08:09:42Z
health / Scan open PRs	success	102388275925	2026-09-09T08:09:36Z
health / Schedule gate	success	102388246920	2026-09-09T08:09:21Z
Re-evaluate stalled agent PRs (non-consolidated)	skipped	102378021912	2026-09-09T07:32:06Z
Name keepalive sweep mode	success	102378020973	2026-09-09T07:32:10Z
Re-evaluate stalled agent PRs (consolidated)	success	102378020591	2026-09-09T07:32:16Z
health / Resolve conflicts	skipped	102371441076	2026-09-09T07:07:34Z
health / Nudge stalled PRs	skipped	102371440820	2026-09-09T07:07:34Z
health / Fix failing checks	skipped	102371440243	2026-09-09T07:07:34Z
health / Health summary	success	102371440066	2026-09-09T07:07:40Z
health / Scan open PRs	success	102371363002	2026-09-09T07:07:34Z
health / Schedule gate	success	102371337619	2026-09-09T07:07:15Z
coverage guard outcome	success	102369055598	2026-09-09T06:58:29Z
coverage baseline monitor	success	102368997833	2026-09-09T06:58:22Z
Rate limit gate	success	102368930262	2026-09-09T06:58:08Z
Re-evaluate stalled agent PRs (non-consolidated)	skipped	102365711898	2026-09-09T06:44:44Z
Name keepalive sweep mode	success	102365711309	2026-09-09T06:44:50Z
Re-evaluate stalled agent PRs (consolidated)	success	102365711114	2026-09-09T06:44:57Z
health / Fix failing checks	skipped	102358302283	2026-09-09T06:12:12Z
health / Nudge stalled PRs	skipped	102358301998	2026-09-09T06:12:12Z
health / Resolve conflicts	skipped	102358301907	2026-09-09T06:12:12Z
health / Health summary	success	102358301278	2026-09-09T06:12:17Z
health / Scan open PRs	success	102358256766	2026-09-09T06:12:12Z
health / Schedule gate	success	102358111903	2026-09-09T06:12:00Z
Re-evaluate stalled agent PRs (non-consolidated)	skipped	102349575552	2026-09-09T05:29:53Z
Name keepalive sweep mode	success	102349574969	2026-09-09T05:29:58Z
Re-evaluate stalled agent PRs (consolidated)	success	102349574715	2026-09-09T05:30:03Z
health / Resolve conflicts	skipped	102345007536	2026-09-09T05:06:45Z
health / Fix failing checks	skipped	102345007531	2026-09-09T05:06:45Z
health / Nudge stalled PRs	skipped	102345006984	2026-09-09T05:06:45Z
health / Health summary	success	102345006648	2026-09-09T05:06:50Z
health / Scan open PRs	success	102344970089	2026-09-09T05:06:45Z
health / Schedule gate	success	102344950513	2026-09-09T05:06:33Z
Re-evaluate stalled agent PRs (non-consolidated)	skipped	102338723580	2026-09-09T04:33:31Z
Re-evaluate stalled agent PRs (consolidated)	success	102338722880	2026-09-09T04:33:44Z
Name keepalive sweep mode	success	102338722688	2026-09-09T04:33:36Z
health / Fix failing checks	skipped	102333828314	2026-09-09T04:07:58Z
health / Resolve conflicts	skipped	102333828235	2026-09-09T04:07:58Z
health / Nudge stalled PRs	skipped	102333827945	2026-09-09T04:07:58Z
health / Health summary	success	102333827575	2026-09-09T04:08:02Z
health / Scan open PRs	success	102333778863	2026-09-09T04:07:58Z
health / Schedule gate	success	102333755528	2026-09-09T04:07:42Z
Re-evaluate stalled agent PRs (non-consolidated)	skipped	102327450156	2026-09-09T03:33:55Z
Name keepalive sweep mode	success	102327449394	2026-09-09T03:34:01Z
Re-evaluate stalled agent PRs (consolidated)	success	102327449164	2026-09-09T03:34:06Z
health / Nudge stalled PRs	skipped	102322622339	2026-09-09T03:08:43Z
health / Fix failing checks	skipped	102322622204	2026-09-09T03:08:43Z
health / Resolve conflicts	skipped	102322622134	2026-09-09T03:08:43Z
health / Health summary	success	102322621860	2026-09-09T03:08:47Z
health / Scan open PRs	success	102322565668	2026-09-09T03:08:43Z
health / Schedule gate	success	102322543284	2026-09-09T03:08:25Z
Re-evaluate stalled agent PRs (non-consolidated)	skipped	102316510866	2026-09-09T02:36:54Z
Name keepalive sweep mode	success	102316509749	2026-09-09T02:36:59Z
Re-evaluate stalled agent PRs (consolidated)	success	102316509559	2026-09-09T02:37:06Z
health / Nudge stalled PRs	skipped	102310976361	2026-09-09T02:09:40Z
health / Fix failing checks	skipped	102310976273	2026-09-09T02:09:40Z
health / Health summary	success	102310976197	2026-09-09T02:09:44Z
health / Resolve conflicts	skipped	102310976147	2026-09-09T02:09:40Z
health / Scan open PRs	success	102310929180	2026-09-09T02:09:39Z
health / Schedule gate	success	102310909398	2026-09-09T02:09:26Z
Re-evaluate stalled agent PRs (non-consolidated)	skipped	102304775696	2026-09-09T01:38:48Z
Re-evaluate stalled agent PRs (consolidated)	success	102304774930	2026-09-09T01:39:01Z
Name keepalive sweep mode	success	102304774726	2026-09-09T01:38:53Z
health / Resolve conflicts	skipped	102300554318	2026-09-09T01:17:54Z
health / Nudge stalled PRs	skipped	102300554275	2026-09-09T01:17:54Z
health / Fix failing checks	skipped	102300554120	2026-09-09T01:17:54Z
health / Health summary	success	102300553693	2026-09-09T01:18:00Z
health / Scan open PRs	success	102300491228	2026-09-09T01:17:53Z
health / Schedule gate	success	102300476061	2026-09-09T01:17:35Z
Re-evaluate stalled agent PRs (non-consolidated)	skipped	102297360295	2026-09-09T01:02:45Z
Re-evaluate stalled agent PRs (consolidated)	success	102297359410	2026-09-09T01:02:59Z
Name keepalive sweep mode	success	102297359140	2026-09-09T01:02:50Z
health / Fix failing checks	skipped	102287891304	2026-09-09T00:18:31Z
health / Nudge stalled PRs	skipped	102287890622	2026-09-09T00:18:31Z
health / Resolve conflicts	skipped	102287890618	2026-09-09T00:18:31Z
health / Health summary	success	102287890349	2026-09-09T00:18:36Z
health / Scan open PRs	success	102287803335	2026-09-09T00:18:31Z
health / Schedule gate	success	102287778745	2026-09-09T00:18:08Z
Re-evaluate stalled agent PRs (non-consolidated)	skipped	102276192002	2026-09-08T23:26:21Z
Re-evaluate stalled agent PRs (consolidated)	success	102276191232	2026-09-08T23:26:35Z
Name keepalive sweep mode	success	102276191225	2026-09-08T23:26:27Z
health / Resolve conflicts	skipped	102271392919	2026-09-08T23:06:17Z
health / Fix failing checks	skipped	102271392894	2026-09-08T23:06:17Z
health / Nudge stalled PRs	skipped	102271392392	2026-09-08T23:06:17Z
health / Health summary	success	102271391617	2026-09-08T23:06:23Z
health / Scan open PRs	success	102271326949	2026-09-08T23:06:17Z
health / Schedule gate	success	102271302399	2026-09-08T23:06:01Z
Re-evaluate stalled agent PRs (non-consolidated)	skipped	102261560593	2026-09-08T22:27:15Z
Name keepalive sweep mode	success	102261559626	2026-09-08T22:27:23Z
Re-evaluate stalled agent PRs (consolidated)	success	102261559306	2026-09-08T22:27:34Z
health / Fix failing checks	skipped	102255699314	2026-09-08T22:06:20Z
health / Resolve conflicts	skipped	102255699189	2026-09-08T22:06:20Z
health / Nudge stalled PRs	skipped	102255698895	2026-09-08T22:06:20Z
health / Health summary	success	102255697929	2026-09-08T22:06:26Z
health / Scan open PRs	success	102255618078	2026-09-08T22:06:19Z
health / Schedule gate	success	102255590150	2026-09-08T22:06:03Z
Re-evaluate stalled agent PRs (non-consolidated)	skipped	102244088756	2026-09-08T21:26:11Z
Re-evaluate stalled agent PRs (consolidated)	success	102244087382	2026-09-08T21:26:26Z
Name keepalive sweep mode	success	102244087030	2026-09-08T21:26:16Z
health / Nudge stalled PRs	skipped	102237531708	2026-09-08T21:05:23Z
health / Resolve conflicts	skipped	102237531302	2026-09-08T21:05:23Z
health / Fix failing checks	skipped	102237531000	2026-09-08T21:05:23Z
health / Health summary	success	102237530773	2026-09-08T21:05:28Z
health / Scan open PRs	success	102237440891	2026-09-08T21:05:23Z
health / Schedule gate	success	102237414084	2026-09-08T21:05:06Z
Re-evaluate stalled agent PRs (non-consolidated)	skipped	102225918971	2026-09-08T20:29:04Z
Name keepalive sweep mode	success	102225917361	2026-09-08T20:29:09Z
Re-evaluate stalled agent PRs (consolidated)	success	102225917151	2026-09-08T20:29:15Z
health / Fix failing checks	skipped	102218681920	2026-09-08T20:06:56Z
health / Nudge stalled PRs	skipped	102218681726	2026-09-08T20:06:56Z
health / Resolve conflicts	skipped	102218681146	2026-09-08T20:06:56Z
health / Health summary	success	102218680824	2026-09-08T20:07:02Z
health / Scan open PRs	success	102218565050	2026-09-08T20:06:56Z
health / Schedule gate	success	102218523308	2026-09-08T20:06:35Z
Record autofix dispatch completion	skipped	102214410057	2026-09-08T19:54:06Z
autofix	skipped	102214409939	2026-09-08T19:54:06Z
Resolve Context	success	102214357164	2026-09-08T19:54:06Z
Python CI / logs summary	success	102214253918	2026-09-08T19:53:52Z
auto-label	success	102214150574	2026-09-08T19:53:24Z
check	success	102214150050	2026-09-08T19:53:36Z
Python CI / python 3.12	success	102214108219	2026-09-08T19:53:36Z
Python CI / python 3.13	success	102214108204	2026-09-08T19:53:32Z
Python CI / select reusable CI scope	success	102214037954	2026-09-08T19:53:09Z
Python CI / lint-ruff	success	102214037940	2026-09-08T19:53:10Z
Python CI / lint-format	success	102214037900	2026-09-08T19:53:17Z
Python CI / typecheck-mypy	success	102214037855	2026-09-08T19:53:16Z
Python CI / Validate inputs	success	102214002946	2026-09-08T19:52:55Z
cross-repo smoke	skipped	102214001914	2026-09-08T19:52:48Z
