Re-evaluate stalled agent PRs (non-consolidated)	skipped	103339421038	2026-09-11T16:31:03Z
Name keepalive sweep mode	success	103339419405	2026-09-11T16:31:09Z
Re-evaluate stalled agent PRs (consolidated)	success	103339418978	2026-09-11T16:31:16Z
health / Resolve conflicts	skipped	103335597527	2026-09-11T16:19:05Z
health / Nudge stalled PRs	skipped	103335597143	2026-09-11T16:19:05Z
health / Fix failing checks	skipped	103335596624	2026-09-11T16:19:05Z
health / Health summary	success	103335596029	2026-09-11T16:19:18Z
health / Scan open PRs	success	103335509928	2026-09-11T16:19:04Z
health / Schedule gate	success	103335475439	2026-09-11T16:18:48Z
Re-evaluate stalled agent PRs (non-consolidated)	skipped	103319283294	2026-09-11T15:29:07Z
Re-evaluate stalled agent PRs (consolidated)	success	103319281907	2026-09-11T15:29:26Z
Name keepalive sweep mode	success	103319281569	2026-09-11T15:29:14Z
health / Resolve conflicts	skipped	103315261301	2026-09-11T15:17:02Z
health / Fix failing checks	skipped	103315260925	2026-09-11T15:17:02Z
health / Nudge stalled PRs	skipped	103315260235	2026-09-11T15:17:02Z
health / Health summary	success	103315259884	2026-09-11T15:17:08Z
health / Scan open PRs	success	103315164039	2026-09-11T15:17:02Z
health / Schedule gate	success	103315139356	2026-09-11T15:16:45Z
Re-evaluate stalled agent PRs (non-consolidated)	skipped	103299690663	2026-09-11T14:30:45Z
Name keepalive sweep mode	success	103299689539	2026-09-11T14:30:59Z
Re-evaluate stalled agent PRs (consolidated)	success	103299689232	2026-09-11T14:31:02Z
health / Resolve conflicts	skipped	103295594659	2026-09-11T14:18:27Z
health / Fix failing checks	skipped	103295594402	2026-09-11T14:18:27Z
health / Nudge stalled PRs	skipped	103295594088	2026-09-11T14:18:27Z
health / Health summary	success	103295593259	2026-09-11T14:18:31Z
health / Scan open PRs	success	103295527166	2026-09-11T14:18:26Z
health / Schedule gate	success	103295494227	2026-09-11T14:18:14Z
Re-evaluate stalled agent PRs (non-consolidated)	skipped	103279860046	2026-09-11T13:29:31Z
Re-evaluate stalled agent PRs (consolidated)	success	103279858358	2026-09-11T13:29:45Z
Name keepalive sweep mode	success	103279858060	2026-09-11T13:29:35Z
health / Resolve conflicts	skipped	103276060636	2026-09-11T13:17:12Z
health / Fix failing checks	skipped	103276060100	2026-09-11T13:17:12Z
health / Nudge stalled PRs	skipped	103276059339	2026-09-11T13:17:12Z
health / Health summary	success	103276058956	2026-09-11T13:17:18Z
health / Scan open PRs	success	103275995450	2026-09-11T13:17:11Z
health / Schedule gate	success	103275971109	2026-09-11T13:16:59Z
Re-evaluate stalled agent PRs (non-consolidated)	skipped	103265028097	2026-09-11T12:40:05Z
Name keepalive sweep mode	success	103265026785	2026-09-11T12:40:11Z
Re-evaluate stalled agent PRs (consolidated)	success	103265026414	2026-09-11T12:40:20Z
health / Resolve conflicts	skipped	103261318904	2026-09-11T12:26:56Z
health / Fix failing checks	skipped	103261318787	2026-09-11T12:26:56Z
health / Nudge stalled PRs	skipped	103261318465	2026-09-11T12:26:56Z
health / Health summary	success	103261318186	2026-09-11T12:27:01Z
health / Scan open PRs	success	103261235132	2026-09-11T12:26:56Z
health / Schedule gate	success	103261215748	2026-09-11T12:26:38Z
Re-evaluate stalled agent PRs (non-consolidated)	skipped	103245957583	2026-09-11T11:28:03Z
Re-evaluate stalled agent PRs (consolidated)	success	103245956959	2026-09-11T11:28:16Z
Name keepalive sweep mode	success	103245956653	2026-09-11T11:28:07Z
health / Fix failing checks	skipped	103242935413	2026-09-11T11:16:13Z
health / Nudge stalled PRs	skipped	103242934966	2026-09-11T11:16:13Z
health / Resolve conflicts	skipped	103242934794	2026-09-11T11:16:13Z
health / Health summary	success	103242934342	2026-09-11T11:16:17Z
health / Scan open PRs	success	103242844190	2026-09-11T11:16:12Z
health / Schedule gate	success	103242818718	2026-09-11T11:15:52Z
Re-evaluate stalled agent PRs (non-consolidated)	skipped	103231238645	2026-09-11T10:29:43Z
Re-evaluate stalled agent PRs (consolidated)	success	103231237908	2026-09-11T10:30:00Z
Name keepalive sweep mode	success	103231237680	2026-09-11T10:29:49Z
health / Fix failing checks	skipped	103228226611	2026-09-11T10:18:03Z
health / Resolve conflicts	skipped	103228226571	2026-09-11T10:18:03Z
health / Nudge stalled PRs	skipped	103228226425	2026-09-11T10:18:03Z
health / Health summary	success	103228225505	2026-09-11T10:18:08Z
health / Scan open PRs	success	103228170058	2026-09-11T10:18:03Z
health / Schedule gate	success	103228142382	2026-09-11T10:17:50Z
Re-evaluate stalled agent PRs (non-consolidated)	skipped	103215840949	2026-09-11T09:31:16Z
Name keepalive sweep mode	success	103215840035	2026-09-11T09:31:23Z
Re-evaluate stalled agent PRs (consolidated)	success	103215839802	2026-09-11T09:31:27Z
health / Resolve conflicts	skipped	103212679280	2026-09-11T09:19:42Z
health / Nudge stalled PRs	skipped	103212679025	2026-09-11T09:19:42Z
health / Fix failing checks	skipped	103212679003	2026-09-11T09:19:42Z
health / Health summary	success	103212678280	2026-09-11T09:19:47Z
health / Scan open PRs	success	103212615254	2026-09-11T09:19:42Z
health / Schedule gate	success	103212596289	2026-09-11T09:19:28Z
Re-evaluate stalled agent PRs (non-consolidated)	skipped	103201148078	2026-09-11T08:36:25Z
Re-evaluate stalled agent PRs (consolidated)	success	103201147081	2026-09-11T08:36:43Z
Name keepalive sweep mode	success	103201146916	2026-09-11T08:36:31Z
health / Nudge stalled PRs	skipped	103197952532	2026-09-11T08:24:10Z
health / Fix failing checks	skipped	103197952346	2026-09-11T08:24:10Z
health / Resolve conflicts	skipped	103197952331	2026-09-11T08:24:10Z
health / Health summary	success	103197951698	2026-09-11T08:24:15Z
health / Scan open PRs	success	103197896133	2026-09-11T08:24:10Z
health / Schedule gate	success	103197873706	2026-09-11T08:23:57Z
Re-evaluate stalled agent PRs (non-consolidated)	skipped	103184669262	2026-09-11T07:31:33Z
Re-evaluate stalled agent PRs (consolidated)	success	103184668274	2026-09-11T07:31:44Z
Name keepalive sweep mode	success	103184667987	2026-09-11T07:31:38Z
health / Resolve conflicts	skipped	103181719036	2026-09-11T07:19:20Z
health / Fix failing checks	skipped	103181718797	2026-09-11T07:19:20Z
health / Nudge stalled PRs	skipped	103181718769	2026-09-11T07:19:20Z
health / Health summary	success	103181717965	2026-09-11T07:19:25Z
health / Scan open PRs	success	103181658071	2026-09-11T07:19:20Z
health / Schedule gate	success	103181634647	2026-09-11T07:19:06Z
coverage guard outcome	success	103176514366	2026-09-11T06:57:52Z
coverage baseline monitor	success	103176468124	2026-09-11T06:57:47Z
Rate limit gate	success	103176419047	2026-09-11T06:57:35Z
Re-evaluate stalled agent PRs (non-consolidated)	skipped	103173457644	2026-09-11T06:44:00Z
Re-evaluate stalled agent PRs (consolidated)	success	103173456489	2026-09-11T06:44:14Z
Name keepalive sweep mode	success	103173456390	2026-09-11T06:44:05Z
health / Resolve conflicts	skipped	103170411420	2026-09-11T06:29:56Z
health / Nudge stalled PRs	skipped	103170411253	2026-09-11T06:29:56Z
health / Fix failing checks	skipped	103170410803	2026-09-11T06:29:56Z
health / Health summary	success	103170410299	2026-09-11T06:30:00Z
health / Scan open PRs	success	103170340877	2026-09-11T06:29:55Z
health / Schedule gate	success	103170325246	2026-09-11T06:29:35Z
Re-evaluate stalled agent PRs (non-consolidated)	skipped	103158576700	2026-09-11T05:29:22Z
Name keepalive sweep mode	success	103158575879	2026-09-11T05:29:26Z
Re-evaluate stalled agent PRs (consolidated)	success	103158575563	2026-09-11T05:29:31Z
health / Nudge stalled PRs	skipped	103156408434	2026-09-11T05:17:47Z
health / Resolve conflicts	skipped	103156408260	2026-09-11T05:17:47Z
health / Fix failing checks	skipped	103156408194	2026-09-11T05:17:47Z
health / Health summary	success	103156407676	2026-09-11T05:17:51Z
health / Scan open PRs	success	103156351421	2026-09-11T05:17:47Z
health / Schedule gate	success	103156330027	2026-09-11T05:17:29Z
Re-evaluate stalled agent PRs (non-consolidated)	skipped	103148429098	2026-09-11T04:33:56Z
Re-evaluate stalled agent PRs (consolidated)	success	103148427899	2026-09-11T04:34:11Z
Name keepalive sweep mode	success	103148427634	2026-09-11T04:34:01Z
health / Nudge stalled PRs	skipped	103146129272	2026-09-11T04:21:12Z
health / Fix failing checks	skipped	103146129018	2026-09-11T04:21:12Z
health / Resolve conflicts	skipped	103146128739	2026-09-11T04:21:12Z
health / Health summary	success	103146128230	2026-09-11T04:21:18Z
health / Scan open PRs	success	103146091731	2026-09-11T04:21:12Z
health / Schedule gate	success	103146074249	2026-09-11T04:20:59Z
Re-evaluate stalled agent PRs (non-consolidated)	skipped	103137433838	2026-09-11T03:34:00Z
Re-evaluate stalled agent PRs (consolidated)	success	103137432686	2026-09-11T03:34:13Z
Name keepalive sweep mode	success	103137432573	2026-09-11T03:34:06Z
health / Resolve conflicts	skipped	103135020195	2026-09-11T03:21:14Z
health / Fix failing checks	skipped	103135019888	2026-09-11T03:21:14Z
health / Nudge stalled PRs	skipped	103135019877	2026-09-11T03:21:14Z
health / Health summary	success	103135019445	2026-09-11T03:21:18Z
health / Scan open PRs	success	103134958838	2026-09-11T03:21:13Z
health / Schedule gate	success	103134941102	2026-09-11T03:20:54Z
Re-evaluate stalled agent PRs (non-consolidated)	skipped	103126701964	2026-09-11T02:37:29Z
Re-evaluate stalled agent PRs (consolidated)	success	103126701173	2026-09-11T02:37:40Z
Name keepalive sweep mode	success	103126701086	2026-09-11T02:37:33Z
health / Nudge stalled PRs	skipped	103124347797	2026-09-11T02:25:31Z
health / Fix failing checks	skipped	103124347608	2026-09-11T02:25:31Z
health / Resolve conflicts	skipped	103124347565	2026-09-11T02:25:31Z
health / Health summary	success	103124347044	2026-09-11T02:25:36Z
health / Scan open PRs	success	103124306495	2026-09-11T02:25:31Z
health / Schedule gate	success	103124280867	2026-09-11T02:25:19Z
Re-evaluate stalled agent PRs (non-consolidated)	skipped	103114784498	2026-09-11T01:36:44Z
Re-evaluate stalled agent PRs (consolidated)	success	103114783698	2026-09-11T01:36:55Z
Name keepalive sweep mode	success	103114783440	2026-09-11T01:36:50Z
health / Resolve conflicts	skipped	103112551648	2026-09-11T01:25:41Z
health / Nudge stalled PRs	skipped	103112551416	2026-09-11T01:25:41Z
health / Fix failing checks	skipped	103112551057	2026-09-11T01:25:41Z
health / Health summary	success	103112550699	2026-09-11T01:25:54Z
health / Scan open PRs	success	103112505104	2026-09-11T01:25:41Z
health / Schedule gate	success	103112487657	2026-09-11T01:25:28Z
Re-evaluate stalled agent PRs (non-consolidated)	skipped	103107407915	2026-09-11T01:00:46Z
Re-evaluate stalled agent PRs (consolidated)	success	103107407077	2026-09-11T01:00:57Z
Name keepalive sweep mode	success	103107406785	2026-09-11T01:00:52Z
health / Fix failing checks	skipped	103104495686	2026-09-11T00:46:48Z
health / Nudge stalled PRs	skipped	103104495634	2026-09-11T00:46:48Z
health / Resolve conflicts	skipped	103104495516	2026-09-11T00:46:48Z
health / Health summary	success	103104495076	2026-09-11T00:46:52Z
health / Scan open PRs	success	103104446084	2026-09-11T00:46:48Z
health / Schedule gate	success	103104427350	2026-09-11T00:46:34Z
Re-evaluate stalled agent PRs (non-consolidated)	skipped	103086944588	2026-09-10T23:26:24Z
Name keepalive sweep mode	success	103086943674	2026-09-10T23:26:28Z
Re-evaluate stalled agent PRs (consolidated)	success	103086943516	2026-09-10T23:26:37Z
health / Resolve conflicts	skipped	103083975077	2026-09-10T23:13:42Z
health / Nudge stalled PRs	skipped	103083975057	2026-09-10T23:13:42Z
health / Fix failing checks	skipped	103083974977	2026-09-10T23:13:42Z
health / Health summary	success	103083974399	2026-09-10T23:13:47Z
health / Scan open PRs	success	103083906563	2026-09-10T23:13:42Z
health / Schedule gate	success	103083883590	2026-09-10T23:13:25Z
Re-evaluate stalled agent PRs (non-consolidated)	skipped	103072476143	2026-09-10T22:27:17Z
Name keepalive sweep mode	success	103072475382	2026-09-10T22:27:21Z
Re-evaluate stalled agent PRs (consolidated)	success	103072475134	2026-09-10T22:27:30Z
health / Nudge stalled PRs	skipped	103069180235	2026-09-10T22:15:03Z
health / Resolve conflicts	skipped	103069180153	2026-09-10T22:15:03Z
health / Fix failing checks	skipped	103069179633	2026-09-10T22:15:03Z
health / Health summary	success	103069178751	2026-09-10T22:15:09Z
health / Scan open PRs	success	103069053203	2026-09-10T22:15:03Z
health / Schedule gate	success	103069022043	2026-09-10T22:14:35Z
Re-evaluate stalled agent PRs (non-consolidated)	skipped	103055407053	2026-09-10T21:26:41Z
Re-evaluate stalled agent PRs (consolidated)	success	103055405971	2026-09-10T21:26:55Z
Name keepalive sweep mode	success	103055405715	2026-09-10T21:26:46Z
health / Nudge stalled PRs	skipped	103051519754	2026-09-10T21:14:11Z
health / Fix failing checks	skipped	103051519229	2026-09-10T21:14:11Z
health / Resolve conflicts	skipped	103051519092	2026-09-10T21:14:11Z
health / Health summary	success	103051517904	2026-09-10T21:14:15Z
health / Scan open PRs	success	103051380761	2026-09-10T21:14:11Z
health / Schedule gate	success	103051359732	2026-09-10T21:13:45Z
Re-evaluate stalled agent PRs (non-consolidated)	skipped	103036623576	2026-09-10T20:27:43Z
Re-evaluate stalled agent PRs (consolidated)	success	103036622541	2026-09-10T20:27:56Z
Name keepalive sweep mode	success	103036622187	2026-09-10T20:27:51Z
health / Nudge stalled PRs	skipped	103032778508	2026-09-10T20:16:11Z
health / Fix failing checks	skipped	103032778440	2026-09-10T20:16:11Z
health / Resolve conflicts	skipped	103032778230	2026-09-10T20:16:11Z
health / Health summary	success	103032776904	2026-09-10T20:16:17Z
health / Scan open PRs	success	103032666225	2026-09-10T20:16:10Z
health / Schedule gate	success	103032634980	2026-09-10T20:15:51Z
Re-evaluate stalled agent PRs (non-consolidated)	skipped	103015853834	2026-09-10T19:25:17Z
Name keepalive sweep mode	success	103015852056	2026-09-10T19:25:22Z
Re-evaluate stalled agent PRs (consolidated)	success	103015851791	2026-09-10T19:25:31Z
health / Fix failing checks	skipped	103011731158	2026-09-10T19:13:02Z
health / Resolve conflicts	skipped	103011731042	2026-09-10T19:13:02Z
health / Nudge stalled PRs	skipped	103011731026	2026-09-10T19:13:02Z
health / Health summary	success	103011730760	2026-09-10T19:13:08Z
health / Scan open PRs	success	103011649801	2026-09-10T19:13:02Z
health / Schedule gate	success	103011618032	2026-09-10T19:12:47Z
Re-evaluate stalled agent PRs (non-consolidated)	skipped	102997913336	2026-09-10T18:32:16Z
Re-evaluate stalled agent PRs (consolidated)	success	102997911580	2026-09-10T18:32:31Z
Name keepalive sweep mode	success	102997911418	2026-09-10T18:32:22Z
health / Resolve conflicts	skipped	102993832700	2026-09-10T18:20:23Z
health / Fix failing checks	skipped	102993832621	2026-09-10T18:20:23Z
health / Nudge stalled PRs	skipped	102993832517	2026-09-10T18:20:23Z
health / Health summary	success	102993831471	2026-09-10T18:20:30Z
health / Scan open PRs	success	102993717327	2026-09-10T18:20:23Z
health / Schedule gate	success	102993680505	2026-09-10T18:20:05Z
Re-evaluate stalled agent PRs (non-consolidated)	skipped	102975762320	2026-09-10T17:27:03Z
Re-evaluate stalled agent PRs (consolidated)	success	102975760542	2026-09-10T17:27:15Z
Name keepalive sweep mode	success	102975760245	2026-09-10T17:27:10Z
health / Fix failing checks	skipped	102971923531	2026-09-10T17:15:47Z
health / Resolve conflicts	skipped	102971923377	2026-09-10T17:15:47Z
health / Nudge stalled PRs	skipped	102971922530	2026-09-10T17:15:47Z
health / Health summary	success	102971922042	2026-09-10T17:15:53Z
health / Scan open PRs	success	102971803064	2026-09-10T17:15:46Z
health / Schedule gate	success	102971773780	2026-09-10T17:15:26Z
Re-evaluate stalled agent PRs (non-consolidated)	skipped	102956104616	2026-09-10T16:29:15Z
Name keepalive sweep mode	success	102956103649	2026-09-10T16:29:20Z
Re-evaluate stalled agent PRs (consolidated)	success	102956103357	2026-09-10T16:29:29Z
health / Fix failing checks	skipped	102952118032	2026-09-10T16:17:54Z
health / Resolve conflicts	skipped	102952118018	2026-09-10T16:17:54Z
health / Nudge stalled PRs	skipped	102952117867	2026-09-10T16:17:54Z
health / Health summary	success	102952117289	2026-09-10T16:18:05Z
health / Scan open PRs	success	102952039803	2026-09-10T16:17:54Z
health / Schedule gate	success	102952003107	2026-09-10T16:17:41Z
Re-evaluate stalled agent PRs (non-consolidated)	skipped	102934488286	2026-09-10T15:29:44Z
Name keepalive sweep mode	success	102934486558	2026-09-10T15:29:50Z
Re-evaluate stalled agent PRs (consolidated)	success	102934486120	2026-09-10T15:29:58Z
health / Fix failing checks	skipped	102929960069	2026-09-10T15:17:35Z
health / Resolve conflicts	skipped	102929959907	2026-09-10T15:17:35Z
health / Nudge stalled PRs	skipped	102929959224	2026-09-10T15:17:35Z
health / Health summary	success	102929958677	2026-09-10T15:17:41Z
health / Scan open PRs	success	102929854084	2026-09-10T15:17:34Z
health / Schedule gate	success	102929819119	2026-09-10T15:17:17Z
Re-evaluate stalled agent PRs (non-consolidated)	skipped	102911979285	2026-09-10T14:29:44Z
Re-evaluate stalled agent PRs (consolidated)	success	102911977845	2026-09-10T14:29:59Z
Name keepalive sweep mode	success	102911977686	2026-09-10T14:29:51Z
health / Resolve conflicts	skipped	102907137812	2026-09-10T14:16:47Z
health / Fix failing checks	skipped	102907137525	2026-09-10T14:16:47Z
health / Nudge stalled PRs	skipped	102907137182	2026-09-10T14:16:47Z
health / Health summary	success	102907135773	2026-09-10T14:16:53Z
health / Scan open PRs	success	102907050798	2026-09-10T14:16:47Z
health / Schedule gate	success	102907017510	2026-09-10T14:16:34Z
Re-evaluate stalled agent PRs (non-consolidated)	skipped	102889498689	2026-09-10T13:27:52Z
Re-evaluate stalled agent PRs (consolidated)	success	102889496966	2026-09-10T13:28:08Z
Name keepalive sweep mode	success	102889496561	2026-09-10T13:27:57Z
health / Nudge stalled PRs	skipped	102885623178	2026-09-10T13:16:45Z
health / Resolve conflicts	skipped	102885622920	2026-09-10T13:16:45Z
health / Fix failing checks	skipped	102885622575	2026-09-10T13:16:45Z
health / Health summary	success	102885621714	2026-09-10T13:16:49Z
health / Scan open PRs	success	102885540198	2026-09-10T13:16:44Z
health / Schedule gate	success	102885512859	2026-09-10T13:16:30Z
Re-evaluate stalled agent PRs (non-consolidated)	skipped	102873655378	2026-09-10T12:40:41Z
Re-evaluate stalled agent PRs (consolidated)	success	102873654458	2026-09-10T12:40:55Z
Name keepalive sweep mode	success	102873654139	2026-09-10T12:40:46Z
health / Fix failing checks	skipped	102869305321	2026-09-10T12:26:48Z
health / Resolve conflicts	skipped	102869304812	2026-09-10T12:26:48Z
health / Health summary	success	102869303922	2026-09-10T12:26:53Z
health / Nudge stalled PRs	skipped	102869303148	2026-09-10T12:26:48Z
health / Scan open PRs	success	102869195236	2026-09-10T12:26:48Z
health / Schedule gate	success	102869153471	2026-09-10T12:26:27Z
Re-evaluate stalled agent PRs (non-consolidated)	skipped	102852083288	2026-09-10T11:28:17Z
Re-evaluate stalled agent PRs (consolidated)	success	102852081738	2026-09-10T11:28:28Z
Name keepalive sweep mode	success	102852081488	2026-09-10T11:28:24Z
health / Nudge stalled PRs	skipped	102848715599	2026-09-10T11:16:14Z
health / Fix failing checks	skipped	102848715175	2026-09-10T11:16:14Z
health / Resolve conflicts	skipped	102848714635	2026-09-10T11:16:14Z
health / Health summary	success	102848714129	2026-09-10T11:16:19Z
health / Scan open PRs	success	102848600322	2026-09-10T11:16:14Z
health / Schedule gate	success	102848581919	2026-09-10T11:15:49Z
Re-evaluate stalled agent PRs (non-consolidated)	skipped	102835858699	2026-09-10T10:30:13Z
Name keepalive sweep mode	success	102835857652	2026-09-10T10:30:17Z
Re-evaluate stalled agent PRs (consolidated)	success	102835857311	2026-09-10T10:30:28Z
health / Fix failing checks	skipped	102832485514	2026-09-10T10:18:13Z
health / Nudge stalled PRs	skipped	102832485249	2026-09-10T10:18:13Z
health / Resolve conflicts	skipped	102832485008	2026-09-10T10:18:13Z
health / Health summary	success	102832484149	2026-09-10T10:18:18Z
health / Scan open PRs	success	102832369353	2026-09-10T10:18:13Z
health / Schedule gate	success	102832342312	2026-09-10T10:17:50Z
Re-evaluate stalled agent PRs (non-consolidated)	skipped	102819106150	2026-09-10T09:32:13Z
Name keepalive sweep mode	success	102819104962	2026-09-10T09:32:19Z
Re-evaluate stalled agent PRs (consolidated)	success	102819104820	2026-09-10T09:32:26Z
health / Fix failing checks	skipped	102815420981	2026-09-10T09:19:53Z
health / Nudge stalled PRs	skipped	102815420646	2026-09-10T09:19:53Z
health / Resolve conflicts	skipped	102815420080	2026-09-10T09:19:53Z
health / Health summary	success	102815419547	2026-09-10T09:19:59Z
health / Scan open PRs	success	102815329031	2026-09-10T09:19:52Z
health / Schedule gate	success	102815303876	2026-09-10T09:19:34Z
Re-evaluate stalled agent PRs (non-consolidated)	skipped	102802853336	2026-09-10T08:37:08Z
Re-evaluate stalled agent PRs (consolidated)	success	102802852117	2026-09-10T08:37:19Z
Name keepalive sweep mode	success	102802851808	2026-09-10T08:37:14Z
health / Nudge stalled PRs	skipped	102799340715	2026-09-10T08:25:02Z
health / Resolve conflicts	skipped	102799340165	2026-09-10T08:25:02Z
health / Fix failing checks	skipped	102799340133	2026-09-10T08:25:02Z
health / Health summary	success	102799339805	2026-09-10T08:25:09Z
health / Scan open PRs	success	102799279262	2026-09-10T08:25:02Z
health / Schedule gate	success	102799258999	2026-09-10T08:24:49Z
Re-evaluate stalled agent PRs (non-consolidated)	skipped	102784677456	2026-09-10T07:32:00Z
Name keepalive sweep mode	success	102784676783	2026-09-10T07:32:06Z
Re-evaluate stalled agent PRs (consolidated)	success	102784676681	2026-09-10T07:32:17Z
health / Nudge stalled PRs	skipped	102781545914	2026-09-10T07:20:05Z
health / Fix failing checks	skipped	102781545505	2026-09-10T07:20:05Z
health / Resolve conflicts	skipped	102781544654	2026-09-10T07:20:05Z
health / Health summary	success	102781543437	2026-09-10T07:20:10Z
health / Scan open PRs	success	102781434465	2026-09-10T07:20:05Z
health / Schedule gate	success	102781398617	2026-09-10T07:19:42Z
coverage guard outcome	success	102775858494	2026-09-10T06:58:12Z
coverage baseline monitor	success	102775819168	2026-09-10T06:58:07Z
Rate limit gate	success	102775757325	2026-09-10T06:57:57Z
Re-evaluate stalled agent PRs (non-consolidated)	skipped	102772580695	2026-09-10T06:44:34Z
Name keepalive sweep mode	success	102772580083	2026-09-10T06:45:49Z
Re-evaluate stalled agent PRs (consolidated)	success	102772580024	2026-09-10T06:44:45Z
health / Fix failing checks	skipped	102769422963	2026-09-10T06:30:58Z
health / Resolve conflicts	skipped	102769422775	2026-09-10T06:30:58Z
health / Nudge stalled PRs	skipped	102769422540	2026-09-10T06:30:58Z
health / Health summary	success	102769421937	2026-09-10T06:31:04Z
health / Scan open PRs	success	102769279462	2026-09-10T06:30:58Z
health / Schedule gate	success	102769252807	2026-09-10T06:30:23Z
Re-evaluate stalled agent PRs (non-consolidated)	skipped	102756597486	2026-09-10T05:29:16Z
Re-evaluate stalled agent PRs (consolidated)	success	102756596425	2026-09-10T05:29:27Z
Name keepalive sweep mode	success	102756596320	2026-09-10T05:29:20Z
health / Nudge stalled PRs	skipped	102754295091	2026-09-10T05:17:32Z
health / Resolve conflicts	skipped	102754294662	2026-09-10T05:17:32Z
health / Fix failing checks	skipped	102754294637	2026-09-10T05:17:32Z
health / Health summary	success	102754294303	2026-09-10T05:17:36Z
health / Scan open PRs	success	102754242015	2026-09-10T05:17:32Z
health / Schedule gate	success	102754226958	2026-09-10T05:17:16Z
Re-evaluate stalled agent PRs (non-consolidated)	skipped	102746002825	2026-09-10T04:33:48Z
Name keepalive sweep mode	success	102746001682	2026-09-10T04:33:54Z
Re-evaluate stalled agent PRs (consolidated)	success	102746001524	2026-09-10T04:34:05Z
health / Fix failing checks	skipped	102743546102	2026-09-10T04:20:53Z
health / Resolve conflicts	skipped	102743545914	2026-09-10T04:20:53Z
health / Nudge stalled PRs	skipped	102743545816	2026-09-10T04:20:53Z
health / Health summary	success	102743545183	2026-09-10T04:20:59Z
health / Scan open PRs	success	102743483998	2026-09-10T04:20:53Z
health / Schedule gate	success	102743463746	2026-09-10T04:20:34Z
Re-evaluate stalled agent PRs (non-consolidated)	skipped	102734677710	2026-09-10T03:34:06Z
Re-evaluate stalled agent PRs (consolidated)	success	102734677115	2026-09-10T03:34:21Z
Name keepalive sweep mode	success	102734677023	2026-09-10T03:34:12Z
health / Fix failing checks	skipped	102732332500	2026-09-10T03:21:41Z
health / Nudge stalled PRs	skipped	102732332470	2026-09-10T03:21:41Z
health / Resolve conflicts	skipped	102732332373	2026-09-10T03:21:41Z
health / Health summary	success	102732331857	2026-09-10T03:21:46Z
health / Scan open PRs	success	102732265894	2026-09-10T03:21:40Z
health / Schedule gate	success	102732247893	2026-09-10T03:21:20Z
Re-evaluate stalled agent PRs (non-consolidated)	skipped	102723831465	2026-09-10T02:37:23Z
Name keepalive sweep mode	success	102723830634	2026-09-10T02:37:29Z
Re-evaluate stalled agent PRs (consolidated)	success	102723830454	2026-09-10T02:37:34Z
health / Nudge stalled PRs	skipped	102721431523	2026-09-10T02:25:23Z
health / Resolve conflicts	skipped	102721431505	2026-09-10T02:25:23Z
health / Fix failing checks	skipped	102721431369	2026-09-10T02:25:23Z
health / Health summary	success	102721430657	2026-09-10T02:25:34Z
health / Scan open PRs	success	102721380124	2026-09-10T02:25:23Z
health / Schedule gate	success	102721356676	2026-09-10T02:25:09Z
Re-evaluate stalled agent PRs (non-consolidated)	skipped	102711707966	2026-09-10T01:36:28Z
Name keepalive sweep mode	success	102711707277	2026-09-10T01:36:32Z
Re-evaluate stalled agent PRs (consolidated)	success	102711707121	2026-09-10T01:36:45Z
health / Fix failing checks	skipped	102709509686	2026-09-10T01:25:36Z
health / Resolve conflicts	skipped	102709509597	2026-09-10T01:25:36Z
health / Nudge stalled PRs	skipped	102709509440	2026-09-10T01:25:36Z
health / Health summary	success	102709509236	2026-09-10T01:25:42Z
health / Scan open PRs	success	102709469167	2026-09-10T01:25:35Z
health / Schedule gate	success	102709447941	2026-09-10T01:25:23Z
Re-evaluate stalled agent PRs (non-consolidated)	skipped	102704484868	2026-09-10T01:01:18Z
Name keepalive sweep mode	success	102704484161	2026-09-10T01:01:23Z
Re-evaluate stalled agent PRs (consolidated)	success	102704483921	2026-09-10T01:01:35Z
health / Nudge stalled PRs	skipped	102701473421	2026-09-10T00:46:51Z
health / Resolve conflicts	skipped	102701472816	2026-09-10T00:46:51Z
health / Fix failing checks	skipped	102701472725	2026-09-10T00:46:51Z
health / Health summary	success	102701472215	2026-09-10T00:46:58Z
health / Scan open PRs	success	102701419261	2026-09-10T00:46:51Z
health / Schedule gate	success	102701400791	2026-09-10T00:46:36Z
Re-evaluate stalled agent PRs (non-consolidated)	skipped	102683902408	2026-09-09T23:26:56Z
Name keepalive sweep mode	success	102683901773	2026-09-09T23:27:03Z
Re-evaluate stalled agent PRs (consolidated)	success	102683901654	2026-09-09T23:27:09Z
health / Resolve conflicts	skipped	102681161852	2026-09-09T23:15:11Z
health / Fix failing checks	skipped	102681161594	2026-09-09T23:15:11Z
health / Nudge stalled PRs	skipped	102681161506	2026-09-09T23:15:11Z
health / Health summary	success	102681160980	2026-09-09T23:15:16Z
health / Scan open PRs	success	102681090208	2026-09-09T23:15:11Z
health / Schedule gate	success	102681063531	2026-09-09T23:14:54Z
Re-evaluate stalled agent PRs (non-consolidated)	skipped	102669323969	2026-09-09T22:27:36Z
Re-evaluate stalled agent PRs (consolidated)	success	102669322807	2026-09-09T22:27:48Z
Name keepalive sweep mode	success	102669322579	2026-09-09T22:27:41Z
health / Nudge stalled PRs	skipped	102665900833	2026-09-09T22:14:56Z
health / Resolve conflicts	skipped	102665900156	2026-09-09T22:14:56Z
health / Fix failing checks	skipped	102665899659	2026-09-09T22:14:56Z
health / Health summary	success	102665898938	2026-09-09T22:15:02Z
health / Scan open PRs	success	102665837816	2026-09-09T22:14:55Z
health / Schedule gate	success	102665808963	2026-09-09T22:14:42Z
Re-evaluate stalled agent PRs (non-consolidated)	skipped	102652338161	2026-09-09T21:27:28Z
Name keepalive sweep mode	success	102652336927	2026-09-09T21:27:35Z
Re-evaluate stalled agent PRs (consolidated)	success	102652336728	2026-09-09T21:27:45Z
health / Resolve conflicts	skipped	102648211036	2026-09-09T21:14:05Z
health / Fix failing checks	skipped	102648210516	2026-09-09T21:14:05Z
health / Nudge stalled PRs	skipped	102648210298	2026-09-09T21:14:05Z
health / Health summary	success	102648209553	2026-09-09T21:14:09Z
health / Scan open PRs	success	102648116206	2026-09-09T21:14:05Z
health / Schedule gate	success	102648092605	2026-09-09T21:13:48Z
Re-evaluate stalled agent PRs (non-consolidated)	skipped	102633633080	2026-09-09T20:29:12Z
Name keepalive sweep mode	success	102633631320	2026-09-09T20:29:18Z
Re-evaluate stalled agent PRs (consolidated)	success	102633631137	2026-09-09T20:29:28Z
health / Nudge stalled PRs	skipped	102629801731	2026-09-09T20:17:45Z
health / Fix failing checks	skipped	102629801599	2026-09-09T20:17:45Z
health / Resolve conflicts	skipped	102629801011	2026-09-09T20:17:45Z
health / Health summary	success	102629800215	2026-09-09T20:18:02Z
health / Scan open PRs	success	102629695441	2026-09-09T20:17:45Z
health / Schedule gate	success	102629670174	2026-09-09T20:17:27Z
Re-evaluate stalled agent PRs (non-consolidated)	skipped	102612774885	2026-09-09T19:26:55Z
Re-evaluate stalled agent PRs (consolidated)	success	102612773620	2026-09-09T19:27:08Z
Name keepalive sweep mode	success	102612773218	2026-09-09T19:27:00Z
health / Fix failing checks	skipped	102608476767	2026-09-09T19:14:01Z
health / Nudge stalled PRs	skipped	102608476629	2026-09-09T19:14:01Z
health / Resolve conflicts	skipped	102608476413	2026-09-09T19:14:01Z
health / Health summary	success	102608475304	2026-09-09T19:14:08Z
health / Scan open PRs	success	102608339127	2026-09-09T19:14:01Z
health / Schedule gate	success	102608312414	2026-09-09T19:13:36Z
Re-evaluate stalled agent PRs (non-consolidated)	skipped	102595092288	2026-09-09T18:34:23Z
Re-evaluate stalled agent PRs (consolidated)	success	102595091207	2026-09-09T18:34:38Z
Name keepalive sweep mode	success	102595090839	2026-09-09T18:34:27Z
health / Nudge stalled PRs	skipped	102591005840	2026-09-09T18:22:21Z
health / Fix failing checks	skipped	102591005525	2026-09-09T18:22:21Z
health / Resolve conflicts	skipped	102591005472	2026-09-09T18:22:21Z
health / Health summary	success	102591004662	2026-09-09T18:22:26Z
health / Scan open PRs	success	102590928038	2026-09-09T18:22:21Z
health / Schedule gate	success	102590889561	2026-09-09T18:22:07Z
Re-evaluate stalled agent PRs (non-consolidated)	skipped	102572484550	2026-09-09T17:28:08Z
Name keepalive sweep mode	success	102572483544	2026-09-09T17:28:14Z
Re-evaluate stalled agent PRs (consolidated)	success	102572483335	2026-09-09T17:28:59Z
health / Resolve conflicts	skipped	102568376330	2026-09-09T17:16:04Z
health / Fix failing checks	skipped	102568375459	2026-09-09T17:16:04Z
health / Nudge stalled PRs	skipped	102568375183	2026-09-09T17:16:04Z
health / Health summary	success	102568374819	2026-09-09T17:16:09Z
health / Scan open PRs	success	102568272352	2026-09-09T17:16:03Z
health / Schedule gate	success	102568025707	2026-09-09T17:15:46Z
Re-evaluate stalled agent PRs (non-consolidated)	skipped	102553283013	2026-09-09T16:32:01Z
Name keepalive sweep mode	success	102553281331	2026-09-09T16:32:07Z
Re-evaluate stalled agent PRs (consolidated)	success	102553281282	2026-09-09T16:32:25Z
health / Nudge stalled PRs	skipped	102548874506	2026-09-09T16:19:39Z
health / Resolve conflicts	skipped	102548873836	2026-09-09T16:19:39Z
health / Fix failing checks	skipped	102548873752	2026-09-09T16:19:39Z
health / Health summary	success	102548873200	2026-09-09T16:19:46Z
health / Scan open PRs	success	102548797597	2026-09-09T16:19:39Z
health / Schedule gate	success	102548771880	2026-09-09T16:19:26Z
Re-evaluate stalled agent PRs (non-consolidated)	skipped	102530697717	2026-09-09T15:30:09Z
Name keepalive sweep mode	success	102530693511	2026-09-09T15:30:13Z
Re-evaluate stalled agent PRs (consolidated)	success	102530693157	2026-09-09T15:30:20Z
health / Resolve conflicts	skipped	102525893810	2026-09-09T15:17:18Z
health / Nudge stalled PRs	skipped	102525893327	2026-09-09T15:17:18Z
health / Fix failing checks	skipped	102525892779	2026-09-09T15:17:18Z
health / Health summary	success	102525891640	2026-09-09T15:17:24Z
health / Scan open PRs	success	102525763576	2026-09-09T15:17:18Z
health / Schedule gate	success	102525725324	2026-09-09T15:16:58Z
Re-evaluate stalled agent PRs (non-consolidated)	skipped	102508269689	2026-09-09T14:30:55Z
Re-evaluate stalled agent PRs (consolidated)	success	102508268461	2026-09-09T14:31:08Z
Name keepalive sweep mode	success	102508268183	2026-09-09T14:31:00Z
health / Fix failing checks	skipped	102503394259	2026-09-09T14:17:54Z
health / Resolve conflicts	skipped	102503394135	2026-09-09T14:17:54Z
health / Nudge stalled PRs	skipped	102503393735	2026-09-09T14:17:54Z
health / Health summary	success	102503393258	2026-09-09T14:18:01Z
health / Scan open PRs	success	102503278853	2026-09-09T14:17:54Z
health / Schedule gate	success	102503249600	2026-09-09T14:17:36Z
Re-evaluate stalled agent PRs (non-consolidated)	skipped	102485778619	2026-09-09T13:30:23Z
Name keepalive sweep mode	success	102485776937	2026-09-09T13:30:30Z
Re-evaluate stalled agent PRs (consolidated)	success	102485776470	2026-09-09T13:30:35Z
health / Nudge stalled PRs	skipped	102481122916	2026-09-09T13:17:15Z
health / Fix failing checks	skipped	102481122750	2026-09-09T13:17:15Z
health / Resolve conflicts	skipped	102481122404	2026-09-09T13:17:15Z
health / Health summary	success	102481121723	2026-09-09T13:17:20Z
health / Scan open PRs	success	102481018722	2026-09-09T13:17:15Z
health / Schedule gate	success	102480990255	2026-09-09T13:16:58Z
Re-evaluate stalled agent PRs (non-consolidated)	skipped	102468601218	2026-09-09T12:40:29Z
Re-evaluate stalled agent PRs (consolidated)	success	102468600085	2026-09-09T12:40:41Z
Name keepalive sweep mode	success	102468599825	2026-09-09T12:40:35Z
health / Fix failing checks	skipped	102464212866	2026-09-09T12:26:59Z
health / Resolve conflicts	skipped	102464212800	2026-09-09T12:26:59Z
health / Nudge stalled PRs	skipped	102464212686	2026-09-09T12:26:59Z
health / Health summary	success	102464211406	2026-09-09T12:27:06Z
health / Scan open PRs	success	102464138973	2026-09-09T12:26:59Z
health / Schedule gate	success	102464110939	2026-09-09T12:26:44Z
Re-evaluate stalled agent PRs (non-consolidated)	skipped	102446852298	2026-09-09T11:28:44Z
Re-evaluate stalled agent PRs (consolidated)	success	102446850888	2026-09-09T11:28:54Z
Name keepalive sweep mode	success	102446850684	2026-09-09T11:28:51Z
health / Resolve conflicts	skipped	102443268138	2026-09-09T11:16:12Z
health / Nudge stalled PRs	skipped	102443267739	2026-09-09T11:16:12Z
health / Fix failing checks	skipped	102443267401	2026-09-09T11:16:12Z
health / Health summary	success	102443266747	2026-09-09T11:16:18Z
health / Scan open PRs	success	102443184268	2026-09-09T11:16:12Z
health / Schedule gate	success	102443153888	2026-09-09T11:15:54Z
Re-evaluate stalled agent PRs (non-consolidated)	skipped	102430155223	2026-09-09T10:30:29Z
Name keepalive sweep mode	success	102430154168	2026-09-09T10:30:34Z
Re-evaluate stalled agent PRs (consolidated)	success	102430153811	2026-09-09T10:30:42Z
health / Nudge stalled PRs	skipped	102426714395	2026-09-09T10:18:28Z
health / Resolve conflicts	skipped	102426714086	2026-09-09T10:18:28Z
health / Fix failing checks	skipped	102426713948	2026-09-09T10:18:28Z
health / Health summary	success	102426713634	2026-09-09T10:18:32Z
health / Scan open PRs	success	102426627907	2026-09-09T10:18:27Z
health / Schedule gate	success	102426599653	2026-09-09T10:18:10Z
Re-evaluate stalled agent PRs (non-consolidated)	skipped	102413159660	2026-09-09T09:32:40Z
Name keepalive sweep mode	success	102413158569	2026-09-09T09:33:54Z
Re-evaluate stalled agent PRs (consolidated)	success	102413158230	2026-09-09T09:33:04Z
health / Resolve conflicts	skipped	102409500230	2026-09-09T09:20:37Z
health / Fix failing checks	skipped	102409500029	2026-09-09T09:20:37Z
health / Nudge stalled PRs	skipped	102409499869	2026-09-09T09:20:37Z
health / Health summary	success	102409498742	2026-09-09T09:20:43Z
health / Scan open PRs	success	102409411439	2026-09-09T09:20:36Z
health / Schedule gate	success	102409378602	2026-09-09T09:20:19Z
Re-evaluate stalled agent PRs (non-consolidated)	skipped	102396044619	2026-09-09T08:35:48Z
Name keepalive sweep mode	success	102396043137	2026-09-09T08:35:53Z
Re-evaluate stalled agent PRs (consolidated)	success	102396042962	2026-09-09T08:36:02Z
health / Fix failing checks	skipped	102392726780	2026-09-09T08:24:38Z
health / Nudge stalled PRs	skipped	102392726732	2026-09-09T08:24:38Z
health / Resolve conflicts	skipped	102392726112	2026-09-09T08:24:38Z
health / Health summary	success	102392725233	2026-09-09T08:24:43Z
health / Scan open PRs	success	102392658772	2026-09-09T08:24:37Z
health / Schedule gate	success	102392620507	2026-09-09T08:24:24Z
Re-evaluate stalled agent PRs (non-consolidated)	skipped	102378069989	2026-09-09T07:32:16Z
Re-evaluate stalled agent PRs (consolidated)	success	102378069167	2026-09-09T07:32:29Z
Name keepalive sweep mode	success	102378068970	2026-09-09T07:32:22Z
health / Resolve conflicts	skipped	102374835306	2026-09-09T07:20:35Z
health / Nudge stalled PRs	skipped	102374835242	2026-09-09T07:20:35Z
health / Fix failing checks	skipped	102374835213	2026-09-09T07:20:35Z
health / Health summary	success	102374834569	2026-09-09T07:20:39Z
health / Scan open PRs	success	102374754835	2026-09-09T07:20:34Z
health / Schedule gate	success	102374735897	2026-09-09T07:20:17Z
coverage guard outcome	success	102369023257	2026-09-09T06:58:20Z
coverage baseline monitor	success	102368983856	2026-09-09T06:58:14Z
Rate limit gate	success	102368924183	2026-09-09T06:58:04Z
Re-evaluate stalled agent PRs (non-consolidated)	skipped	102365722439	2026-09-09T06:44:46Z
Name keepalive sweep mode	success	102365721789	2026-09-09T06:44:51Z
Re-evaluate stalled agent PRs (consolidated)	success	102365721629	2026-09-09T06:45:01Z
health / Fix failing checks	skipped	102362573841	2026-09-09T06:31:12Z
health / Resolve conflicts	skipped	102362573395	2026-09-09T06:31:12Z
health / Nudge stalled PRs	skipped	102362573344	2026-09-09T06:31:12Z
health / Health summary	success	102362572859	2026-09-09T06:31:16Z
health / Scan open PRs	success	102362509570	2026-09-09T06:31:12Z
health / Schedule gate	success	102362479206	2026-09-09T06:30:56Z
Re-evaluate stalled agent PRs (non-consolidated)	skipped	102349583205	2026-09-09T05:29:55Z
Re-evaluate stalled agent PRs (consolidated)	success	102349582034	2026-09-09T05:30:10Z
Name keepalive sweep mode	success	102349581797	2026-09-09T05:30:02Z
health / Nudge stalled PRs	skipped	102347233677	2026-09-09T05:17:58Z
health / Fix failing checks	skipped	102347233665	2026-09-09T05:17:58Z
health / Resolve conflicts	skipped	102347233496	2026-09-09T05:17:58Z
health / Health summary	success	102347233230	2026-09-09T05:18:03Z
health / Scan open PRs	success	102347178148	2026-09-09T05:17:57Z
health / Schedule gate	success	102347158739	2026-09-09T05:17:40Z
Re-evaluate stalled agent PRs (non-consolidated)	skipped	102338727212	2026-09-09T04:33:32Z
Re-evaluate stalled agent PRs (consolidated)	success	102338726263	2026-09-09T04:33:42Z
Name keepalive sweep mode	success	102338726121	2026-09-09T04:33:37Z
health / Nudge stalled PRs	skipped	102336399446	2026-09-09T04:21:12Z
health / Fix failing checks	skipped	102336399216	2026-09-09T04:21:12Z
health / Resolve conflicts	skipped	102336399201	2026-09-09T04:21:12Z
health / Health summary	success	102336398782	2026-09-09T04:21:18Z
health / Scan open PRs	success	102336320135	2026-09-09T04:21:11Z
health / Schedule gate	success	102336304336	2026-09-09T04:20:48Z
Re-evaluate stalled agent PRs (non-consolidated)	skipped	102327534969	2026-09-09T03:34:21Z
Re-evaluate stalled agent PRs (consolidated)	success	102327534400	2026-09-09T03:34:31Z
Name keepalive sweep mode	success	102327534201	2026-09-09T03:34:27Z
health / Nudge stalled PRs	skipped	102325070303	2026-09-09T03:21:23Z
health / Fix failing checks	skipped	102325070165	2026-09-09T03:21:23Z
health / Resolve conflicts	skipped	102325070065	2026-09-09T03:21:23Z
health / Health summary	success	102325069479	2026-09-09T03:21:28Z
health / Scan open PRs	success	102325024121	2026-09-09T03:21:23Z
health / Schedule gate	success	102325010835	2026-09-09T03:21:08Z
Re-evaluate stalled agent PRs (non-consolidated)	skipped	102316539251	2026-09-09T02:37:02Z
Name keepalive sweep mode	success	102316538551	2026-09-09T02:37:09Z
Re-evaluate stalled agent PRs (consolidated)	success	102316538293	2026-09-09T02:37:23Z
health / Nudge stalled PRs	skipped	102314032165	2026-09-09T02:24:35Z
health / Fix failing checks	skipped	102314032010	2026-09-09T02:24:35Z
health / Resolve conflicts	skipped	102314031757	2026-09-09T02:24:35Z
health / Health summary	success	102314031192	2026-09-09T02:24:42Z
health / Scan open PRs	success	102313971246	2026-09-09T02:24:35Z
health / Schedule gate	success	102313956430	2026-09-09T02:24:17Z
Re-evaluate stalled agent PRs (non-consolidated)	skipped	102304815793	2026-09-09T01:39:00Z
Re-evaluate stalled agent PRs (consolidated)	success	102304815028	2026-09-09T01:39:12Z
Name keepalive sweep mode	success	102304814863	2026-09-09T01:39:07Z
health / Fix failing checks	skipped	102302801351	2026-09-09T01:28:59Z
health / Nudge stalled PRs	skipped	102302801294	2026-09-09T01:28:59Z
health / Resolve conflicts	skipped	102302801273	2026-09-09T01:28:59Z
health / Health summary	success	102302800644	2026-09-09T01:29:06Z
health / Scan open PRs	success	102302744952	2026-09-09T01:28:59Z
health / Schedule gate	success	102302726916	2026-09-09T01:28:42Z
Re-evaluate stalled agent PRs (non-consolidated)	skipped	102297347490	2026-09-09T01:02:42Z
Re-evaluate stalled agent PRs (consolidated)	success	102297346614	2026-09-09T01:02:55Z
Name keepalive sweep mode	success	102297346399	2026-09-09T01:02:49Z
health / Nudge stalled PRs	skipped	102294430156	2026-09-09T00:48:49Z
health / Fix failing checks	skipped	102294430068	2026-09-09T00:48:49Z
health / Resolve conflicts	skipped	102294429992	2026-09-09T00:48:49Z
health / Health summary	success	102294429299	2026-09-09T00:48:53Z
health / Scan open PRs	success	102294352746	2026-09-09T00:48:48Z
health / Schedule gate	success	102294335120	2026-09-09T00:48:27Z
Re-evaluate stalled agent PRs (non-consolidated)	skipped	102276306822	2026-09-08T23:26:50Z
Re-evaluate stalled agent PRs (consolidated)	success	102276305794	2026-09-08T23:27:04Z
Name keepalive sweep mode	success	102276305481	2026-09-08T23:26:56Z
health / Resolve conflicts	skipped	102273559225	2026-09-08T23:15:20Z
health / Nudge stalled PRs	skipped	102273559199	2026-09-08T23:15:20Z
health / Fix failing checks	skipped	102273558924	2026-09-08T23:15:20Z
health / Health summary	success	102273558062	2026-09-08T23:15:27Z
health / Scan open PRs	success	102273492886	2026-09-08T23:15:19Z
health / Schedule gate	success	102273474864	2026-09-08T23:15:04Z
Re-evaluate stalled agent PRs (non-consolidated)	skipped	102261642494	2026-09-08T22:27:32Z
Re-evaluate stalled agent PRs (consolidated)	success	102261641357	2026-09-08T22:27:49Z
Name keepalive sweep mode	success	102261641068	2026-09-08T22:27:36Z
health / Nudge stalled PRs	skipped	102258213385	2026-09-08T22:15:18Z
health / Fix failing checks	skipped	102258213150	2026-09-08T22:15:18Z
health / Resolve conflicts	skipped	102258212927	2026-09-08T22:15:18Z
health / Health summary	success	102258212432	2026-09-08T22:15:22Z
health / Scan open PRs	success	102258153034	2026-09-08T22:15:18Z
health / Schedule gate	success	102258123251	2026-09-08T22:15:05Z
Re-evaluate stalled agent PRs (non-consolidated)	skipped	102244139891	2026-09-08T21:26:20Z
Name keepalive sweep mode	success	102244138309	2026-09-08T21:27:01Z
Re-evaluate stalled agent PRs (consolidated)	success	102244138012	2026-09-08T21:26:35Z
health / Resolve conflicts	skipped	102240337506	2026-09-08T21:14:07Z
health / Fix failing checks	skipped	102240337316	2026-09-08T21:14:07Z
health / Nudge stalled PRs	skipped	102240336136	2026-09-08T21:14:07Z
health / Health summary	success	102240335790	2026-09-08T21:14:12Z
health / Scan open PRs	success	102240224693	2026-09-08T21:14:07Z
health / Schedule gate	success	102240201621	2026-09-08T21:13:45Z
Re-evaluate stalled agent PRs (non-consolidated)	skipped	102225969337	2026-09-08T20:29:13Z
Name keepalive sweep mode	success	102225967866	2026-09-08T20:29:21Z
Re-evaluate stalled agent PRs (consolidated)	success	102225967630	2026-09-08T20:29:25Z
health / Resolve conflicts	skipped	102222059389	2026-09-08T20:17:10Z
health / Fix failing checks	skipped	102222059272	2026-09-08T20:17:10Z
health / Nudge stalled PRs	skipped	102222058648	2026-09-08T20:17:10Z
health / Health summary	success	102222057960	2026-09-08T20:17:17Z
health / Scan open PRs	success	102221944210	2026-09-08T20:17:10Z
health / Schedule gate	success	102221922056	2026-09-08T20:16:49Z
Re-evaluate stalled agent PRs (non-consolidated)	skipped	102205707877	2026-09-08T19:27:23Z
Re-evaluate stalled agent PRs (consolidated)	success	102205706105	2026-09-08T19:27:33Z
Name keepalive sweep mode	success	102205705845	2026-09-08T19:27:28Z
health / Fix failing checks	skipped	102201482048	2026-09-08T19:14:33Z
health / Resolve conflicts	skipped	102201481950	2026-09-08T19:14:33Z
health / Nudge stalled PRs	skipped	102201481419	2026-09-08T19:14:33Z
health / Health summary	success	102201481136	2026-09-08T19:14:37Z
health / Scan open PRs	success	102201414352	2026-09-08T19:14:32Z
health / Schedule gate	success	102201379688	2026-09-08T19:14:20Z
Re-evaluate stalled agent PRs (non-consolidated)	skipped	102188378904	2026-09-08T18:35:09Z
Name keepalive sweep mode	success	102188377386	2026-09-08T18:35:15Z
Re-evaluate stalled agent PRs (consolidated)	success	102188377125	2026-09-08T18:35:32Z
health / Resolve conflicts	skipped	102184392799	2026-09-08T18:23:07Z
health / Nudge stalled PRs	skipped	102184392269	2026-09-08T18:23:07Z
health / Fix failing checks	skipped	102184392168	2026-09-08T18:23:07Z
health / Health summary	success	102184391350	2026-09-08T18:23:13Z
health / Scan open PRs	success	102184292690	2026-09-08T18:23:07Z
health / Schedule gate	success	102184078687	2026-09-08T18:22:49Z
Re-evaluate stalled agent PRs (non-consolidated)	skipped	102166056202	2026-09-08T17:27:54Z
Name keepalive sweep mode	success	102166054315	2026-09-08T17:27:58Z
Re-evaluate stalled agent PRs (consolidated)	success	102166054238	2026-09-08T17:28:11Z
health / Nudge stalled PRs	skipped	102162427909	2026-09-08T17:17:14Z
health / Fix failing checks	skipped	102162427823	2026-09-08T17:17:14Z
health / Resolve conflicts	skipped	102162427696	2026-09-08T17:17:14Z
health / Health summary	success	102162426894	2026-09-08T17:17:21Z
health / Scan open PRs	success	102162337021	2026-09-08T17:17:14Z
health / Schedule gate	success	102162306239	2026-09-08T17:16:58Z
Re-evaluate stalled agent PRs (non-consolidated)	skipped	102147660400	2026-09-08T16:33:22Z
Name keepalive sweep mode	success	102147659483	2026-09-08T16:34:02Z
Re-evaluate stalled agent PRs (consolidated)	success	102147659086	2026-09-08T16:33:38Z
health / Resolve conflicts	skipped	102143217419	2026-09-08T16:20:26Z
health / Fix failing checks	skipped	102143217335	2026-09-08T16:20:26Z
health / Nudge stalled PRs	skipped	102143216938	2026-09-08T16:20:26Z
health / Health summary	success	102143216053	2026-09-08T16:20:32Z
health / Scan open PRs	success	102143119630	2026-09-08T16:20:25Z
health / Schedule gate	success	102143094056	2026-09-08T16:20:09Z
Re-evaluate stalled agent PRs (non-consolidated)	skipped	102125476290	2026-09-08T15:31:06Z
Re-evaluate stalled agent PRs (consolidated)	success	102125475155	2026-09-08T15:31:20Z
Name keepalive sweep mode	success	102125474722	2026-09-08T15:31:11Z
health / Resolve conflicts	skipped	102120890591	2026-09-08T15:18:43Z
health / Nudge stalled PRs	skipped	102120890156	2026-09-08T15:18:43Z
health / Fix failing checks	skipped	102120889780	2026-09-08T15:18:43Z
health / Health summary	success	102120888948	2026-09-08T15:18:51Z
health / Scan open PRs	success	102120802353	2026-09-08T15:18:43Z
health / Schedule gate	success	102120770842	2026-09-08T15:18:29Z
Re-evaluate stalled agent PRs (non-consolidated)	skipped	102103494456	2026-09-08T14:31:49Z
Re-evaluate stalled agent PRs (consolidated)	success	102103492709	2026-09-08T14:32:00Z
Name keepalive sweep mode	success	102103492431	2026-09-08T14:31:54Z
health / Fix failing checks	skipped	102099117483	2026-09-08T14:19:51Z
health / Nudge stalled PRs	skipped	102099116849	2026-09-08T14:19:51Z
health / Resolve conflicts	skipped	102099116823	2026-09-08T14:19:51Z
health / Health summary	success	102099115719	2026-09-08T14:19:55Z
health / Scan open PRs	success	102098982092	2026-09-08T14:19:51Z
health / Schedule gate	success	102098948541	2026-09-08T14:19:29Z
Re-evaluate stalled agent PRs (non-consolidated)	skipped	102081530601	2026-09-08T13:30:33Z
Re-evaluate stalled agent PRs (consolidated)	success	102081529093	2026-09-08T13:30:49Z
Name keepalive sweep mode	success	102081528893	2026-09-08T13:30:40Z
health / Resolve conflicts	skipped	102077470473	2026-09-08T13:18:52Z
health / Nudge stalled PRs	skipped	102077470096	2026-09-08T13:18:52Z
health / Fix failing checks	skipped	102077469948	2026-09-08T13:18:52Z
health / Health summary	success	102077469369	2026-09-08T13:18:58Z
health / Scan open PRs	success	102077395992	2026-09-08T13:18:51Z
health / Schedule gate	success	102077366824	2026-09-08T13:18:38Z
Record autofix dispatch completion	skipped	102069479355	2026-09-08T12:54:58Z
autofix	skipped	102069477869	2026-09-08T12:54:58Z
Resolve Context	success	102069436635	2026-09-08T12:54:57Z
Python CI / logs summary	success	102069336851	2026-09-08T12:54:46Z
auto-label	success	102069275406	2026-09-08T12:54:34Z
check	success	102069274959	2026-09-08T12:54:29Z
Python CI / python 3.13	success	102069150771	2026-09-08T12:54:25Z
Python CI / python 3.12	success	102069150561	2026-09-08T12:54:31Z
Python CI / lint-format	success	102069100442	2026-09-08T12:54:18Z
Python CI / typecheck-mypy	success	102069100243	2026-09-08T12:54:05Z
Python CI / lint-ruff	success	102069100205	2026-09-08T12:54:07Z
Python CI / select reusable CI scope	success	102069100158	2026-09-08T12:53:56Z
cross-repo smoke	skipped	102069069955	2026-09-08T12:53:42Z
Python CI / Validate inputs	success	102069069158	2026-09-08T12:53:47Z
