Re-evaluate stalled agent PRs (non-consolidated)	skipped	103339266784	2026-09-11T16:30:35Z
Re-evaluate stalled agent PRs (consolidated)	success	103339265514	2026-09-11T16:30:46Z
Name keepalive sweep mode	success	103339265254	2026-09-11T16:30:41Z
health / Resolve conflicts	skipped	103334911733	2026-09-11T16:16:56Z
health / Nudge stalled PRs	skipped	103334911347	2026-09-11T16:16:56Z
health / Fix failing checks	skipped	103334910626	2026-09-11T16:16:56Z
health / Health summary	success	103334910301	2026-09-11T16:17:00Z
health / Scan open PRs	success	103334816846	2026-09-11T16:16:55Z
health / Schedule gate	success	103334783575	2026-09-11T16:16:37Z
Re-evaluate stalled agent PRs (non-consolidated)	skipped	103319204273	2026-09-11T15:28:53Z
Name keepalive sweep mode	success	103319203340	2026-09-11T15:28:58Z
Re-evaluate stalled agent PRs (consolidated)	success	103319203094	2026-09-11T15:29:05Z
health / Nudge stalled PRs	skipped	103314540475	2026-09-11T15:14:55Z
health / Resolve conflicts	skipped	103314540331	2026-09-11T15:14:55Z
health / Fix failing checks	skipped	103314540102	2026-09-11T15:14:55Z
health / Health summary	success	103314538907	2026-09-11T15:15:01Z
health / Scan open PRs	success	103314471961	2026-09-11T15:14:54Z
health / Schedule gate	success	103314434605	2026-09-11T15:14:42Z
Re-evaluate stalled agent PRs (non-consolidated)	skipped	103299604443	2026-09-11T14:30:30Z
Re-evaluate stalled agent PRs (consolidated)	success	103299602982	2026-09-11T14:30:47Z
Name keepalive sweep mode	success	103299602426	2026-09-11T14:30:36Z
health / Resolve conflicts	skipped	103294872595	2026-09-11T14:16:15Z
health / Fix failing checks	skipped	103294872514	2026-09-11T14:16:15Z
health / Nudge stalled PRs	skipped	103294872222	2026-09-11T14:16:15Z
health / Health summary	success	103294871951	2026-09-11T14:16:19Z
health / Scan open PRs	success	103294783622	2026-09-11T14:16:15Z
health / Schedule gate	success	103294746717	2026-09-11T14:15:58Z
Re-evaluate stalled agent PRs (non-consolidated)	skipped	103279790251	2026-09-11T13:29:18Z
Re-evaluate stalled agent PRs (consolidated)	success	103279788846	2026-09-11T13:29:30Z
Name keepalive sweep mode	success	103279788424	2026-09-11T13:29:27Z
health / Resolve conflicts	skipped	103275517529	2026-09-11T13:15:26Z
health / Nudge stalled PRs	skipped	103275517384	2026-09-11T13:15:26Z
health / Fix failing checks	skipped	103275516565	2026-09-11T13:15:26Z
health / Health summary	success	103275516089	2026-09-11T13:15:31Z
health / Scan open PRs	success	103275408932	2026-09-11T13:15:26Z
health / Schedule gate	success	103275385192	2026-09-11T13:15:06Z
Re-evaluate stalled agent PRs (non-consolidated)	skipped	103264961232	2026-09-11T12:39:50Z
Name keepalive sweep mode	success	103264960176	2026-09-11T12:39:56Z
Re-evaluate stalled agent PRs (consolidated)	success	103264960061	2026-09-11T12:40:00Z
health / Fix failing checks	skipped	103260490651	2026-09-11T12:23:57Z
health / Resolve conflicts	skipped	103260490177	2026-09-11T12:23:57Z
health / Nudge stalled PRs	skipped	103260489916	2026-09-11T12:23:57Z
health / Health summary	success	103260489406	2026-09-11T12:24:04Z
health / Scan open PRs	success	103260417457	2026-09-11T12:23:56Z
health / Schedule gate	success	103260394070	2026-09-11T12:23:41Z
Re-evaluate stalled agent PRs (non-consolidated)	skipped	103245840421	2026-09-11T11:27:34Z
Re-evaluate stalled agent PRs (consolidated)	success	103245839318	2026-09-11T11:27:48Z
Name keepalive sweep mode	success	103245839072	2026-09-11T11:27:41Z
health / Fix failing checks	skipped	103242565700	2026-09-11T11:14:46Z
health / Resolve conflicts	skipped	103242565699	2026-09-11T11:14:46Z
health / Nudge stalled PRs	skipped	103242565670	2026-09-11T11:14:46Z
health / Health summary	success	103242565112	2026-09-11T11:14:51Z
health / Scan open PRs	success	103242498558	2026-09-11T11:14:46Z
health / Schedule gate	success	103242332348	2026-09-11T11:14:30Z
Re-evaluate stalled agent PRs (non-consolidated)	skipped	103231177040	2026-09-11T10:29:28Z
Name keepalive sweep mode	success	103231176285	2026-09-11T10:29:33Z
Re-evaluate stalled agent PRs (consolidated)	success	103231175930	2026-09-11T10:29:39Z
health / Fix failing checks	skipped	103227694377	2026-09-11T10:16:02Z
health / Resolve conflicts	skipped	103227694201	2026-09-11T10:16:02Z
health / Nudge stalled PRs	skipped	103227693737	2026-09-11T10:16:02Z
health / Health summary	success	103227693413	2026-09-11T10:16:07Z
health / Scan open PRs	success	103227618651	2026-09-11T10:16:02Z
health / Schedule gate	success	103227600101	2026-09-11T10:15:45Z
Re-evaluate stalled agent PRs (non-consolidated)	skipped	103215766604	2026-09-11T09:31:01Z
Re-evaluate stalled agent PRs (consolidated)	success	103215765519	2026-09-11T09:31:11Z
Name keepalive sweep mode	success	103215765381	2026-09-11T09:31:06Z
health / Resolve conflicts	skipped	103211991288	2026-09-11T09:17:09Z
health / Fix failing checks	skipped	103211991244	2026-09-11T09:17:09Z
health / Nudge stalled PRs	skipped	103211991115	2026-09-11T09:17:09Z
health / Health summary	success	103211990512	2026-09-11T09:17:13Z
health / Scan open PRs	success	103211937581	2026-09-11T09:17:09Z
health / Schedule gate	success	103211910216	2026-09-11T09:16:57Z
Re-evaluate stalled agent PRs (non-consolidated)	skipped	103201078723	2026-09-11T08:36:09Z
Name keepalive sweep mode	success	103201077690	2026-09-11T08:36:14Z
Re-evaluate stalled agent PRs (consolidated)	success	103201077465	2026-09-11T08:36:20Z
health / Nudge stalled PRs	skipped	103197310936	2026-09-11T08:21:40Z
health / Resolve conflicts	skipped	103197310891	2026-09-11T08:21:40Z
health / Fix failing checks	skipped	103197310454	2026-09-11T08:21:40Z
health / Health summary	success	103197309997	2026-09-11T08:21:51Z
health / Scan open PRs	success	103197245886	2026-09-11T08:21:40Z
health / Schedule gate	success	103197223281	2026-09-11T08:21:25Z
Re-evaluate stalled agent PRs (non-consolidated)	skipped	103184582478	2026-09-11T07:31:13Z
Name keepalive sweep mode	success	103184579276	2026-09-11T07:31:18Z
Re-evaluate stalled agent PRs (consolidated)	success	103184579076	2026-09-11T07:31:26Z
health / Nudge stalled PRs	skipped	103181227766	2026-09-11T07:17:23Z
health / Resolve conflicts	skipped	103181227448	2026-09-11T07:17:23Z
health / Fix failing checks	skipped	103181227218	2026-09-11T07:17:23Z
health / Health summary	success	103181226792	2026-09-11T07:17:27Z
health / Scan open PRs	success	103181155011	2026-09-11T07:17:23Z
health / Schedule gate	success	103181130195	2026-09-11T07:17:06Z
coverage guard outcome	success	103176335319	2026-09-11T06:57:05Z
coverage baseline monitor	success	103176189113	2026-09-11T06:56:59Z
Rate limit gate	success	103176119357	2026-09-11T06:56:19Z
Re-evaluate stalled agent PRs (non-consolidated)	skipped	103173394215	2026-09-11T06:43:43Z
Name keepalive sweep mode	success	103173393544	2026-09-11T06:43:47Z
Re-evaluate stalled agent PRs (consolidated)	success	103173393388	2026-09-11T06:43:55Z
health / Resolve conflicts	skipped	103169753877	2026-09-11T06:26:47Z
health / Nudge stalled PRs	skipped	103169753847	2026-09-11T06:26:47Z
health / Fix failing checks	skipped	103169753511	2026-09-11T06:26:47Z
health / Health summary	success	103169752985	2026-09-11T06:26:52Z
health / Scan open PRs	success	103169687208	2026-09-11T06:26:47Z
health / Schedule gate	success	103169666997	2026-09-11T06:26:30Z
Re-evaluate stalled agent PRs (non-consolidated)	skipped	103158532928	2026-09-11T05:29:07Z
Re-evaluate stalled agent PRs (consolidated)	success	103158532191	2026-09-11T05:29:22Z
Name keepalive sweep mode	success	103158532004	2026-09-11T05:29:12Z
health / Resolve conflicts	skipped	103156003677	2026-09-11T05:15:41Z
health / Fix failing checks	skipped	103156003176	2026-09-11T05:15:41Z
health / Nudge stalled PRs	skipped	103156003000	2026-09-11T05:15:41Z
health / Health summary	success	103156002667	2026-09-11T05:15:46Z
health / Scan open PRs	success	103155949147	2026-09-11T05:15:41Z
health / Schedule gate	success	103155931652	2026-09-11T05:15:24Z
Re-evaluate stalled agent PRs (non-consolidated)	skipped	103148361480	2026-09-11T04:33:34Z
Name keepalive sweep mode	success	103148360690	2026-09-11T04:33:40Z
Re-evaluate stalled agent PRs (consolidated)	success	103148360450	2026-09-11T04:33:43Z
health / Resolve conflicts	skipped	103145733520	2026-09-11T04:19:03Z
health / Nudge stalled PRs	skipped	103145732978	2026-09-11T04:19:03Z
health / Fix failing checks	skipped	103145732903	2026-09-11T04:19:03Z
health / Health summary	success	103145732725	2026-09-11T04:19:09Z
health / Scan open PRs	success	103145689619	2026-09-11T04:19:03Z
health / Schedule gate	success	103145677424	2026-09-11T04:18:48Z
Re-evaluate stalled agent PRs (non-consolidated)	skipped	103137378027	2026-09-11T03:33:43Z
Name keepalive sweep mode	success	103137377396	2026-09-11T03:33:47Z
Re-evaluate stalled agent PRs (consolidated)	success	103137377310	2026-09-11T03:33:54Z
health / Nudge stalled PRs	skipped	103134594694	2026-09-11T03:18:56Z
health / Fix failing checks	skipped	103134594446	2026-09-11T03:18:56Z
health / Resolve conflicts	skipped	103134594333	2026-09-11T03:18:56Z
health / Health summary	success	103134593729	2026-09-11T03:19:00Z
health / Scan open PRs	success	103134541026	2026-09-11T03:18:55Z
health / Schedule gate	success	103134520717	2026-09-11T03:18:39Z
auto-label	success	103130970873	2026-09-11T03:00:21Z
check	success	103130970839	2026-09-11T03:00:19Z
Re-evaluate stalled agent PRs (non-consolidated)	skipped	103126663811	2026-09-11T02:37:17Z
Name keepalive sweep mode	success	103126663089	2026-09-11T02:37:22Z
Re-evaluate stalled agent PRs (consolidated)	success	103126662974	2026-09-11T02:37:30Z
health / Nudge stalled PRs	skipped	103123835006	2026-09-11T02:22:54Z
health / Fix failing checks	skipped	103123834965	2026-09-11T02:22:54Z
health / Resolve conflicts	skipped	103123834780	2026-09-11T02:22:54Z
health / Health summary	success	103123834139	2026-09-11T02:22:59Z
health / Scan open PRs	success	103123772288	2026-09-11T02:22:54Z
health / Schedule gate	success	103123750555	2026-09-11T02:22:35Z
Re-evaluate stalled agent PRs (non-consolidated)	skipped	103114740623	2026-09-11T01:36:32Z
Re-evaluate stalled agent PRs (consolidated)	success	103114739804	2026-09-11T01:36:44Z
Name keepalive sweep mode	success	103114739764	2026-09-11T01:36:36Z
health / Resolve conflicts	skipped	103112195053	2026-09-11T01:23:55Z
health / Nudge stalled PRs	skipped	103112194694	2026-09-11T01:23:55Z
health / Fix failing checks	skipped	103112194615	2026-09-11T01:23:55Z
health / Health summary	success	103112194345	2026-09-11T01:24:01Z
health / Scan open PRs	success	103112112129	2026-09-11T01:23:55Z
health / Schedule gate	success	103112098343	2026-09-11T01:23:30Z
Re-evaluate stalled agent PRs (non-consolidated)	skipped	103107360834	2026-09-11T01:00:34Z
Name keepalive sweep mode	success	103107359622	2026-09-11T01:00:38Z
Re-evaluate stalled agent PRs (consolidated)	success	103107359374	2026-09-11T01:00:44Z
health / Fix failing checks	skipped	103103498435	2026-09-11T00:42:06Z
health / Resolve conflicts	skipped	103103498315	2026-09-11T00:42:06Z
health / Nudge stalled PRs	skipped	103103498207	2026-09-11T00:42:06Z
health / Health summary	success	103103497637	2026-09-11T00:42:11Z
health / Scan open PRs	success	103103450558	2026-09-11T00:42:06Z
health / Schedule gate	success	103103428921	2026-09-11T00:41:52Z
Re-evaluate stalled agent PRs (non-consolidated)	skipped	103086833799	2026-09-10T23:25:55Z
Re-evaluate stalled agent PRs (consolidated)	success	103086833058	2026-09-10T23:26:09Z
Name keepalive sweep mode	success	103086832592	2026-09-10T23:26:00Z
health / Fix failing checks	skipped	103083594937	2026-09-10T23:12:06Z
health / Nudge stalled PRs	skipped	103083594801	2026-09-10T23:12:06Z
health / Resolve conflicts	skipped	103083594620	2026-09-10T23:12:06Z
health / Health summary	success	103083593857	2026-09-10T23:12:12Z
health / Scan open PRs	success	103083541802	2026-09-10T23:12:06Z
health / Schedule gate	success	103083517701	2026-09-10T23:11:53Z
Re-evaluate stalled agent PRs (non-consolidated)	skipped	103072382972	2026-09-10T22:26:57Z
Re-evaluate stalled agent PRs (consolidated)	success	103072381978	2026-09-10T22:27:15Z
Name keepalive sweep mode	success	103072381724	2026-09-10T22:27:01Z
health / Nudge stalled PRs	skipped	103068607629	2026-09-10T22:13:01Z
health / Fix failing checks	skipped	103068607420	2026-09-10T22:13:01Z
health / Resolve conflicts	skipped	103068606994	2026-09-10T22:13:01Z
health / Health summary	success	103068606473	2026-09-10T22:13:06Z
health / Scan open PRs	success	103068528707	2026-09-10T22:13:01Z
health / Schedule gate	success	103068499252	2026-09-10T22:12:43Z
check	success	103058556503	2026-09-10T21:37:25Z
auto-label	success	103058556198	2026-09-10T21:37:25Z
Re-evaluate stalled agent PRs (non-consolidated)	skipped	103055288422	2026-09-10T21:26:17Z
Re-evaluate stalled agent PRs (consolidated)	success	103055287297	2026-09-10T21:26:46Z
Name keepalive sweep mode	success	103055287071	2026-09-10T21:26:24Z
health / Nudge stalled PRs	skipped	103050890751	2026-09-10T21:12:12Z
health / Resolve conflicts	skipped	103050890097	2026-09-10T21:12:12Z
health / Fix failing checks	skipped	103050889524	2026-09-10T21:12:12Z
health / Health summary	success	103050889116	2026-09-10T21:12:16Z
health / Scan open PRs	success	103050799967	2026-09-10T21:12:12Z
health / Schedule gate	success	103050777487	2026-09-10T21:11:55Z
Re-evaluate stalled agent PRs (non-consolidated)	skipped	103036525470	2026-09-10T20:27:25Z
Re-evaluate stalled agent PRs (consolidated)	success	103036523651	2026-09-10T20:27:41Z
Name keepalive sweep mode	success	103036523392	2026-09-10T20:27:32Z
health / Fix failing checks	skipped	103032140325	2026-09-10T20:14:16Z
health / Nudge stalled PRs	skipped	103032140259	2026-09-10T20:14:16Z
health / Resolve conflicts	skipped	103032139959	2026-09-10T20:14:16Z
health / Health summary	success	103032139412	2026-09-10T20:14:23Z
health / Scan open PRs	success	103032023868	2026-09-10T20:14:16Z
health / Schedule gate	success	103031998755	2026-09-10T20:13:55Z
Re-evaluate stalled agent PRs (non-consolidated)	skipped	103015714301	2026-09-10T19:24:53Z
Name keepalive sweep mode	success	103015713456	2026-09-10T19:24:58Z
Re-evaluate stalled agent PRs (consolidated)	success	103015713082	2026-09-10T19:25:04Z
health / Fix failing checks	skipped	103011250887	2026-09-10T19:11:36Z
health / Resolve conflicts	skipped	103011250415	2026-09-10T19:11:35Z
health / Nudge stalled PRs	skipped	103011250274	2026-09-10T19:11:36Z
health / Health summary	success	103011249494	2026-09-10T19:11:40Z
health / Scan open PRs	success	103011139990	2026-09-10T19:11:35Z
health / Schedule gate	success	103011104897	2026-09-10T19:11:16Z
Re-evaluate stalled agent PRs (non-consolidated)	skipped	102997785320	2026-09-10T18:31:54Z
Name keepalive sweep mode	success	102997784040	2026-09-10T18:31:59Z
Re-evaluate stalled agent PRs (consolidated)	success	102997783656	2026-09-10T18:32:11Z
health / Nudge stalled PRs	skipped	102993091838	2026-09-10T18:18:14Z
health / Fix failing checks	skipped	102993091625	2026-09-10T18:18:14Z
health / Resolve conflicts	skipped	102993091179	2026-09-10T18:18:14Z
health / Health summary	success	102993090541	2026-09-10T18:18:20Z
health / Scan open PRs	success	102993007756	2026-09-10T18:18:14Z
health / Schedule gate	success	102992980045	2026-09-10T18:17:59Z
Re-evaluate stalled agent PRs (non-consolidated)	skipped	102975649228	2026-09-10T17:26:44Z
Name keepalive sweep mode	success	102975647897	2026-09-10T17:26:50Z
Re-evaluate stalled agent PRs (consolidated)	success	102975647636	2026-09-10T17:26:56Z
health / Nudge stalled PRs	skipped	102971288750	2026-09-10T17:13:54Z
health / Fix failing checks	skipped	102971288647	2026-09-10T17:13:54Z
health / Resolve conflicts	skipped	102971288522	2026-09-10T17:13:54Z
health / Health summary	success	102971286965	2026-09-10T17:14:01Z
health / Scan open PRs	success	102971180956	2026-09-10T17:13:53Z
health / Schedule gate	success	102971156014	2026-09-10T17:13:34Z
Re-evaluate stalled agent PRs (non-consolidated)	skipped	102955983222	2026-09-10T16:28:54Z
Name keepalive sweep mode	success	102955981773	2026-09-10T16:28:59Z
Re-evaluate stalled agent PRs (consolidated)	success	102955981330	2026-09-10T16:29:12Z
health / Resolve conflicts	skipped	102951399924	2026-09-10T16:15:54Z
health / Nudge stalled PRs	skipped	102951399914	2026-09-10T16:15:54Z
health / Fix failing checks	skipped	102951399412	2026-09-10T16:15:54Z
health / Health summary	success	102951398558	2026-09-10T16:15:58Z
health / Scan open PRs	success	102951285862	2026-09-10T16:15:54Z
health / Schedule gate	success	102951253378	2026-09-10T16:15:35Z
Re-evaluate stalled agent PRs (non-consolidated)	skipped	102934361399	2026-09-10T15:29:23Z
Re-evaluate stalled agent PRs (consolidated)	success	102934360277	2026-09-10T15:29:35Z
Name keepalive sweep mode	success	102934359833	2026-09-10T15:29:28Z
health / Fix failing checks	skipped	102929166683	2026-09-10T15:15:33Z
health / Nudge stalled PRs	skipped	102929166419	2026-09-10T15:15:33Z
health / Health summary	success	102929166234	2026-09-10T15:16:17Z
health / Resolve conflicts	skipped	102929166132	2026-09-10T15:15:33Z
health / Scan open PRs	success	102929077063	2026-09-10T15:15:33Z
health / Schedule gate	success	102929039103	2026-09-10T15:15:19Z
Re-evaluate stalled agent PRs (non-consolidated)	skipped	102911841257	2026-09-10T14:29:21Z
Name keepalive sweep mode	success	102911839639	2026-09-10T14:29:26Z
Re-evaluate stalled agent PRs (consolidated)	success	102911839266	2026-09-10T14:29:35Z
health / Health summary	success	102906667347	2026-09-10T14:15:38Z
health / Resolve conflicts	skipped	102906664175	2026-09-10T14:15:33Z
health / Fix failing checks	skipped	102906664006	2026-09-10T14:15:33Z
health / Nudge stalled PRs	skipped	102906663701	2026-09-10T14:15:33Z
health / Scan open PRs	success	102906339868	2026-09-10T14:15:29Z
health / Schedule gate	success	102906306983	2026-09-10T14:14:41Z
Re-evaluate stalled agent PRs (non-consolidated)	skipped	102889349856	2026-09-10T13:27:26Z
Name keepalive sweep mode	success	102889347972	2026-09-10T13:27:33Z
Re-evaluate stalled agent PRs (consolidated)	success	102889347570	2026-09-10T13:27:40Z
health / Resolve conflicts	skipped	102885026243	2026-09-10T13:15:02Z
health / Fix failing checks	skipped	102885025677	2026-09-10T13:15:02Z
health / Nudge stalled PRs	skipped	102885025593	2026-09-10T13:15:02Z
health / Health summary	success	102885025003	2026-09-10T13:15:12Z
health / Scan open PRs	success	102884877607	2026-09-10T13:15:02Z
health / Schedule gate	success	102884835904	2026-09-10T13:14:37Z
Re-evaluate stalled agent PRs (non-consolidated)	skipped	102873570185	2026-09-10T12:40:25Z
Re-evaluate stalled agent PRs (consolidated)	success	102873569049	2026-09-10T12:40:40Z
Name keepalive sweep mode	success	102873568830	2026-09-10T12:40:30Z
health / Resolve conflicts	skipped	102868271835	2026-09-10T12:23:29Z
health / Nudge stalled PRs	skipped	102868271668	2026-09-10T12:23:29Z
health / Fix failing checks	skipped	102868271597	2026-09-10T12:23:29Z
health / Health summary	success	102868271185	2026-09-10T12:23:35Z
health / Scan open PRs	success	102868199219	2026-09-10T12:23:28Z
health / Schedule gate	success	102868166122	2026-09-10T12:23:14Z
Re-evaluate stalled agent PRs (non-consolidated)	skipped	102851950696	2026-09-10T11:27:50Z
Name keepalive sweep mode	success	102851949321	2026-09-10T11:27:56Z
Re-evaluate stalled agent PRs (consolidated)	success	102851949130	2026-09-10T11:28:03Z
health / Nudge stalled PRs	skipped	102848118138	2026-09-10T11:14:08Z
health / Fix failing checks	skipped	102848118069	2026-09-10T11:14:08Z
health / Resolve conflicts	skipped	102848117761	2026-09-10T11:14:08Z
health / Health summary	success	102848117024	2026-09-10T11:14:16Z
health / Scan open PRs	success	102848028058	2026-09-10T11:14:08Z
health / Schedule gate	success	102848003489	2026-09-10T11:13:49Z
Re-evaluate stalled agent PRs (non-consolidated)	skipped	102835755067	2026-09-10T10:29:51Z
Re-evaluate stalled agent PRs (consolidated)	success	102835754159	2026-09-10T10:30:02Z
Name keepalive sweep mode	success	102835753911	2026-09-10T10:29:57Z
health / Nudge stalled PRs	skipped	102831878455	2026-09-10T10:16:06Z
health / Resolve conflicts	skipped	102831878386	2026-09-10T10:16:06Z
health / Fix failing checks	skipped	102831878180	2026-09-10T10:16:06Z
health / Health summary	success	102831877671	2026-09-10T10:16:10Z
health / Scan open PRs	success	102831781155	2026-09-10T10:16:05Z
health / Schedule gate	success	102831750275	2026-09-10T10:15:45Z
Re-evaluate stalled agent PRs (non-consolidated)	skipped	102819002536	2026-09-10T09:31:52Z
Name keepalive sweep mode	success	102818987554	2026-09-10T09:31:57Z
Re-evaluate stalled agent PRs (consolidated)	success	102818987360	2026-09-10T09:32:08Z
health / Nudge stalled PRs	skipped	102814723422	2026-09-10T09:17:32Z
health / Fix failing checks	skipped	102814723223	2026-09-10T09:17:32Z
health / Resolve conflicts	skipped	102814722646	2026-09-10T09:17:32Z
health / Health summary	success	102814722118	2026-09-10T09:17:37Z
health / Scan open PRs	success	102814646922	2026-09-10T09:17:31Z
health / Schedule gate	success	102814615800	2026-09-10T09:17:15Z
Re-evaluate stalled agent PRs (non-consolidated)	skipped	102802742129	2026-09-10T08:36:45Z
Re-evaluate stalled agent PRs (consolidated)	success	102802741083	2026-09-10T08:36:58Z
Name keepalive sweep mode	success	102802740730	2026-09-10T08:36:50Z
health / Nudge stalled PRs	skipped	102798490865	2026-09-10T08:22:05Z
health / Fix failing checks	skipped	102798490139	2026-09-10T08:22:05Z
health / Resolve conflicts	skipped	102798489808	2026-09-10T08:22:05Z
health / Health summary	success	102798489525	2026-09-10T08:22:12Z
health / Scan open PRs	success	102798416913	2026-09-10T08:22:05Z
health / Schedule gate	success	102798388994	2026-09-10T08:21:49Z
Re-evaluate stalled agent PRs (non-consolidated)	skipped	102784544215	2026-09-10T07:31:29Z
Re-evaluate stalled agent PRs (consolidated)	success	102784543482	2026-09-10T07:31:42Z
Name keepalive sweep mode	success	102784543192	2026-09-10T07:31:34Z
health / Nudge stalled PRs	skipped	102780843768	2026-09-10T07:17:30Z
health / Resolve conflicts	skipped	102780843737	2026-09-10T07:17:30Z
health / Fix failing checks	skipped	102780843699	2026-09-10T07:17:30Z
health / Health summary	success	102780842631	2026-09-10T07:17:35Z
health / Scan open PRs	success	102780753804	2026-09-10T07:17:29Z
health / Schedule gate	success	102780725527	2026-09-10T07:17:10Z
coverage guard outcome	success	102775719292	2026-09-10T06:57:36Z
coverage baseline monitor	success	102775528126	2026-09-10T06:57:31Z
Rate limit gate	success	102775486043	2026-09-10T06:56:43Z
Re-evaluate stalled agent PRs (non-consolidated)	skipped	102772490670	2026-09-10T06:44:13Z
Re-evaluate stalled agent PRs (consolidated)	success	102772489571	2026-09-10T06:44:26Z
Name keepalive sweep mode	success	102772489322	2026-09-10T06:44:19Z
health / Resolve conflicts	skipped	102768638490	2026-09-10T06:27:33Z
health / Nudge stalled PRs	skipped	102768638317	2026-09-10T06:27:33Z
health / Fix failing checks	skipped	102768637870	2026-09-10T06:27:33Z
health / Health summary	success	102768637109	2026-09-10T06:27:38Z
health / Scan open PRs	success	102768591883	2026-09-10T06:27:33Z
health / Schedule gate	success	102768565838	2026-09-10T06:27:21Z
Re-evaluate stalled agent PRs (non-consolidated)	skipped	102756560689	2026-09-10T05:29:04Z
Re-evaluate stalled agent PRs (consolidated)	success	102756559990	2026-09-10T05:29:20Z
Name keepalive sweep mode	success	102756559767	2026-09-10T05:29:09Z
health / Nudge stalled PRs	skipped	102753923409	2026-09-10T05:15:40Z
health / Fix failing checks	skipped	102753923270	2026-09-10T05:15:40Z
health / Resolve conflicts	skipped	102753923007	2026-09-10T05:15:40Z
health / Health summary	success	102753922435	2026-09-10T05:15:46Z
health / Scan open PRs	success	102753873008	2026-09-10T05:15:40Z
health / Schedule gate	success	102753852892	2026-09-10T05:15:25Z
Re-evaluate stalled agent PRs (non-consolidated)	skipped	102745928718	2026-09-10T04:33:25Z
Re-evaluate stalled agent PRs (consolidated)	success	102745927807	2026-09-10T04:33:37Z
Name keepalive sweep mode	success	102745927671	2026-09-10T04:33:31Z
health / Fix failing checks	skipped	102743152260	2026-09-10T04:18:53Z
health / Nudge stalled PRs	skipped	102743152233	2026-09-10T04:18:53Z
health / Resolve conflicts	skipped	102743152077	2026-09-10T04:18:53Z
health / Health summary	success	102743151514	2026-09-10T04:18:57Z
health / Scan open PRs	success	102743065674	2026-09-10T04:18:53Z
health / Schedule gate	success	102743051993	2026-09-10T04:18:27Z
Re-evaluate stalled agent PRs (non-consolidated)	skipped	102734639595	2026-09-10T03:33:54Z
Re-evaluate stalled agent PRs (consolidated)	success	102734638962	2026-09-10T03:34:06Z
Name keepalive sweep mode	success	102734638812	2026-09-10T03:33:59Z
health / Nudge stalled PRs	skipped	102731866160	2026-09-10T03:19:16Z
health / Health summary	success	102731865911	2026-09-10T03:19:21Z
health / Fix failing checks	skipped	102731865774	2026-09-10T03:19:16Z
health / Resolve conflicts	skipped	102731865508	2026-09-10T03:19:16Z
health / Scan open PRs	success	102731785055	2026-09-10T03:19:16Z
health / Schedule gate	success	102731751637	2026-09-10T03:18:50Z
auto-label	success	102727770029	2026-09-10T02:58:20Z
check	success	102727769871	2026-09-10T02:58:18Z
Re-evaluate stalled agent PRs (non-consolidated)	skipped	102723737720	2026-09-10T02:36:54Z
Name keepalive sweep mode	success	102723736884	2026-09-10T02:37:00Z
Re-evaluate stalled agent PRs (consolidated)	success	102723736678	2026-09-10T02:37:07Z
health / Nudge stalled PRs	skipped	102720924671	2026-09-10T02:22:52Z
health / Fix failing checks	skipped	102720924419	2026-09-10T02:22:52Z
health / Resolve conflicts	skipped	102720924359	2026-09-10T02:22:52Z
health / Health summary	success	102720923644	2026-09-10T02:22:56Z
health / Scan open PRs	success	102720868393	2026-09-10T02:22:52Z
health / Schedule gate	success	102720854579	2026-09-10T02:22:35Z
Re-evaluate stalled agent PRs (non-consolidated)	skipped	102711659229	2026-09-10T01:36:13Z
Re-evaluate stalled agent PRs (consolidated)	success	102711658481	2026-09-10T01:36:27Z
Name keepalive sweep mode	success	102711658301	2026-09-10T01:36:17Z
health / Fix failing checks	skipped	102709170114	2026-09-10T01:23:55Z
health / Nudge stalled PRs	skipped	102709170049	2026-09-10T01:23:55Z
health / Resolve conflicts	skipped	102709169790	2026-09-10T01:23:55Z
health / Health summary	success	102709169420	2026-09-10T01:24:00Z
health / Scan open PRs	success	102709132151	2026-09-10T01:23:55Z
health / Schedule gate	success	102709106207	2026-09-10T01:23:44Z
Re-evaluate stalled agent PRs (non-consolidated)	skipped	102704413152	2026-09-10T01:00:58Z
Re-evaluate stalled agent PRs (consolidated)	success	102704412106	2026-09-10T01:01:18Z
Name keepalive sweep mode	success	102704411955	2026-09-10T01:01:40Z
health / Resolve conflicts	skipped	102700413911	2026-09-10T00:41:51Z
health / Fix failing checks	skipped	102700413775	2026-09-10T00:41:51Z
health / Nudge stalled PRs	skipped	102700413705	2026-09-10T00:41:51Z
health / Health summary	success	102700412997	2026-09-10T00:41:57Z
health / Scan open PRs	success	102700366663	2026-09-10T00:41:50Z
health / Schedule gate	success	102700346635	2026-09-10T00:41:37Z
Re-evaluate stalled agent PRs (non-consolidated)	skipped	102683817383	2026-09-09T23:26:34Z
Re-evaluate stalled agent PRs (consolidated)	success	102683815132	2026-09-09T23:26:46Z
Name keepalive sweep mode	success	102683814936	2026-09-09T23:26:39Z
health / Nudge stalled PRs	skipped	102680690499	2026-09-09T23:13:13Z
health / Resolve conflicts	skipped	102680689937	2026-09-09T23:13:13Z
health / Fix failing checks	skipped	102680689893	2026-09-09T23:13:13Z
health / Health summary	success	102680689672	2026-09-09T23:13:19Z
health / Scan open PRs	success	102680632437	2026-09-09T23:13:13Z
health / Schedule gate	success	102680614174	2026-09-09T23:12:58Z
Re-evaluate stalled agent PRs (non-consolidated)	skipped	102669181623	2026-09-09T22:27:04Z
Name keepalive sweep mode	success	102669180721	2026-09-09T22:27:10Z
Re-evaluate stalled agent PRs (consolidated)	success	102669180364	2026-09-09T22:27:14Z
health / Resolve conflicts	skipped	102665385355	2026-09-09T22:13:06Z
health / Nudge stalled PRs	skipped	102665384428	2026-09-09T22:13:06Z
health / Fix failing checks	skipped	102665384417	2026-09-09T22:13:06Z
health / Health summary	success	102665383764	2026-09-09T22:13:11Z
health / Scan open PRs	success	102665299386	2026-09-09T22:13:06Z
health / Schedule gate	success	102665278193	2026-09-09T22:12:47Z
Re-evaluate stalled agent PRs (non-consolidated)	skipped	102652221247	2026-09-09T21:27:04Z
Re-evaluate stalled agent PRs (consolidated)	success	102652219684	2026-09-09T21:27:15Z
Name keepalive sweep mode	success	102652219478	2026-09-09T21:27:12Z
health / Resolve conflicts	skipped	102647646099	2026-09-09T21:12:18Z
health / Fix failing checks	skipped	102647645723	2026-09-09T21:12:18Z
health / Nudge stalled PRs	skipped	102647645168	2026-09-09T21:12:18Z
health / Health summary	success	102647644771	2026-09-09T21:12:25Z
health / Scan open PRs	success	102647533578	2026-09-09T21:12:18Z
health / Schedule gate	success	102647505450	2026-09-09T21:11:57Z
check	success	102635431074	2026-09-09T20:34:45Z
auto-label	success	102635430433	2026-09-09T20:34:47Z
Re-evaluate stalled agent PRs (non-consolidated)	skipped	102633546856	2026-09-09T20:28:57Z
Re-evaluate stalled agent PRs (consolidated)	success	102633545445	2026-09-09T20:29:07Z
Name keepalive sweep mode	success	102633545113	2026-09-09T20:29:02Z
health / Health summary	success	102629094096	2026-09-09T20:15:47Z
health / Fix failing checks	skipped	102629093932	2026-09-09T20:15:40Z
health / Resolve conflicts	skipped	102629093837	2026-09-09T20:15:40Z
health / Nudge stalled PRs	skipped	102629093563	2026-09-09T20:15:40Z
health / Scan open PRs	success	102629013024	2026-09-09T20:15:38Z
health / Schedule gate	success	102628980539	2026-09-09T20:15:26Z
Re-evaluate stalled agent PRs (non-consolidated)	skipped	102612651737	2026-09-09T19:26:33Z
Name keepalive sweep mode	success	102612651240	2026-09-09T19:26:38Z
Re-evaluate stalled agent PRs (consolidated)	success	102612650689	2026-09-09T19:26:48Z
health / Nudge stalled PRs	skipped	102607950129	2026-09-09T19:12:27Z
health / Resolve conflicts	skipped	102607949707	2026-09-09T19:12:27Z
health / Fix failing checks	skipped	102607949454	2026-09-09T19:12:27Z
health / Health summary	success	102607948625	2026-09-09T19:12:32Z
health / Scan open PRs	success	102607814211	2026-09-09T19:12:26Z
health / Schedule gate	success	102607785997	2026-09-09T19:12:03Z
Re-evaluate stalled agent PRs (non-consolidated)	skipped	102594964491	2026-09-09T18:34:01Z
Re-evaluate stalled agent PRs (consolidated)	success	102594963169	2026-09-09T18:34:13Z
Name keepalive sweep mode	success	102594962863	2026-09-09T18:34:08Z
health / Resolve conflicts	skipped	102590232436	2026-09-09T18:20:05Z
health / Nudge stalled PRs	skipped	102590231952	2026-09-09T18:20:05Z
health / Fix failing checks	skipped	102590231711	2026-09-09T18:20:05Z
health / Health summary	success	102590230740	2026-09-09T18:20:11Z
health / Scan open PRs	success	102590120150	2026-09-09T18:20:05Z
health / Schedule gate	success	102590081824	2026-09-09T18:19:45Z
Re-evaluate stalled agent PRs (non-consolidated)	skipped	102572399444	2026-09-09T17:27:52Z
Name keepalive sweep mode	success	102572397957	2026-09-09T17:27:57Z
Re-evaluate stalled agent PRs (consolidated)	success	102572397650	2026-09-09T17:28:06Z
health / Nudge stalled PRs	skipped	102567498872	2026-09-09T17:13:30Z
health / Resolve conflicts	skipped	102567498637	2026-09-09T17:13:30Z
health / Fix failing checks	skipped	102567498532	2026-09-09T17:13:30Z
health / Health summary	success	102567497482	2026-09-09T17:13:34Z
health / Scan open PRs	success	102567367013	2026-09-09T17:13:30Z
health / Schedule gate	success	102567332163	2026-09-09T17:13:07Z
Re-evaluate stalled agent PRs (non-consolidated)	skipped	102553213529	2026-09-09T16:31:49Z
Re-evaluate stalled agent PRs (consolidated)	success	102553212094	2026-09-09T16:32:03Z
Name keepalive sweep mode	success	102553211816	2026-09-09T16:31:54Z
health / Resolve conflicts	skipped	102548142738	2026-09-09T16:17:36Z
health / Nudge stalled PRs	skipped	102548142437	2026-09-09T16:17:36Z
health / Fix failing checks	skipped	102548142425	2026-09-09T16:17:36Z
health / Health summary	success	102548141965	2026-09-09T16:17:41Z
health / Scan open PRs	success	102548040335	2026-09-09T16:17:36Z
health / Schedule gate	success	102547998286	2026-09-09T16:17:19Z
Re-evaluate stalled agent PRs (non-consolidated)	skipped	102530533080	2026-09-09T15:29:42Z
Name keepalive sweep mode	success	102530531733	2026-09-09T15:29:50Z
Re-evaluate stalled agent PRs (consolidated)	success	102530531533	2026-09-09T15:29:57Z
health / Nudge stalled PRs	skipped	102525020689	2026-09-09T15:15:01Z
health / Fix failing checks	skipped	102525020029	2026-09-09T15:15:01Z
health / Resolve conflicts	skipped	102525019988	2026-09-09T15:15:01Z
health / Health summary	success	102525019097	2026-09-09T15:15:06Z
health / Scan open PRs	success	102524920035	2026-09-09T15:15:01Z
health / Schedule gate	success	102524892439	2026-09-09T15:14:45Z
Re-evaluate stalled agent PRs (non-consolidated)	skipped	102508129913	2026-09-09T14:30:33Z
Re-evaluate stalled agent PRs (consolidated)	success	102508128489	2026-09-09T14:30:46Z
Name keepalive sweep mode	success	102508127969	2026-09-09T14:30:38Z
health / Nudge stalled PRs	skipped	102502580345	2026-09-09T14:15:45Z
health / Resolve conflicts	skipped	102502580224	2026-09-09T14:15:45Z
health / Fix failing checks	skipped	102502579891	2026-09-09T14:15:45Z
health / Health summary	success	102502578992	2026-09-09T14:15:52Z
health / Scan open PRs	success	102502494997	2026-09-09T14:15:44Z
health / Schedule gate	success	102502456848	2026-09-09T14:15:32Z
Re-evaluate stalled agent PRs (non-consolidated)	skipped	102485678025	2026-09-09T13:30:07Z
Re-evaluate stalled agent PRs (consolidated)	success	102485677282	2026-09-09T13:30:20Z
Name keepalive sweep mode	success	102485676885	2026-09-09T13:30:12Z
health / Nudge stalled PRs	skipped	102480451910	2026-09-09T13:15:23Z
health / Fix failing checks	skipped	102480451361	2026-09-09T13:15:23Z
health / Resolve conflicts	skipped	102480451141	2026-09-09T13:15:23Z
health / Health summary	success	102480450524	2026-09-09T13:15:28Z
health / Scan open PRs	success	102480343610	2026-09-09T13:15:23Z
health / Schedule gate	success	102480316945	2026-09-09T13:15:05Z
Re-evaluate stalled agent PRs (non-consolidated)	skipped	102468510405	2026-09-09T12:40:12Z
Re-evaluate stalled agent PRs (consolidated)	success	102468509278	2026-09-09T12:40:30Z
Name keepalive sweep mode	success	102468509011	2026-09-09T12:40:18Z
health / Fix failing checks	skipped	102463261426	2026-09-09T12:24:01Z
health / Resolve conflicts	skipped	102463261228	2026-09-09T12:24:01Z
health / Nudge stalled PRs	skipped	102463261208	2026-09-09T12:24:01Z
health / Health summary	success	102463260828	2026-09-09T12:24:05Z
health / Scan open PRs	success	102463169656	2026-09-09T12:24:01Z
health / Schedule gate	success	102463139433	2026-09-09T12:23:44Z
Re-evaluate stalled agent PRs (non-consolidated)	skipped	102446695907	2026-09-09T11:28:12Z
Re-evaluate stalled agent PRs (consolidated)	success	102446694256	2026-09-09T11:28:25Z
Name keepalive sweep mode	success	102446694036	2026-09-09T11:28:24Z
health / Resolve conflicts	skipped	102442856395	2026-09-09T11:14:45Z
health / Nudge stalled PRs	skipped	102442856307	2026-09-09T11:14:45Z
health / Fix failing checks	skipped	102442856083	2026-09-09T11:14:45Z
health / Health summary	success	102442855408	2026-09-09T11:14:50Z
health / Scan open PRs	success	102442793316	2026-09-09T11:14:45Z
health / Schedule gate	success	102442604249	2026-09-09T11:14:32Z
Re-evaluate stalled agent PRs (non-consolidated)	skipped	102430073311	2026-09-09T10:30:14Z
Re-evaluate stalled agent PRs (consolidated)	success	102430072061	2026-09-09T10:30:27Z
Name keepalive sweep mode	success	102430071905	2026-09-09T10:30:17Z
health / Resolve conflicts	skipped	102426081784	2026-09-09T10:16:16Z
health / Fix failing checks	skipped	102426081523	2026-09-09T10:16:16Z
health / Nudge stalled PRs	skipped	102426081226	2026-09-09T10:16:16Z
health / Health summary	success	102426080848	2026-09-09T10:16:22Z
health / Scan open PRs	success	102426021616	2026-09-09T10:16:15Z
health / Schedule gate	success	102425988224	2026-09-09T10:16:04Z
Re-evaluate stalled agent PRs (non-consolidated)	skipped	102413093626	2026-09-09T09:32:26Z
Name keepalive sweep mode	success	102413092500	2026-09-09T09:32:34Z
Re-evaluate stalled agent PRs (consolidated)	success	102413092247	2026-09-09T09:32:38Z
health / Nudge stalled PRs	skipped	102408738842	2026-09-09T09:18:05Z
health / Resolve conflicts	skipped	102408738816	2026-09-09T09:18:05Z
health / Fix failing checks	skipped	102408738630	2026-09-09T09:18:05Z
health / Health summary	success	102408737599	2026-09-09T09:18:09Z
health / Scan open PRs	success	102408668348	2026-09-09T09:18:04Z
health / Schedule gate	success	102408647516	2026-09-09T09:17:51Z
Re-evaluate stalled agent PRs (non-consolidated)	skipped	102395929241	2026-09-09T08:35:25Z
Name keepalive sweep mode	success	102395927642	2026-09-09T08:35:31Z
Re-evaluate stalled agent PRs (consolidated)	success	102395927500	2026-09-09T08:35:39Z
health / Nudge stalled PRs	skipped	102391929914	2026-09-09T08:21:54Z
health / Fix failing checks	skipped	102391929586	2026-09-09T08:21:54Z
health / Resolve conflicts	skipped	102391929376	2026-09-09T08:21:54Z
health / Health summary	success	102391928938	2026-09-09T08:21:59Z
health / Scan open PRs	success	102391864536	2026-09-09T08:21:54Z
health / Schedule gate	success	102391837890	2026-09-09T08:21:41Z
Re-evaluate stalled agent PRs (non-consolidated)	skipped	102377964114	2026-09-09T07:31:53Z
Re-evaluate stalled agent PRs (consolidated)	success	102377963257	2026-09-09T07:32:08Z
Name keepalive sweep mode	success	102377963143	2026-09-09T07:31:59Z
health / Fix failing checks	skipped	102374169182	2026-09-09T07:18:02Z
health / Resolve conflicts	skipped	102374169138	2026-09-09T07:18:02Z
health / Nudge stalled PRs	skipped	102374169097	2026-09-09T07:18:02Z
health / Health summary	success	102374168471	2026-09-09T07:18:09Z
health / Scan open PRs	success	102374084779	2026-09-09T07:18:01Z
health / Schedule gate	success	102374065673	2026-09-09T07:17:42Z
coverage guard outcome	success	102368844285	2026-09-09T06:57:35Z
coverage baseline monitor	success	102368644409	2026-09-09T06:57:30Z
Rate limit gate	success	102368600828	2026-09-09T06:56:42Z
Re-evaluate stalled agent PRs (non-consolidated)	skipped	102365689173	2026-09-09T06:44:38Z
Name keepalive sweep mode	success	102365688263	2026-09-09T06:44:42Z
Re-evaluate stalled agent PRs (consolidated)	success	102365687957	2026-09-09T06:44:47Z
health / Nudge stalled PRs	skipped	102361824873	2026-09-09T06:28:00Z
health / Fix failing checks	skipped	102361824455	2026-09-09T06:28:00Z
health / Resolve conflicts	skipped	102361824372	2026-09-09T06:28:00Z
health / Health summary	success	102361823904	2026-09-09T06:28:04Z
health / Scan open PRs	success	102361751521	2026-09-09T06:28:00Z
health / Schedule gate	success	102361726629	2026-09-09T06:27:40Z
check	success	102357046578	2026-09-09T06:06:38Z
auto-label	success	102357046359	2026-09-09T06:06:38Z
Re-evaluate stalled agent PRs (non-consolidated)	skipped	102349552064	2026-09-09T05:29:46Z
Name keepalive sweep mode	success	102349551231	2026-09-09T05:29:52Z
Re-evaluate stalled agent PRs (consolidated)	success	102349551095	2026-09-09T05:29:55Z
health / Nudge stalled PRs	skipped	102346798302	2026-09-09T05:15:46Z
health / Resolve conflicts	skipped	102346798183	2026-09-09T05:15:46Z
health / Fix failing checks	skipped	102346797900	2026-09-09T05:15:46Z
health / Health summary	success	102346797614	2026-09-09T05:15:51Z
health / Scan open PRs	success	102346747209	2026-09-09T05:15:45Z
health / Schedule gate	success	102346732809	2026-09-09T05:15:31Z
Re-evaluate stalled agent PRs (non-consolidated)	skipped	102338678604	2026-09-09T04:33:16Z
Re-evaluate stalled agent PRs (consolidated)	success	102338677878	2026-09-09T04:33:26Z
Name keepalive sweep mode	success	102338677708	2026-09-09T04:33:23Z
health / Fix failing checks	skipped	102335881866	2026-09-09T04:18:35Z
health / Resolve conflicts	skipped	102335881758	2026-09-09T04:18:35Z
health / Nudge stalled PRs	skipped	102335881465	2026-09-09T04:18:35Z
health / Health summary	success	102335881113	2026-09-09T04:18:41Z
health / Scan open PRs	success	102335826340	2026-09-09T04:18:35Z
health / Schedule gate	success	102335813777	2026-09-09T04:18:16Z
Re-evaluate stalled agent PRs (non-consolidated)	skipped	102327447059	2026-09-09T03:33:54Z
Re-evaluate stalled agent PRs (consolidated)	success	102327446239	2026-09-09T03:34:07Z
Name keepalive sweep mode	success	102327445993	2026-09-09T03:34:00Z
health / Resolve conflicts	skipped	102324628216	2026-09-09T03:19:04Z
health / Nudge stalled PRs	skipped	102324627878	2026-09-09T03:19:04Z
health / Fix failing checks	skipped	102324627872	2026-09-09T03:19:04Z
health / Health summary	success	102324627423	2026-09-09T03:19:09Z
health / Scan open PRs	success	102324590985	2026-09-09T03:19:04Z
health / Schedule gate	success	102324578027	2026-09-09T03:18:52Z
Re-evaluate stalled agent PRs (non-consolidated)	skipped	102316488900	2026-09-09T02:36:48Z
Name keepalive sweep mode	success	102316488474	2026-09-09T02:36:53Z
Re-evaluate stalled agent PRs (consolidated)	success	102316488380	2026-09-09T02:37:02Z
health / Nudge stalled PRs	skipped	102313526255	2026-09-09T02:22:04Z
health / Fix failing checks	skipped	102313526110	2026-09-09T02:22:04Z
health / Resolve conflicts	skipped	102313525972	2026-09-09T02:22:04Z
health / Health summary	success	102313525468	2026-09-09T02:22:08Z
health / Scan open PRs	success	102313448161	2026-09-09T02:22:03Z
health / Schedule gate	success	102313417902	2026-09-09T02:21:40Z
auto-label	success	102307515814	2026-09-09T01:52:51Z
check	success	102307515700	2026-09-09T01:52:52Z
Re-evaluate stalled agent PRs (non-consolidated)	skipped	102304774330	2026-09-09T01:38:47Z
Re-evaluate stalled agent PRs (consolidated)	success	102304773588	2026-09-09T01:38:59Z
Name keepalive sweep mode	success	102304773364	2026-09-09T01:38:54Z
health / Nudge stalled PRs	skipped	102302497213	2026-09-09T01:27:29Z
health / Fix failing checks	skipped	102302497049	2026-09-09T01:27:29Z
health / Resolve conflicts	skipped	102302497040	2026-09-09T01:27:29Z
health / Health summary	success	102302496292	2026-09-09T01:27:36Z
health / Scan open PRs	success	102302335400	2026-09-09T01:27:29Z
health / Schedule gate	success	102302313941	2026-09-09T01:26:40Z
Re-evaluate stalled agent PRs (non-consolidated)	skipped	102297294147	2026-09-09T01:02:27Z
Re-evaluate stalled agent PRs (consolidated)	success	102297293233	2026-09-09T01:02:38Z
Name keepalive sweep mode	success	102297293134	2026-09-09T01:02:32Z
health / Fix failing checks	skipped	102293358270	2026-09-09T00:43:44Z
health / Resolve conflicts	skipped	102293358151	2026-09-09T00:43:44Z
health / Nudge stalled PRs	skipped	102293358117	2026-09-09T00:43:44Z
health / Health summary	success	102293357499	2026-09-09T00:43:48Z
health / Scan open PRs	success	102293293077	2026-09-09T00:43:44Z
health / Schedule gate	success	102293275678	2026-09-09T00:43:26Z
Re-evaluate stalled agent PRs (non-consolidated)	skipped	102276211750	2026-09-08T23:26:26Z
Re-evaluate stalled agent PRs (consolidated)	success	102276210869	2026-09-08T23:26:36Z
Name keepalive sweep mode	success	102276210554	2026-09-08T23:26:30Z
health / Nudge stalled PRs	skipped	102273155817	2026-09-08T23:13:41Z
health / Fix failing checks	skipped	102273155234	2026-09-08T23:13:41Z
health / Resolve conflicts	skipped	102273155179	2026-09-08T23:13:41Z
health / Health summary	success	102273154724	2026-09-08T23:13:46Z
health / Scan open PRs	success	102273086247	2026-09-08T23:13:41Z
health / Schedule gate	success	102273055298	2026-09-08T23:13:23Z
Re-evaluate stalled agent PRs (non-consolidated)	skipped	102261543478	2026-09-08T22:27:11Z
Name keepalive sweep mode	success	102261542945	2026-09-08T22:27:16Z
Re-evaluate stalled agent PRs (consolidated)	success	102261542763	2026-09-08T22:27:24Z
health / Resolve conflicts	skipped	102257816828	2026-09-08T22:13:54Z
health / Fix failing checks	skipped	102257816320	2026-09-08T22:13:54Z
health / Nudge stalled PRs	skipped	102257815666	2026-09-08T22:13:54Z
health / Health summary	success	102257815512	2026-09-08T22:13:59Z
health / Scan open PRs	success	102257715764	2026-09-08T22:13:53Z
health / Schedule gate	success	102257694854	2026-09-08T22:13:32Z
PR meta handler / Dispatch keepalive orchestrator	skipped	102248654008	2026-09-08T21:41:24Z
PR meta handler / Update PR body sections	skipped	102248509088	2026-09-08T21:40:55Z
Cleanup bot comment label	skipped	102248508423	2026-09-08T21:40:55Z
PR meta handler / Resume keepalive after Gate	skipped	102248508396	2026-09-08T21:40:55Z
Bot comment handler	skipped	102248508245	2026-09-08T21:40:55Z
PR meta handler / Detect keepalive comments	success	102248506911	2026-09-08T21:41:24Z
Cleanup bot comment label	skipped	102248459550	2026-09-08T21:40:45Z
Create issue from verification (enhanced)	skipped	102248459320	2026-09-08T21:40:45Z
Fetch PR context	skipped	102248459054	2026-09-08T21:40:45Z
PR meta handler	skipped	102248459034	2026-09-08T21:40:45Z
Bot comment handler	skipped	102248459032	2026-09-08T21:40:45Z
Create issue from verification (enhanced)	skipped	102248446164	2026-09-08T21:40:42Z
Fetch PR context / Fetch PR Context	success	102248444681	2026-09-08T21:40:54Z
auto-pilot	skipped	102248433779	2026-09-08T21:40:40Z
Resolve event context	success	102248405689	2026-09-08T21:40:45Z
check	success	102248402340	2026-09-08T21:40:41Z
gate	success	102248401931	2026-09-08T21:40:40Z
Resolve event context	success	102248381685	2026-09-08T21:40:42Z
Report keepalive completion	success	102248135003	2026-09-08T21:39:46Z
Record keepalive dispatch completion	success	102247984436	2026-09-08T21:39:17Z
Update keepalive summary	success	102247984330	2026-09-08T21:39:36Z
Keepalive next task (Codex)	skipped	102247628009	2026-09-08T21:37:55Z
Keepalive next task (Cursor)	skipped	102247627240	2026-09-08T21:37:55Z
Keepalive next task (Gemini)	skipped	102247627232	2026-09-08T21:37:55Z
Keepalive next task (Claude) / Claude (keepalive)	failure	102247626214	2026-09-08T21:39:09Z
Mark agent running	success	102247545733	2026-09-08T21:37:55Z
Test job creation	success	102247520738	2026-09-08T21:37:40Z
Verify secrets available	success	102247520625	2026-09-08T21:37:38Z
Run Claude autofix	skipped	102247485345	2026-09-08T21:37:26Z
Run Codex autofix	skipped	102247484404	2026-09-08T21:37:26Z
Flag for human follow-up	skipped	102247484338	2026-09-08T21:37:26Z
Record autofix metrics	success	102247483000	2026-09-08T21:37:33Z
Report keepalive completion	success	102247438143	2026-09-08T21:37:27Z
Wake generated delivery reconciler	skipped	102247424469	2026-09-08T21:37:13Z
Merge automerge-labelled agent PRs	success	102247423347	2026-09-08T21:37:24Z
Evaluate keepalive loop	success	102247423306	2026-09-08T21:37:33Z
Prepare autofix context	success	102247423136	2026-09-08T21:37:25Z
Record keepalive dispatch completion	success	102247337123	2026-09-08T21:37:05Z
Update keepalive summary	success	102247337094	2026-09-08T21:37:13Z
Keepalive next task (Cursor)	skipped	102246944393	2026-09-08T21:35:36Z
Keepalive next task (Codex)	skipped	102246944342	2026-09-08T21:35:36Z
Keepalive next task (Gemini)	skipped	102246944014	2026-09-08T21:35:36Z
Keepalive next task (Claude) / Claude (keepalive)	failure	102246943259	2026-09-08T21:36:55Z
Mark agent running	success	102246848638	2026-09-08T21:35:35Z
Run Claude autofix	skipped	102246820016	2026-09-08T21:35:11Z
Flag for human follow-up	skipped	102246819923	2026-09-08T21:35:11Z
Run Codex autofix	skipped	102246819790	2026-09-08T21:35:11Z
Verify secrets available	success	102246819600	2026-09-08T21:35:16Z
Test job creation	success	102246819550	2026-09-08T21:35:19Z
Record autofix metrics	success	102246818710	2026-09-08T21:35:22Z
Cleanup bot comment label	skipped	102246780027	2026-09-08T21:35:03Z
Bot comment handler	skipped	102246779765	2026-09-08T21:35:03Z
Fetch PR context	skipped	102246779692	2026-09-08T21:35:03Z
Create issue from verification (enhanced)	skipped	102246779588	2026-09-08T21:35:03Z
PR meta handler	skipped	102246779084	2026-09-08T21:35:03Z
Record autofix dispatch completion	skipped	102246774821	2026-09-08T21:35:02Z
autofix	skipped	102246774595	2026-09-08T21:35:02Z
Wake generated delivery reconciler	skipped	102246727540	2026-09-08T21:34:52Z
Evaluate keepalive loop	success	102246726722	2026-09-08T21:35:11Z
Prepare autofix context	success	102246726684	2026-09-08T21:35:10Z
Merge automerge-labelled agent PRs	success	102246726512	2026-09-08T21:34:59Z
Resolve Context	success	102246724445	2026-09-08T21:35:01Z
Resolve event context	success	102246724197	2026-09-08T21:35:03Z
Record autofix dispatch completion	skipped	102246637491	2026-09-08T21:34:33Z
autofix	skipped	102246637477	2026-09-08T21:34:33Z
Resolve Context	success	102246590088	2026-09-08T21:34:33Z
Python CI / logs summary	success	102246493783	2026-09-08T21:34:20Z
Report keepalive completion	success	102245985718	2026-09-08T21:32:34Z
Cleanup bot comment label	skipped	102245880809	2026-09-08T21:32:03Z
PR meta handler	skipped	102245880197	2026-09-08T21:32:03Z
Bot comment handler	skipped	102245880018	2026-09-08T21:32:03Z
Create issue from verification (enhanced)	skipped	102245879343	2026-09-08T21:32:03Z
Fetch PR context	skipped	102245879294	2026-09-08T21:32:03Z
bridge	skipped	102245871006	2026-09-08T21:32:01Z
sync	skipped	102245849643	2026-09-08T21:31:57Z
check_labels	success	102245847901	2026-09-08T21:32:01Z
Resolve event context	success	102245832045	2026-09-08T21:32:02Z
route	success	102245820589	2026-09-08T21:31:56Z
auto-label	skipped	102245818810	2026-09-08T21:31:51Z
check	success	102245817572	2026-09-08T21:32:04Z
Python CI / python 3.12	success	102245783224	2026-09-08T21:33:56Z
Python CI / python 3.13	success	102245783191	2026-09-08T21:34:05Z
auto-pilot	skipped	102245777393	2026-09-08T21:31:42Z
cross-repo smoke	skipped	102245769309	2026-09-08T21:31:33Z
Python CI / lint-format	failure	102245751229	2026-09-08T21:32:46Z
Python CI / lint-ruff	success	102245751174	2026-09-08T21:32:33Z
Python CI / select reusable CI scope	success	102245751132	2026-09-08T21:31:44Z
Python CI / typecheck-mypy	success	102245751089	2026-09-08T21:32:21Z
check	success	102245733497	2026-09-08T21:31:40Z
gate	success	102245732386	2026-09-08T21:31:42Z
Python CI / Validate inputs	success	102245728472	2026-09-08T21:31:37Z
