Re-evaluate stalled agent PRs (non-consolidated)	skipped	103339510431	2026-09-11T16:31:19Z
Re-evaluate stalled agent PRs (consolidated)	success	103339508942	2026-09-11T16:31:33Z
Name keepalive sweep mode	success	103339508630	2026-09-11T16:31:25Z
health / Fix failing checks	skipped	103334116926	2026-09-11T16:14:28Z
health / Resolve conflicts	skipped	103334116800	2026-09-11T16:14:28Z
health / Nudge stalled PRs	skipped	103334116694	2026-09-11T16:14:28Z
health / Health summary	success	103334115863	2026-09-11T16:14:32Z
health / Scan open PRs	success	103334035816	2026-09-11T16:14:27Z
health / Schedule gate	success	103334001213	2026-09-11T16:14:13Z
Re-evaluate stalled agent PRs (non-consolidated)	skipped	103319512360	2026-09-11T15:29:49Z
Name keepalive sweep mode	success	103319511126	2026-09-11T15:29:56Z
Re-evaluate stalled agent PRs (consolidated)	success	103319510941	2026-09-11T15:30:00Z
health / Fix failing checks	skipped	103313794855	2026-09-11T15:12:39Z
health / Resolve conflicts	skipped	103313794691	2026-09-11T15:12:39Z
health / Nudge stalled PRs	skipped	103313794580	2026-09-11T15:12:39Z
health / Health summary	success	103313793828	2026-09-11T15:12:46Z
health / Scan open PRs	success	103313693750	2026-09-11T15:12:38Z
health / Schedule gate	success	103313665554	2026-09-11T15:12:21Z
Re-evaluate stalled agent PRs (non-consolidated)	skipped	103299670722	2026-09-11T14:30:41Z
Name keepalive sweep mode	success	103299668986	2026-09-11T14:30:48Z
Re-evaluate stalled agent PRs (consolidated)	success	103299668694	2026-09-11T14:31:28Z
health / Health summary	success	103294148236	2026-09-11T14:14:10Z
health / Nudge stalled PRs	skipped	103294144284	2026-09-11T14:14:02Z
health / Fix failing checks	skipped	103294143746	2026-09-11T14:14:02Z
health / Resolve conflicts	skipped	103294143691	2026-09-11T14:14:02Z
health / Scan open PRs	success	103294034955	2026-09-11T14:14:02Z
health / Schedule gate	success	103293984749	2026-09-11T14:13:42Z
auto-label	success	103289253376	2026-09-11T13:59:16Z
check	success	103289252609	2026-09-11T13:59:15Z
Re-evaluate stalled agent PRs (non-consolidated)	skipped	103280016846	2026-09-11T13:30:02Z
Re-evaluate stalled agent PRs (consolidated)	success	103280015624	2026-09-11T13:30:19Z
Name keepalive sweep mode	success	103280015431	2026-09-11T13:30:09Z
health / Fix failing checks	skipped	103274748674	2026-09-11T13:12:56Z
health / Nudge stalled PRs	skipped	103274748580	2026-09-11T13:12:56Z
health / Resolve conflicts	skipped	103274748052	2026-09-11T13:12:56Z
health / Health summary	success	103274748030	2026-09-11T13:13:03Z
health / Scan open PRs	success	103274681348	2026-09-11T13:12:56Z
health / Schedule gate	success	103274649086	2026-09-11T13:12:42Z
Re-evaluate stalled agent PRs (non-consolidated)	skipped	103265059674	2026-09-11T12:40:11Z
Name keepalive sweep mode	success	103265058878	2026-09-11T12:40:16Z
Re-evaluate stalled agent PRs (consolidated)	success	103265058574	2026-09-11T12:40:23Z
health / Fix failing checks	skipped	103259583184	2026-09-11T12:20:37Z
health / Resolve conflicts	skipped	103259582707	2026-09-11T12:20:37Z
health / Nudge stalled PRs	skipped	103259582645	2026-09-11T12:20:37Z
health / Health summary	success	103259582023	2026-09-11T12:20:44Z
health / Scan open PRs	success	103259526546	2026-09-11T12:20:37Z
health / Schedule gate	success	103259506238	2026-09-11T12:20:25Z
Re-evaluate stalled agent PRs (non-consolidated)	skipped	103246164683	2026-09-11T11:28:53Z
Name keepalive sweep mode	success	103246163288	2026-09-11T11:28:57Z
Re-evaluate stalled agent PRs (consolidated)	success	103246163156	2026-09-11T11:29:06Z
health / Resolve conflicts	skipped	103241916737	2026-09-11T11:12:08Z
health / Nudge stalled PRs	skipped	103241916062	2026-09-11T11:12:08Z
health / Fix failing checks	skipped	103241915328	2026-09-11T11:12:08Z
health / Health summary	success	103241915238	2026-09-11T11:12:15Z
health / Scan open PRs	success	103241853694	2026-09-11T11:12:07Z
health / Schedule gate	success	103241836188	2026-09-11T11:11:53Z
Re-evaluate stalled agent PRs (non-consolidated)	skipped	103231361030	2026-09-11T10:30:12Z
Name keepalive sweep mode	success	103231360132	2026-09-11T10:30:17Z
Re-evaluate stalled agent PRs (consolidated)	success	103231359715	2026-09-11T10:30:25Z
health / Resolve conflicts	skipped	103227090175	2026-09-11T10:13:46Z
health / Nudge stalled PRs	skipped	103227089948	2026-09-11T10:13:46Z
health / Fix failing checks	skipped	103227089889	2026-09-11T10:13:46Z
health / Health summary	success	103227089087	2026-09-11T10:13:50Z
health / Scan open PRs	success	103226998894	2026-09-11T10:13:45Z
health / Schedule gate	success	103226976610	2026-09-11T10:13:25Z
Re-evaluate stalled agent PRs (non-consolidated)	skipped	103215930092	2026-09-11T09:31:36Z
Re-evaluate stalled agent PRs (consolidated)	success	103215928914	2026-09-11T09:31:46Z
Name keepalive sweep mode	success	103215928634	2026-09-11T09:31:41Z
health / Fix failing checks	skipped	103211323951	2026-09-11T09:14:42Z
health / Resolve conflicts	skipped	103211323876	2026-09-11T09:14:42Z
health / Nudge stalled PRs	skipped	103211323725	2026-09-11T09:14:42Z
health / Health summary	success	103211323115	2026-09-11T09:14:48Z
health / Scan open PRs	success	103211232288	2026-09-11T09:14:42Z
health / Schedule gate	success	103211202505	2026-09-11T09:14:22Z
Re-evaluate stalled agent PRs (non-consolidated)	skipped	103201229845	2026-09-11T08:36:45Z
Re-evaluate stalled agent PRs (consolidated)	success	103201228919	2026-09-11T08:36:58Z
Name keepalive sweep mode	success	103201228575	2026-09-11T08:36:50Z
health / Resolve conflicts	skipped	103196501028	2026-09-11T08:18:31Z
health / Fix failing checks	skipped	103196500836	2026-09-11T08:18:31Z
health / Nudge stalled PRs	skipped	103196500605	2026-09-11T08:18:31Z
health / Health summary	success	103196499948	2026-09-11T08:18:35Z
health / Scan open PRs	success	103196444086	2026-09-11T08:18:31Z
health / Schedule gate	success	103196404795	2026-09-11T08:18:19Z
Re-evaluate stalled agent PRs (non-consolidated)	skipped	103184714556	2026-09-11T07:31:44Z
Name keepalive sweep mode	success	103184713903	2026-09-11T07:31:51Z
Re-evaluate stalled agent PRs (consolidated)	success	103184713407	2026-09-11T07:31:58Z
health / Nudge stalled PRs	skipped	103180491205	2026-09-11T07:14:27Z
health / Fix failing checks	skipped	103180491134	2026-09-11T07:14:27Z
health / Resolve conflicts	skipped	103180490966	2026-09-11T07:14:27Z
health / Health summary	success	103180490266	2026-09-11T07:14:33Z
health / Scan open PRs	success	103180437153	2026-09-11T07:14:27Z
health / Schedule gate	success	103180418325	2026-09-11T07:14:14Z
coverage guard outcome	success	103176297760	2026-09-11T06:56:54Z
coverage baseline monitor	success	103176113667	2026-09-11T06:56:50Z
Rate limit gate	success	103176058291	2026-09-11T06:55:59Z
Re-evaluate stalled agent PRs (non-consolidated)	skipped	103173458492	2026-09-11T06:44:00Z
Re-evaluate stalled agent PRs (consolidated)	success	103173457989	2026-09-11T06:44:13Z
Name keepalive sweep mode	success	103173457748	2026-09-11T06:44:04Z
health / Nudge stalled PRs	skipped	103168865460	2026-09-11T06:22:38Z
health / Resolve conflicts	skipped	103168865425	2026-09-11T06:22:38Z
health / Fix failing checks	skipped	103168865327	2026-09-11T06:22:38Z
health / Health summary	success	103168864582	2026-09-11T06:22:42Z
health / Scan open PRs	success	103168805911	2026-09-11T06:22:38Z
health / Schedule gate	success	103168780070	2026-09-11T06:22:21Z
Re-evaluate stalled agent PRs (non-consolidated)	skipped	103158701759	2026-09-11T05:30:03Z
Re-evaluate stalled agent PRs (consolidated)	success	103158701101	2026-09-11T05:30:21Z
Name keepalive sweep mode	success	103158700935	2026-09-11T05:30:10Z
health / Nudge stalled PRs	skipped	103155569689	2026-09-11T05:13:26Z
health / Fix failing checks	skipped	103155569582	2026-09-11T05:13:26Z
health / Resolve conflicts	skipped	103155569578	2026-09-11T05:13:26Z
health / Health summary	success	103155569274	2026-09-11T05:13:33Z
health / Scan open PRs	success	103155517553	2026-09-11T05:13:25Z
health / Schedule gate	success	103155502824	2026-09-11T05:13:09Z
Re-evaluate stalled agent PRs (non-consolidated)	skipped	103148432336	2026-09-11T04:33:57Z
Name keepalive sweep mode	success	103148431679	2026-09-11T04:34:01Z
Re-evaluate stalled agent PRs (consolidated)	success	103148431434	2026-09-11T04:34:06Z
health / Nudge stalled PRs	skipped	103145286829	2026-09-11T04:16:38Z
health / Fix failing checks	skipped	103145286600	2026-09-11T04:16:38Z
health / Resolve conflicts	skipped	103145286556	2026-09-11T04:16:38Z
health / Health summary	success	103145286128	2026-09-11T04:16:45Z
health / Scan open PRs	success	103145248595	2026-09-11T04:16:38Z
health / Schedule gate	success	103145231705	2026-09-11T04:16:26Z
Re-evaluate stalled agent PRs (non-consolidated)	skipped	103137439229	2026-09-11T03:34:02Z
Name keepalive sweep mode	success	103137438371	2026-09-11T03:34:08Z
Re-evaluate stalled agent PRs (consolidated)	success	103137438180	2026-09-11T03:34:11Z
health / Fix failing checks	skipped	103134066388	2026-09-11T03:16:07Z
health / Resolve conflicts	skipped	103134066095	2026-09-11T03:16:07Z
health / Nudge stalled PRs	skipped	103134065908	2026-09-11T03:16:07Z
health / Health summary	success	103134065700	2026-09-11T03:16:12Z
health / Scan open PRs	success	103134011315	2026-09-11T03:16:07Z
health / Schedule gate	success	103133980950	2026-09-11T03:15:50Z
check	success	103132269506	2026-09-11T03:06:59Z
auto-label	success	103132269009	2026-09-11T03:06:59Z
Re-evaluate stalled agent PRs (non-consolidated)	skipped	103126747523	2026-09-11T02:37:43Z
Name keepalive sweep mode	success	103126746763	2026-09-11T02:37:50Z
Re-evaluate stalled agent PRs (consolidated)	success	103126746615	2026-09-11T02:37:52Z
health / Fix failing checks	skipped	103123184994	2026-09-11T02:19:35Z
health / Nudge stalled PRs	skipped	103123184628	2026-09-11T02:19:35Z
health / Resolve conflicts	skipped	103123184573	2026-09-11T02:19:35Z
health / Health summary	success	103123184360	2026-09-11T02:19:40Z
health / Scan open PRs	success	103123120285	2026-09-11T02:19:35Z
health / Schedule gate	success	103123107040	2026-09-11T02:19:15Z
Re-evaluate stalled agent PRs (non-consolidated)	skipped	103114802358	2026-09-11T01:36:50Z
Re-evaluate stalled agent PRs (consolidated)	success	103114801790	2026-09-11T01:37:02Z
Name keepalive sweep mode	success	103114801552	2026-09-11T01:36:55Z
health / Resolve conflicts	skipped	103111799780	2026-09-11T01:21:54Z
health / Fix failing checks	skipped	103111799700	2026-09-11T01:21:54Z
health / Nudge stalled PRs	skipped	103111799372	2026-09-11T01:21:54Z
health / Health summary	success	103111798905	2026-09-11T01:21:58Z
health / Scan open PRs	success	103111713725	2026-09-11T01:21:54Z
health / Schedule gate	success	103111697767	2026-09-11T01:21:28Z
Re-evaluate stalled agent PRs (non-consolidated)	skipped	103107459917	2026-09-11T01:01:00Z
Re-evaluate stalled agent PRs (consolidated)	success	103107458967	2026-09-11T01:01:15Z
Name keepalive sweep mode	success	103107458821	2026-09-11T01:01:06Z
health / Resolve conflicts	skipped	103102238168	2026-09-11T00:36:11Z
health / Nudge stalled PRs	skipped	103102237535	2026-09-11T00:36:11Z
health / Fix failing checks	skipped	103102237409	2026-09-11T00:36:11Z
health / Health summary	success	103102237054	2026-09-11T00:36:17Z
health / Scan open PRs	success	103102195198	2026-09-11T00:36:11Z
health / Schedule gate	success	103102175517	2026-09-11T00:35:59Z
auto-label	success	103090168986	2026-09-10T23:40:49Z
check	success	103090168852	2026-09-10T23:40:52Z
Re-evaluate stalled agent PRs (non-consolidated)	skipped	103087046503	2026-09-10T23:26:51Z
Re-evaluate stalled agent PRs (consolidated)	success	103087045892	2026-09-10T23:27:03Z
Name keepalive sweep mode	success	103087045641	2026-09-10T23:26:55Z
health / Resolve conflicts	skipped	103083218211	2026-09-10T23:10:32Z
health / Fix failing checks	skipped	103083218155	2026-09-10T23:10:32Z
health / Nudge stalled PRs	skipped	103083217847	2026-09-10T23:10:32Z
health / Health summary	success	103083217657	2026-09-10T23:10:38Z
health / Scan open PRs	success	103083138477	2026-09-10T23:10:32Z
health / Schedule gate	success	103083121958	2026-09-10T23:10:12Z
Re-evaluate stalled agent PRs (non-consolidated)	skipped	103072680289	2026-09-10T22:28:05Z
Re-evaluate stalled agent PRs (consolidated)	success	103072678941	2026-09-10T22:28:19Z
Name keepalive sweep mode	success	103072678696	2026-09-10T22:28:09Z
health / Resolve conflicts	skipped	103068079783	2026-09-10T22:11:04Z
health / Fix failing checks	skipped	103068079745	2026-09-10T22:11:04Z
health / Nudge stalled PRs	skipped	103068079267	2026-09-10T22:11:04Z
health / Health summary	success	103068078712	2026-09-10T22:11:12Z
health / Scan open PRs	success	103068005757	2026-09-10T22:11:03Z
health / Schedule gate	success	103067979719	2026-09-10T22:10:47Z
Re-evaluate stalled agent PRs (non-consolidated)	skipped	103055503855	2026-09-10T21:27:01Z
Re-evaluate stalled agent PRs (consolidated)	success	103055502429	2026-09-10T21:27:12Z
Name keepalive sweep mode	success	103055502134	2026-09-10T21:27:07Z
health / Resolve conflicts	skipped	103050466624	2026-09-10T21:10:52Z
health / Nudge stalled PRs	skipped	103050466321	2026-09-10T21:10:52Z
health / Fix failing checks	skipped	103050466157	2026-09-10T21:10:52Z
health / Health summary	success	103050465162	2026-09-10T21:10:57Z
health / Scan open PRs	success	103050373935	2026-09-10T21:10:52Z
health / Schedule gate	success	103050339992	2026-09-10T21:10:34Z
Re-evaluate stalled agent PRs (non-consolidated)	skipped	103036932552	2026-09-10T20:28:40Z
Re-evaluate stalled agent PRs (consolidated)	success	103036931112	2026-09-10T20:28:50Z
Name keepalive sweep mode	success	103036930682	2026-09-10T20:28:46Z
health / Resolve conflicts	skipped	103031375027	2026-09-10T20:11:59Z
health / Nudge stalled PRs	skipped	103031374591	2026-09-10T20:11:59Z
health / Fix failing checks	skipped	103031373987	2026-09-10T20:11:59Z
health / Health summary	success	103031373493	2026-09-10T20:12:05Z
health / Scan open PRs	success	103031281809	2026-09-10T20:11:58Z
health / Schedule gate	success	103031247571	2026-09-10T20:11:42Z
Re-evaluate stalled agent PRs (non-consolidated)	skipped	103016215326	2026-09-10T19:26:24Z
Name keepalive sweep mode	success	103016214187	2026-09-10T19:26:29Z
Re-evaluate stalled agent PRs (consolidated)	success	103016213852	2026-09-10T19:26:38Z
health / Resolve conflicts	skipped	103010667847	2026-09-10T19:09:51Z
health / Fix failing checks	skipped	103010667763	2026-09-10T19:09:51Z
health / Nudge stalled PRs	skipped	103010667555	2026-09-10T19:09:51Z
health / Health summary	success	103010667280	2026-09-10T19:09:57Z
health / Scan open PRs	success	103010569728	2026-09-10T19:09:51Z
health / Schedule gate	success	103010513115	2026-09-10T19:09:32Z
Re-evaluate stalled agent PRs (non-consolidated)	skipped	102997909507	2026-09-10T18:32:16Z
Name keepalive sweep mode	success	102997907900	2026-09-10T18:32:21Z
Re-evaluate stalled agent PRs (consolidated)	success	102997907351	2026-09-10T18:32:28Z
health / Fix failing checks	skipped	102992184585	2026-09-10T18:15:35Z
health / Nudge stalled PRs	skipped	102992184566	2026-09-10T18:15:35Z
health / Resolve conflicts	skipped	102992183955	2026-09-10T18:15:35Z
health / Health summary	success	102992183704	2026-09-10T18:15:40Z
health / Scan open PRs	success	102992095105	2026-09-10T18:15:35Z
health / Schedule gate	success	102992062122	2026-09-10T18:15:20Z
Re-evaluate stalled agent PRs (non-consolidated)	skipped	102976006275	2026-09-10T17:27:47Z
Re-evaluate stalled agent PRs (consolidated)	success	102976004651	2026-09-10T17:28:01Z
Name keepalive sweep mode	success	102976004426	2026-09-10T17:27:52Z
health / Fix failing checks	skipped	102970567706	2026-09-10T17:11:44Z
health / Nudge stalled PRs	skipped	102970566909	2026-09-10T17:11:44Z
health / Resolve conflicts	skipped	102970566764	2026-09-10T17:11:44Z
health / Health summary	success	102970566301	2026-09-10T17:11:49Z
health / Scan open PRs	success	102970455003	2026-09-10T17:11:43Z
health / Schedule gate	success	102970419253	2026-09-10T17:11:24Z
Re-evaluate stalled agent PRs (non-consolidated)	skipped	102956321192	2026-09-10T16:29:53Z
Re-evaluate stalled agent PRs (consolidated)	success	102956319320	2026-09-10T16:30:10Z
Name keepalive sweep mode	success	102956319052	2026-09-10T16:30:01Z
health / Nudge stalled PRs	skipped	102950696172	2026-09-10T16:13:56Z
health / Fix failing checks	skipped	102950696133	2026-09-10T16:13:56Z
health / Resolve conflicts	skipped	102950695712	2026-09-10T16:13:56Z
health / Health summary	success	102950694822	2026-09-10T16:14:03Z
health / Scan open PRs	success	102950407479	2026-09-10T16:13:56Z
health / Schedule gate	success	102950374247	2026-09-10T16:13:07Z
Re-evaluate stalled agent PRs (non-consolidated)	skipped	102934659867	2026-09-10T15:30:12Z
Re-evaluate stalled agent PRs (consolidated)	success	102934658519	2026-09-10T15:30:22Z
Name keepalive sweep mode	success	102934658269	2026-09-10T15:30:18Z
health / Resolve conflicts	skipped	102928130588	2026-09-10T15:13:02Z
health / Fix failing checks	skipped	102928129938	2026-09-10T15:13:02Z
health / Nudge stalled PRs	skipped	102928128682	2026-09-10T15:13:02Z
health / Health summary	success	102928127974	2026-09-10T15:13:07Z
health / Scan open PRs	success	102928009146	2026-09-10T15:13:02Z
health / Schedule gate	success	102927955536	2026-09-10T15:12:47Z
PR meta handler / Dispatch keepalive orchestrator	skipped	102925826688	2026-09-10T15:06:27Z
PR meta handler / Resume keepalive after Gate	skipped	102925487265	2026-09-10T15:05:33Z
PR meta handler / Update PR body sections	skipped	102925486588	2026-09-10T15:05:33Z
Cleanup bot comment label	skipped	102925486453	2026-09-10T15:05:33Z
Bot comment handler	skipped	102925485795	2026-09-10T15:05:33Z
PR meta handler / Detect keepalive comments	success	102925484715	2026-09-10T15:06:26Z
Cleanup bot comment label	skipped	102925449356	2026-09-10T15:05:28Z
PR meta handler	skipped	102925449140	2026-09-10T15:05:27Z
Bot comment handler	skipped	102925448646	2026-09-10T15:05:27Z
Create issue from verification (enhanced)	skipped	102925447910	2026-09-10T15:05:27Z
Fetch PR context	skipped	102925447312	2026-09-10T15:05:27Z
Resolve event context	success	102925385521	2026-09-10T15:05:27Z
Create issue from verification (enhanced)	skipped	102925370314	2026-09-10T15:05:15Z
Fetch PR context / Fetch PR Context	success	102925368611	2026-09-10T15:05:33Z
Resolve event context	success	102925300801	2026-09-10T15:05:15Z
Re-evaluate stalled agent PRs (non-consolidated)	skipped	102912171812	2026-09-10T14:30:14Z
Re-evaluate stalled agent PRs (consolidated)	success	102912170115	2026-09-10T14:30:34Z
Name keepalive sweep mode	success	102912169806	2026-09-10T14:30:20Z
health / Fix failing checks	skipped	102905853035	2026-09-10T14:13:23Z
health / Resolve conflicts	skipped	102905852673	2026-09-10T14:13:23Z
health / Nudge stalled PRs	skipped	102905851994	2026-09-10T14:13:23Z
health / Health summary	success	102905851591	2026-09-10T14:13:31Z
health / Scan open PRs	success	102905518205	2026-09-10T14:13:23Z
health / Schedule gate	success	102905459592	2026-09-10T14:12:29Z
Re-evaluate stalled agent PRs (non-consolidated)	skipped	102889786588	2026-09-10T13:28:42Z
Re-evaluate stalled agent PRs (consolidated)	success	102889785697	2026-09-10T13:28:58Z
Name keepalive sweep mode	success	102889785168	2026-09-10T13:28:48Z
health / Resolve conflicts	skipped	102884203797	2026-09-10T13:12:38Z
health / Nudge stalled PRs	skipped	102884203770	2026-09-10T13:12:38Z
health / Fix failing checks	skipped	102884202918	2026-09-10T13:12:38Z
health / Health summary	success	102884202463	2026-09-10T13:12:43Z
health / Scan open PRs	success	102884110443	2026-09-10T13:12:38Z
health / Schedule gate	success	102884074710	2026-09-10T13:12:22Z
Re-evaluate stalled agent PRs (non-consolidated)	skipped	102873724257	2026-09-10T12:40:54Z
Name keepalive sweep mode	success	102873723460	2026-09-10T12:40:58Z
Re-evaluate stalled agent PRs (consolidated)	success	102873723263	2026-09-10T12:41:14Z
health / Nudge stalled PRs	skipped	102867181512	2026-09-10T12:19:55Z
health / Resolve conflicts	skipped	102867181179	2026-09-10T12:19:55Z
health / Fix failing checks	skipped	102867180753	2026-09-10T12:19:55Z
health / Health summary	success	102867180394	2026-09-10T12:20:00Z
health / Scan open PRs	success	102867089940	2026-09-10T12:19:54Z
health / Schedule gate	success	102867065010	2026-09-10T12:19:36Z
Re-evaluate stalled agent PRs (non-consolidated)	skipped	102852287041	2026-09-10T11:29:01Z
Name keepalive sweep mode	success	102852286300	2026-09-10T11:29:05Z
Re-evaluate stalled agent PRs (consolidated)	success	102852285958	2026-09-10T11:29:13Z
health / Fix failing checks	skipped	102847559260	2026-09-10T11:12:09Z
health / Resolve conflicts	skipped	102847559086	2026-09-10T11:12:09Z
health / Nudge stalled PRs	skipped	102847558867	2026-09-10T11:12:09Z
health / Health summary	success	102847558618	2026-09-10T11:12:14Z
health / Scan open PRs	success	102847485342	2026-09-10T11:12:08Z
health / Schedule gate	success	102847459724	2026-09-10T11:11:52Z
Re-evaluate stalled agent PRs (non-consolidated)	skipped	102835997885	2026-09-10T10:30:41Z
Name keepalive sweep mode	success	102835996594	2026-09-10T10:30:47Z
Re-evaluate stalled agent PRs (consolidated)	success	102835996434	2026-09-10T10:30:56Z
health / Nudge stalled PRs	skipped	102831138801	2026-09-10T10:13:30Z
health / Resolve conflicts	skipped	102831138739	2026-09-10T10:13:30Z
health / Fix failing checks	skipped	102831138551	2026-09-10T10:13:30Z
health / Health summary	success	102831137600	2026-09-10T10:13:35Z
health / Scan open PRs	success	102831038771	2026-09-10T10:13:30Z
health / Schedule gate	success	102831017869	2026-09-10T10:13:08Z
Re-evaluate stalled agent PRs (non-consolidated)	skipped	102819086748	2026-09-10T09:32:09Z
Name keepalive sweep mode	success	102819086199	2026-09-10T09:32:15Z
Re-evaluate stalled agent PRs (consolidated)	success	102819085507	2026-09-10T09:32:21Z
health / Resolve conflicts	skipped	102814022930	2026-09-10T09:15:10Z
health / Fix failing checks	skipped	102814022565	2026-09-10T09:15:10Z
health / Nudge stalled PRs	skipped	102814022500	2026-09-10T09:15:10Z
health / Health summary	success	102814022069	2026-09-10T09:15:19Z
health / Scan open PRs	success	102813866282	2026-09-10T09:15:10Z
health / Schedule gate	success	102813845898	2026-09-10T09:14:38Z
Re-evaluate stalled agent PRs (non-consolidated)	skipped	102802851010	2026-09-10T08:37:08Z
Re-evaluate stalled agent PRs (consolidated)	success	102802849658	2026-09-10T08:37:22Z
Name keepalive sweep mode	success	102802849439	2026-09-10T08:37:14Z
health / Fix failing checks	skipped	102797533923	2026-09-10T08:18:44Z
health / Resolve conflicts	skipped	102797533922	2026-09-10T08:18:44Z
health / Nudge stalled PRs	skipped	102797533550	2026-09-10T08:18:43Z
health / Health summary	success	102797532916	2026-09-10T08:18:48Z
health / Scan open PRs	success	102797440624	2026-09-10T08:18:43Z
health / Schedule gate	success	102797408285	2026-09-10T08:18:24Z
Re-evaluate stalled agent PRs (non-consolidated)	skipped	102784727925	2026-09-10T07:32:12Z
Name keepalive sweep mode	success	102784725636	2026-09-10T07:32:21Z
Re-evaluate stalled agent PRs (consolidated)	success	102784725133	2026-09-10T07:32:21Z
health / Fix failing checks	skipped	102780133316	2026-09-10T07:14:50Z
health / Resolve conflicts	skipped	102780133171	2026-09-10T07:14:50Z
health / Nudge stalled PRs	skipped	102780133055	2026-09-10T07:14:50Z
health / Health summary	success	102780132818	2026-09-10T07:14:55Z
health / Scan open PRs	success	102780045631	2026-09-10T07:14:50Z
health / Schedule gate	success	102780015330	2026-09-10T07:14:30Z
coverage guard outcome	success	102775678114	2026-09-10T06:58:02Z
coverage baseline monitor	success	102775493760	2026-09-10T06:57:21Z
Rate limit gate	success	102775429210	2026-09-10T06:56:35Z
Re-evaluate stalled agent PRs (non-consolidated)	skipped	102772607979	2026-09-10T06:44:41Z
Re-evaluate stalled agent PRs (consolidated)	success	102772606925	2026-09-10T06:44:56Z
Name keepalive sweep mode	success	102772606713	2026-09-10T06:44:47Z
health / Fix failing checks	skipped	102767737669	2026-09-10T06:23:30Z
health / Nudge stalled PRs	skipped	102767737413	2026-09-10T06:23:30Z
health / Resolve conflicts	skipped	102767736937	2026-09-10T06:23:30Z
health / Health summary	success	102767736533	2026-09-10T06:23:34Z
health / Scan open PRs	success	102767663887	2026-09-10T06:23:30Z
health / Schedule gate	success	102767646628	2026-09-10T06:23:11Z
Re-evaluate stalled agent PRs (non-consolidated)	skipped	102756705829	2026-09-10T05:29:50Z
Re-evaluate stalled agent PRs (consolidated)	success	102756704968	2026-09-10T05:30:01Z
Name keepalive sweep mode	success	102756704827	2026-09-10T05:29:54Z
health / Fix failing checks	skipped	102753464545	2026-09-10T05:13:24Z
health / Resolve conflicts	skipped	102753464339	2026-09-10T05:13:24Z
health / Nudge stalled PRs	skipped	102753464169	2026-09-10T05:13:24Z
health / Health summary	success	102753463700	2026-09-10T05:13:29Z
health / Scan open PRs	success	102753406340	2026-09-10T05:13:24Z
health / Schedule gate	success	102753388629	2026-09-10T05:13:07Z
Re-evaluate stalled agent PRs (non-consolidated)	skipped	102746005020	2026-09-10T04:33:49Z
Name keepalive sweep mode	success	102746004462	2026-09-10T04:33:53Z
Re-evaluate stalled agent PRs (consolidated)	success	102746004231	2026-09-10T04:34:01Z
health / Fix failing checks	skipped	102742692540	2026-09-10T04:16:35Z
health / Resolve conflicts	skipped	102742692504	2026-09-10T04:16:35Z
health / Nudge stalled PRs	skipped	102742692189	2026-09-10T04:16:35Z
health / Health summary	success	102742691888	2026-09-10T04:16:41Z
health / Scan open PRs	success	102742529906	2026-09-10T04:16:34Z
health / Schedule gate	success	102742513986	2026-09-10T04:15:47Z
Re-evaluate stalled agent PRs (non-consolidated)	skipped	102734746719	2026-09-10T03:34:28Z
Name keepalive sweep mode	success	102734746210	2026-09-10T03:34:32Z
Re-evaluate stalled agent PRs (consolidated)	success	102734746031	2026-09-10T03:34:41Z
health / Fix failing checks	skipped	102731332278	2026-09-10T03:16:27Z
health / Nudge stalled PRs	skipped	102731332150	2026-09-10T03:16:27Z
health / Resolve conflicts	skipped	102731332046	2026-09-10T03:16:27Z
health / Health summary	success	102731331389	2026-09-10T03:16:32Z
health / Scan open PRs	success	102731271155	2026-09-10T03:16:27Z
health / Schedule gate	success	102731255121	2026-09-10T03:16:10Z
auto-label	success	102729422712	2026-09-10T03:06:46Z
check	success	102729422694	2026-09-10T03:06:43Z
Re-evaluate stalled agent PRs (non-consolidated)	skipped	102723842581	2026-09-10T02:37:27Z
Name keepalive sweep mode	success	102723841818	2026-09-10T02:37:32Z
Re-evaluate stalled agent PRs (consolidated)	success	102723841706	2026-09-10T02:37:39Z
health / Fix failing checks	skipped	102720215234	2026-09-10T02:19:19Z
health / Resolve conflicts	skipped	102720215029	2026-09-10T02:19:19Z
health / Nudge stalled PRs	skipped	102720214980	2026-09-10T02:19:19Z
health / Health summary	success	102720214231	2026-09-10T02:19:23Z
health / Scan open PRs	success	102720138866	2026-09-10T02:19:18Z
health / Schedule gate	success	102720124595	2026-09-10T02:18:56Z
Re-evaluate stalled agent PRs (non-consolidated)	skipped	102711743186	2026-09-10T01:36:39Z
Re-evaluate stalled agent PRs (consolidated)	success	102711742511	2026-09-10T01:36:51Z
Name keepalive sweep mode	success	102711742319	2026-09-10T01:36:46Z
health / Nudge stalled PRs	skipped	102708741407	2026-09-10T01:21:48Z
health / Fix failing checks	skipped	102708741151	2026-09-10T01:21:48Z
health / Resolve conflicts	skipped	102708741098	2026-09-10T01:21:48Z
health / Health summary	success	102708740677	2026-09-10T01:21:55Z
health / Scan open PRs	success	102708687389	2026-09-10T01:21:48Z
health / Schedule gate	success	102708670887	2026-09-10T01:21:33Z
Re-evaluate stalled agent PRs (non-consolidated)	skipped	102704502388	2026-09-10T01:01:23Z
Name keepalive sweep mode	success	102704501637	2026-09-10T01:01:29Z
Re-evaluate stalled agent PRs (consolidated)	success	102704501422	2026-09-10T01:01:34Z
health / Fix failing checks	skipped	102699033221	2026-09-10T00:35:22Z
health / Nudge stalled PRs	skipped	102699033180	2026-09-10T00:35:22Z
health / Resolve conflicts	skipped	102699033017	2026-09-10T00:35:22Z
health / Health summary	success	102699032083	2026-09-10T00:35:29Z
health / Scan open PRs	success	102698968855	2026-09-10T00:35:21Z
health / Schedule gate	success	102698947789	2026-09-10T00:35:05Z
Re-evaluate stalled agent PRs (non-consolidated)	skipped	102684053262	2026-09-09T23:27:36Z
Re-evaluate stalled agent PRs (consolidated)	success	102684052453	2026-09-09T23:27:54Z
Name keepalive sweep mode	success	102684052288	2026-09-09T23:27:42Z
health / Nudge stalled PRs	skipped	102680222319	2026-09-09T23:11:14Z
health / Resolve conflicts	skipped	102680222120	2026-09-09T23:11:14Z
health / Fix failing checks	skipped	102680221836	2026-09-09T23:11:14Z
health / Health summary	success	102680221340	2026-09-09T23:11:19Z
health / Scan open PRs	success	102680169359	2026-09-09T23:11:14Z
health / Schedule gate	success	102680149499	2026-09-09T23:11:01Z
Re-evaluate stalled agent PRs (non-consolidated)	skipped	102669540848	2026-09-09T22:28:25Z
Re-evaluate stalled agent PRs (consolidated)	success	102669539602	2026-09-09T22:28:41Z
Name keepalive sweep mode	success	102669539311	2026-09-09T22:28:31Z
health / Resolve conflicts	skipped	102664832812	2026-09-09T22:11:07Z
health / Fix failing checks	skipped	102664832763	2026-09-09T22:11:07Z
health / Nudge stalled PRs	skipped	102664832554	2026-09-09T22:11:07Z
health / Health summary	success	102664831607	2026-09-09T22:11:12Z
health / Scan open PRs	success	102664754741	2026-09-09T22:11:07Z
health / Schedule gate	success	102664728714	2026-09-09T22:10:51Z
Re-evaluate stalled agent PRs (non-consolidated)	skipped	102652496870	2026-09-09T21:28:00Z
Name keepalive sweep mode	success	102652495940	2026-09-09T21:28:04Z
Re-evaluate stalled agent PRs (consolidated)	success	102652495470	2026-09-09T21:28:13Z
health / Resolve conflicts	skipped	102647138096	2026-09-09T21:10:42Z
health / Fix failing checks	skipped	102647138083	2026-09-09T21:10:42Z
health / Nudge stalled PRs	skipped	102647138043	2026-09-09T21:10:42Z
health / Health summary	success	102647137019	2026-09-09T21:10:48Z
health / Scan open PRs	success	102647060031	2026-09-09T21:10:42Z
health / Schedule gate	success	102647026582	2026-09-09T21:10:27Z
Re-evaluate stalled agent PRs (non-consolidated)	skipped	102633837342	2026-09-09T20:29:49Z
Re-evaluate stalled agent PRs (consolidated)	success	102633836227	2026-09-09T20:30:05Z
Name keepalive sweep mode	success	102633835962	2026-09-09T20:29:54Z
health / Nudge stalled PRs	skipped	102628227523	2026-09-09T20:13:06Z
health / Resolve conflicts	skipped	102628227394	2026-09-09T20:13:06Z
health / Fix failing checks	skipped	102628227244	2026-09-09T20:13:06Z
health / Health summary	success	102628226087	2026-09-09T20:13:12Z
health / Scan open PRs	success	102628123515	2026-09-09T20:13:05Z
health / Schedule gate	success	102628100473	2026-09-09T20:12:47Z
Re-evaluate stalled agent PRs (non-consolidated)	skipped	102612930434	2026-09-09T19:27:23Z
Re-evaluate stalled agent PRs (consolidated)	success	102612929068	2026-09-09T19:27:34Z
Name keepalive sweep mode	success	102612928808	2026-09-09T19:27:29Z
health / Nudge stalled PRs	skipped	102607401920	2026-09-09T19:10:48Z
health / Fix failing checks	skipped	102607401827	2026-09-09T19:10:48Z
health / Resolve conflicts	skipped	102607401532	2026-09-09T19:10:48Z
health / Health summary	success	102607400419	2026-09-09T19:10:54Z
health / Scan open PRs	success	102607305566	2026-09-09T19:10:48Z
health / Schedule gate	success	102607171643	2026-09-09T19:10:31Z
Re-evaluate stalled agent PRs (non-consolidated)	skipped	102595191164	2026-09-09T18:34:41Z
Name keepalive sweep mode	success	102595190087	2026-09-09T18:34:48Z
Re-evaluate stalled agent PRs (consolidated)	success	102595189617	2026-09-09T18:34:55Z
health / Nudge stalled PRs	skipped	102589152488	2026-09-09T18:16:51Z
health / Fix failing checks	skipped	102589152301	2026-09-09T18:16:51Z
health / Resolve conflicts	skipped	102589151947	2026-09-09T18:16:51Z
health / Health summary	success	102589151499	2026-09-09T18:16:56Z
health / Scan open PRs	success	102589080651	2026-09-09T18:16:50Z
health / Schedule gate	success	102589043930	2026-09-09T18:16:37Z
Re-evaluate stalled agent PRs (non-consolidated)	skipped	102572757759	2026-09-09T17:28:57Z
Name keepalive sweep mode	success	102572756730	2026-09-09T17:29:01Z
Re-evaluate stalled agent PRs (consolidated)	success	102572756388	2026-09-09T17:29:11Z
health / Resolve conflicts	skipped	102566749662	2026-09-09T17:11:17Z
health / Fix failing checks	skipped	102566749215	2026-09-09T17:11:17Z
health / Nudge stalled PRs	skipped	102566748838	2026-09-09T17:11:17Z
health / Health summary	success	102566748019	2026-09-09T17:11:22Z
health / Scan open PRs	success	102566653703	2026-09-09T17:11:17Z
health / Schedule gate	success	102566614006	2026-09-09T17:11:00Z
Re-evaluate stalled agent PRs (non-consolidated)	skipped	102553384019	2026-09-09T16:32:19Z
Name keepalive sweep mode	success	102553382024	2026-09-09T16:32:24Z
Re-evaluate stalled agent PRs (consolidated)	success	102553381692	2026-09-09T16:32:29Z
health / Fix failing checks	skipped	102547176479	2026-09-09T16:14:54Z
health / Nudge stalled PRs	skipped	102547176288	2026-09-09T16:14:54Z
health / Resolve conflicts	skipped	102547176090	2026-09-09T16:14:54Z
health / Health summary	success	102547175500	2026-09-09T16:15:02Z
health / Scan open PRs	success	102547068559	2026-09-09T16:14:54Z
health / Schedule gate	success	102547026054	2026-09-09T16:14:36Z
Re-evaluate stalled agent PRs (non-consolidated)	skipped	102530913842	2026-09-09T15:30:42Z
Name keepalive sweep mode	success	102530912596	2026-09-09T15:30:49Z
Re-evaluate stalled agent PRs (consolidated)	success	102530912033	2026-09-09T15:30:59Z
health / Fix failing checks	skipped	102524071904	2026-09-09T15:12:31Z
health / Nudge stalled PRs	skipped	102524071804	2026-09-09T15:12:31Z
health / Resolve conflicts	skipped	102524071536	2026-09-09T15:12:31Z
health / Health summary	success	102524071056	2026-09-09T15:12:37Z
health / Scan open PRs	success	102523974961	2026-09-09T15:12:30Z
health / Schedule gate	success	102523938333	2026-09-09T15:12:16Z
Re-evaluate stalled agent PRs (non-consolidated)	skipped	102508394298	2026-09-09T14:31:14Z
Re-evaluate stalled agent PRs (consolidated)	success	102508392868	2026-09-09T14:31:30Z
Name keepalive sweep mode	success	102508392303	2026-09-09T14:31:20Z
health / Nudge stalled PRs	skipped	102501694873	2026-09-09T14:13:24Z
health / Resolve conflicts	skipped	102501694515	2026-09-09T14:13:24Z
health / Fix failing checks	skipped	102501694501	2026-09-09T14:13:24Z
health / Health summary	success	102501693487	2026-09-09T14:13:30Z
health / Scan open PRs	success	102501590517	2026-09-09T14:13:24Z
health / Schedule gate	success	102501554051	2026-09-09T14:13:07Z
Re-evaluate stalled agent PRs (non-consolidated)	skipped	102485850159	2026-09-09T13:30:35Z
Name keepalive sweep mode	success	102485848594	2026-09-09T13:30:40Z
Re-evaluate stalled agent PRs (consolidated)	success	102485848309	2026-09-09T13:31:17Z
health / Nudge stalled PRs	skipped	102479630225	2026-09-09T13:13:04Z
health / Fix failing checks	skipped	102479630169	2026-09-09T13:13:04Z
health / Resolve conflicts	skipped	102479629549	2026-09-09T13:13:04Z
health / Health summary	success	102479628737	2026-09-09T13:13:11Z
health / Scan open PRs	success	102479524711	2026-09-09T13:13:03Z
health / Schedule gate	success	102479486415	2026-09-09T13:12:45Z
Re-evaluate stalled agent PRs (non-consolidated)	skipped	102468681734	2026-09-09T12:40:44Z
Name keepalive sweep mode	success	102468680477	2026-09-09T12:40:50Z
Re-evaluate stalled agent PRs (consolidated)	success	102468680046	2026-09-09T12:40:57Z
health / Fix failing checks	skipped	102462053402	2026-09-09T12:20:13Z
health / Resolve conflicts	skipped	102462053379	2026-09-09T12:20:13Z
health / Nudge stalled PRs	skipped	102462053032	2026-09-09T12:20:13Z
health / Health summary	success	102462052857	2026-09-09T12:20:18Z
health / Scan open PRs	success	102461958469	2026-09-09T12:20:13Z
health / Schedule gate	success	102461934706	2026-09-09T12:19:55Z
Re-evaluate stalled agent PRs (non-consolidated)	skipped	102447020104	2026-09-09T11:29:20Z
Re-evaluate stalled agent PRs (consolidated)	success	102447019253	2026-09-09T11:29:32Z
Name keepalive sweep mode	success	102447019065	2026-09-09T11:29:25Z
health / Nudge stalled PRs	skipped	102442162636	2026-09-09T11:12:20Z
health / Resolve conflicts	skipped	102442162565	2026-09-09T11:12:20Z
health / Fix failing checks	skipped	102442162423	2026-09-09T11:12:20Z
health / Health summary	success	102442161341	2026-09-09T11:12:25Z
health / Scan open PRs	success	102442090276	2026-09-09T11:12:20Z
health / Schedule gate	success	102442071957	2026-09-09T11:12:05Z
Re-evaluate stalled agent PRs (non-consolidated)	skipped	102430272612	2026-09-09T10:30:53Z
Name keepalive sweep mode	success	102430271593	2026-09-09T10:31:00Z
Re-evaluate stalled agent PRs (consolidated)	success	102430271356	2026-09-09T10:31:03Z
health / Resolve conflicts	skipped	102425391408	2026-09-09T10:13:54Z
health / Fix failing checks	skipped	102425391130	2026-09-09T10:13:54Z
health / Nudge stalled PRs	skipped	102425391025	2026-09-09T10:13:54Z
health / Health summary	success	102425390083	2026-09-09T10:14:00Z
health / Scan open PRs	success	102425320948	2026-09-09T10:13:54Z
health / Schedule gate	success	102425288562	2026-09-09T10:13:40Z
Re-evaluate stalled agent PRs (non-consolidated)	skipped	102413263734	2026-09-09T09:33:00Z
Name keepalive sweep mode	success	102413262552	2026-09-09T09:33:08Z
Re-evaluate stalled agent PRs (consolidated)	success	102413262347	2026-09-09T09:33:12Z
health / Fix failing checks	skipped	102407894217	2026-09-09T09:15:18Z
health / Resolve conflicts	skipped	102407894084	2026-09-09T09:15:18Z
health / Nudge stalled PRs	skipped	102407894038	2026-09-09T09:15:18Z
health / Health summary	success	102407893107	2026-09-09T09:15:24Z
health / Scan open PRs	success	102407802316	2026-09-09T09:15:17Z
health / Schedule gate	success	102407779954	2026-09-09T09:15:00Z
Re-evaluate stalled agent PRs (non-consolidated)	skipped	102396055505	2026-09-09T08:35:51Z
Re-evaluate stalled agent PRs (consolidated)	success	102396053946	2026-09-09T08:36:04Z
Name keepalive sweep mode	success	102396053679	2026-09-09T08:35:57Z
health / Resolve conflicts	skipped	102390993892	2026-09-09T08:18:40Z
health / Fix failing checks	skipped	102390993854	2026-09-09T08:18:40Z
health / Nudge stalled PRs	skipped	102390993679	2026-09-09T08:18:40Z
health / Health summary	success	102390993137	2026-09-09T08:18:47Z
health / Scan open PRs	success	102390902140	2026-09-09T08:18:40Z
health / Schedule gate	success	102390879936	2026-09-09T08:18:21Z
Re-evaluate stalled agent PRs (non-consolidated)	skipped	102378174542	2026-09-09T07:32:40Z
Re-evaluate stalled agent PRs (consolidated)	success	102378173346	2026-09-09T07:32:50Z
Name keepalive sweep mode	success	102378173006	2026-09-09T07:32:45Z
health / Fix failing checks	skipped	102373373400	2026-09-09T07:15:01Z
health / Nudge stalled PRs	skipped	102373373234	2026-09-09T07:15:01Z
health / Resolve conflicts	skipped	102373373042	2026-09-09T07:15:01Z
health / Health summary	success	102373372833	2026-09-09T07:15:07Z
health / Scan open PRs	success	102373307478	2026-09-09T07:15:01Z
health / Schedule gate	success	102373280615	2026-09-09T07:14:46Z
coverage guard outcome	success	102368786182	2026-09-09T06:57:23Z
coverage baseline monitor	success	102368570852	2026-09-09T06:57:16Z
Rate limit gate	success	102368518099	2026-09-09T06:56:24Z
Re-evaluate stalled agent PRs (non-consolidated)	skipped	102365778317	2026-09-09T06:45:01Z
Re-evaluate stalled agent PRs (consolidated)	success	102365777337	2026-09-09T06:45:13Z
Name keepalive sweep mode	success	102365777047	2026-09-09T06:45:07Z
health / Nudge stalled PRs	skipped	102360881600	2026-09-09T06:23:53Z
health / Resolve conflicts	skipped	102360881242	2026-09-09T06:23:53Z
health / Fix failing checks	skipped	102360881071	2026-09-09T06:23:53Z
health / Health summary	success	102360880372	2026-09-09T06:23:58Z
health / Scan open PRs	success	102360831373	2026-09-09T06:23:53Z
health / Schedule gate	success	102360810708	2026-09-09T06:23:40Z
Re-evaluate stalled agent PRs (non-consolidated)	skipped	102349732838	2026-09-09T05:30:37Z
Name keepalive sweep mode	success	102349731964	2026-09-09T05:30:43Z
Re-evaluate stalled agent PRs (consolidated)	success	102349731756	2026-09-09T05:30:46Z
Cleanup bot comment label	skipped	102348490101	2026-09-09T05:24:25Z
Bot comment handler	skipped	102348490081	2026-09-09T05:24:24Z
Create issue from verification (enhanced)	skipped	102348489729	2026-09-09T05:24:24Z
PR meta handler	skipped	102348489696	2026-09-09T05:24:24Z
Fetch PR context	skipped	102348489366	2026-09-09T05:24:24Z
auto-pilot	skipped	102348479829	2026-09-09T05:24:21Z
gate	success	102348458263	2026-09-09T05:24:21Z
check	success	102348458000	2026-09-09T05:24:25Z
Resolve event context	success	102348457027	2026-09-09T05:24:24Z
health / Resolve conflicts	skipped	102346394915	2026-09-09T05:13:45Z
health / Nudge stalled PRs	skipped	102346394420	2026-09-09T05:13:45Z
health / Fix failing checks	skipped	102346394410	2026-09-09T05:13:45Z
health / Health summary	success	102346394278	2026-09-09T05:13:52Z
health / Scan open PRs	success	102346307198	2026-09-09T05:13:45Z
health / Schedule gate	success	102346286467	2026-09-09T05:13:19Z
Report keepalive completion	success	102340024853	2026-09-09T04:40:26Z
Record autofix dispatch completion	skipped	102339985615	2026-09-09T04:40:05Z
autofix	skipped	102339985243	2026-09-09T04:40:05Z
Resolve Context	success	102339965580	2026-09-09T04:40:05Z
Record keepalive dispatch completion	skipped	102339952882	2026-09-09T04:39:54Z
Keepalive next task (Gemini)	skipped	102339952788	2026-09-09T04:39:54Z
Keepalive next task (Claude)	skipped	102339952727	2026-09-09T04:39:54Z
Keepalive next task (Cursor)	skipped	102339952681	2026-09-09T04:39:54Z
Keepalive next task (Codex)	skipped	102339952614	2026-09-09T04:39:54Z
Mark agent running	skipped	102339952337	2026-09-09T04:39:54Z
Update keepalive summary	success	102339952038	2026-09-09T04:40:14Z
Verify secrets available	skipped	102339951900	2026-09-09T04:39:54Z
Test job creation	success	102339950930	2026-09-09T04:39:59Z
Run Codex autofix	skipped	102339943050	2026-09-09T04:39:51Z
Flag for human follow-up	skipped	102339942672	2026-09-09T04:39:51Z
Run Claude autofix	skipped	102339942657	2026-09-09T04:39:51Z
Record autofix metrics	success	102339942132	2026-09-09T04:39:58Z
Record autofix dispatch completion	skipped	102339909099	2026-09-09T04:39:40Z
Cleanup bot comment label	skipped	102339908399	2026-09-09T04:39:40Z
autofix	skipped	102339908343	2026-09-09T04:39:40Z
PR meta handler	skipped	102339907867	2026-09-09T04:39:40Z
Bot comment handler	skipped	102339907787	2026-09-09T04:39:40Z
Fetch PR context	skipped	102339907448	2026-09-09T04:39:39Z
Create issue from verification (enhanced)	skipped	102339907342	2026-09-09T04:39:39Z
Wake generated delivery reconciler	skipped	102339886238	2026-09-09T04:39:33Z
Evaluate keepalive loop	success	102339885201	2026-09-09T04:39:54Z
Merge automerge-labelled agent PRs	success	102339885153	2026-09-09T04:39:42Z
Prepare autofix context	success	102339885007	2026-09-09T04:39:51Z
Resolve event context	success	102339884085	2026-09-09T04:39:39Z
Resolve Context	success	102339883986	2026-09-09T04:39:40Z
PR meta handler / Dispatch keepalive orchestrator	skipped	102339690442	2026-09-09T04:38:31Z
Python CI / logs summary	success	102339660028	2026-09-09T04:38:43Z
PR meta handler / Update PR body sections	skipped	102339558277	2026-09-09T04:37:51Z
Cleanup bot comment label	skipped	102339558086	2026-09-09T04:37:51Z
PR meta handler / Resume keepalive after Gate	skipped	102339557934	2026-09-09T04:37:51Z
Bot comment handler	skipped	102339557877	2026-09-09T04:37:51Z
PR meta handler / Detect keepalive comments	success	102339557140	2026-09-09T04:38:31Z
Report keepalive completion	success	102339537675	2026-09-09T04:37:51Z
Create issue from verification (enhanced)	skipped	102339495403	2026-09-09T04:37:30Z
Fetch PR context / Fetch PR Context	success	102339494926	2026-09-09T04:37:51Z
Resolve event context	success	102339471426	2026-09-09T04:37:30Z
Bot comment handler	skipped	102339390706	2026-09-09T04:36:58Z
PR meta handler	skipped	102339390668	2026-09-09T04:36:58Z
Cleanup bot comment label	skipped	102339390664	2026-09-09T04:36:58Z
Fetch PR context	skipped	102339390431	2026-09-09T04:36:58Z
Create issue from verification (enhanced)	skipped	102339390151	2026-09-09T04:36:58Z
bridge	skipped	102339379342	2026-09-09T04:36:54Z
check_labels	skipped	102339379196	2026-09-09T04:36:54Z
Python CI / python 3.13	success	102339378969	2026-09-09T04:38:22Z
Python CI / python 3.12	success	102339378938	2026-09-09T04:38:08Z
sync	skipped	102339378801	2026-09-09T04:36:54Z
check	success	102339373511	2026-09-09T04:37:05Z
auto-pilot	skipped	102339373202	2026-09-09T04:36:52Z
Resolve event context	success	102339361311	2026-09-09T04:36:57Z
route	success	102339360381	2026-09-09T04:36:54Z
auto-label	success	102339358983	2026-09-09T04:37:23Z
Python CI / lint-ruff	success	102339354074	2026-09-09T04:37:49Z
Python CI / lint-format	success	102339354001	2026-09-09T04:37:56Z
Python CI / select reusable CI scope	success	102339353963	2026-09-09T04:36:54Z
Python CI / typecheck-mypy	success	102339353961	2026-09-09T04:38:05Z
cross-repo smoke	skipped	102339339813	2026-09-09T04:36:41Z
Python CI / Validate inputs	success	102339338910	2026-09-09T04:36:46Z
Static SPA browser E2E	success	102339338829	2026-09-09T04:39:55Z
Observability Smoke	success	102339338648	2026-09-09T04:38:57Z
check	success	102339338562	2026-09-09T04:36:52Z
gate	success	102339338472	2026-09-09T04:36:52Z
