health / Fix failing checks	skipped	103349532670	2026-09-11T17:03:22Z
health / Nudge stalled PRs	skipped	103349532272	2026-09-11T17:03:22Z
health / Resolve conflicts	skipped	103349532052	2026-09-11T17:03:22Z
health / Health summary	success	103349531458	2026-09-11T17:03:27Z
health / Scan open PRs	success	103349460953	2026-09-11T17:03:22Z
health / Schedule gate	success	103349432678	2026-09-11T17:03:08Z
Re-evaluate stalled agent PRs (non-consolidated)	skipped	103339410529	2026-09-11T16:31:01Z
Name keepalive sweep mode	success	103339407532	2026-09-11T16:31:07Z
Re-evaluate stalled agent PRs (consolidated)	success	103339406945	2026-09-11T16:31:18Z
health / Resolve conflicts	skipped	103330782013	2026-09-11T16:04:15Z
health / Nudge stalled PRs	skipped	103330781717	2026-09-11T16:04:15Z
health / Fix failing checks	skipped	103330781398	2026-09-11T16:04:15Z
health / Health summary	success	103330780305	2026-09-11T16:04:20Z
health / Scan open PRs	success	103330698122	2026-09-11T16:04:14Z
health / Schedule gate	success	103330672365	2026-09-11T16:03:59Z
Re-evaluate stalled agent PRs (non-consolidated)	skipped	103319335313	2026-09-11T15:29:17Z
Re-evaluate stalled agent PRs (consolidated)	success	103319333577	2026-09-11T15:29:26Z
Name keepalive sweep mode	success	103319333181	2026-09-11T15:29:23Z
health / Resolve conflicts	skipped	103310788251	2026-09-11T15:03:43Z
health / Nudge stalled PRs	skipped	103310787593	2026-09-11T15:03:43Z
health / Fix failing checks	skipped	103310787405	2026-09-11T15:03:43Z
health / Health summary	success	103310786928	2026-09-11T15:03:50Z
health / Scan open PRs	success	103310692174	2026-09-11T15:03:42Z
health / Schedule gate	success	103310662696	2026-09-11T15:03:25Z
Re-evaluate stalled agent PRs (non-consolidated)	skipped	103299694959	2026-09-11T14:30:46Z
Name keepalive sweep mode	success	103299693515	2026-09-11T14:30:52Z
Re-evaluate stalled agent PRs (consolidated)	success	103299693327	2026-09-11T14:30:59Z
health / Resolve conflicts	skipped	103290913581	2026-09-11T14:04:08Z
health / Nudge stalled PRs	skipped	103290912990	2026-09-11T14:04:08Z
health / Fix failing checks	skipped	103290912975	2026-09-11T14:04:08Z
health / Health summary	success	103290912649	2026-09-11T14:04:12Z
health / Scan open PRs	success	103290823156	2026-09-11T14:04:07Z
health / Schedule gate	success	103290800931	2026-09-11T14:03:51Z
Re-evaluate stalled agent PRs (non-consolidated)	skipped	103279888996	2026-09-11T13:29:37Z
Name keepalive sweep mode	success	103279887820	2026-09-11T13:29:41Z
Re-evaluate stalled agent PRs (consolidated)	success	103279887635	2026-09-11T13:29:52Z
health / Resolve conflicts	skipped	103271864886	2026-09-11T13:03:21Z
health / Fix failing checks	skipped	103271864547	2026-09-11T13:03:21Z
health / Nudge stalled PRs	skipped	103271864227	2026-09-11T13:03:21Z
health / Health summary	success	103271863800	2026-09-11T13:03:28Z
health / Scan open PRs	success	103271772507	2026-09-11T13:03:21Z
health / Schedule gate	success	103271748117	2026-09-11T13:03:03Z
Re-evaluate stalled agent PRs (non-consolidated)	skipped	103265059294	2026-09-11T12:40:11Z
Re-evaluate stalled agent PRs (consolidated)	success	103265058555	2026-09-11T12:40:25Z
Name keepalive sweep mode	success	103265058338	2026-09-11T12:40:16Z
health / Resolve conflicts	skipped	103255539026	2026-09-11T12:05:37Z
health / Fix failing checks	skipped	103255538792	2026-09-11T12:05:37Z
health / Nudge stalled PRs	skipped	103255538648	2026-09-11T12:05:37Z
health / Health summary	success	103255538109	2026-09-11T12:05:43Z
health / Scan open PRs	success	103255478105	2026-09-11T12:05:37Z
health / Schedule gate	success	103255454815	2026-09-11T12:05:24Z
Re-evaluate stalled agent PRs (non-consolidated)	skipped	103246029415	2026-09-11T11:28:19Z
Name keepalive sweep mode	success	103246028081	2026-09-11T11:28:26Z
Re-evaluate stalled agent PRs (consolidated)	success	103246027893	2026-09-11T11:28:43Z
health / Resolve conflicts	skipped	103239777601	2026-09-11T11:03:33Z
health / Fix failing checks	skipped	103239777531	2026-09-11T11:03:33Z
health / Nudge stalled PRs	skipped	103239777441	2026-09-11T11:03:33Z
health / Health summary	success	103239776875	2026-09-11T11:03:40Z
health / Scan open PRs	success	103239686080	2026-09-11T11:03:33Z
health / Schedule gate	success	103239661683	2026-09-11T11:03:10Z
Re-evaluate stalled agent PRs (non-consolidated)	skipped	103231292047	2026-09-11T10:29:56Z
Re-evaluate stalled agent PRs (consolidated)	success	103231291510	2026-09-11T10:30:09Z
Name keepalive sweep mode	success	103231291258	2026-09-11T10:31:10Z
health / Nudge stalled PRs	skipped	103224483522	2026-09-11T10:03:51Z
health / Fix failing checks	skipped	103224482626	2026-09-11T10:03:51Z
health / Resolve conflicts	skipped	103224482426	2026-09-11T10:03:51Z
health / Health summary	success	103224481873	2026-09-11T10:03:57Z
health / Scan open PRs	success	103224417731	2026-09-11T10:03:51Z
health / Schedule gate	success	103224389524	2026-09-11T10:03:36Z
Re-evaluate stalled agent PRs (non-consolidated)	skipped	103215889391	2026-09-11T09:31:27Z
Re-evaluate stalled agent PRs (consolidated)	success	103215888753	2026-09-11T09:31:47Z
Name keepalive sweep mode	success	103215888617	2026-09-11T09:31:33Z
health / Nudge stalled PRs	skipped	103208455783	2026-09-11T09:04:05Z
health / Fix failing checks	skipped	103208455781	2026-09-11T09:04:05Z
health / Resolve conflicts	skipped	103208454802	2026-09-11T09:04:05Z
health / Health summary	success	103208454069	2026-09-11T09:04:09Z
health / Scan open PRs	success	103208378599	2026-09-11T09:04:04Z
health / Schedule gate	success	103208360961	2026-09-11T09:03:48Z
Re-evaluate stalled agent PRs (non-consolidated)	skipped	103201223997	2026-09-11T08:36:43Z
Re-evaluate stalled agent PRs (consolidated)	success	103201222788	2026-09-11T08:36:58Z
Name keepalive sweep mode	success	103201222703	2026-09-11T08:36:49Z
health / Resolve conflicts	skipped	103192986545	2026-09-11T08:05:03Z
health / Nudge stalled PRs	skipped	103192986401	2026-09-11T08:05:03Z
health / Fix failing checks	skipped	103192985655	2026-09-11T08:05:03Z
health / Health summary	success	103192985153	2026-09-11T08:05:09Z
health / Scan open PRs	success	103192914021	2026-09-11T08:05:03Z
health / Schedule gate	success	103192891580	2026-09-11T08:04:47Z
Re-evaluate stalled agent PRs (non-consolidated)	skipped	103184712425	2026-09-11T07:31:44Z
Re-evaluate stalled agent PRs (consolidated)	success	103184711630	2026-09-11T07:31:57Z
Name keepalive sweep mode	success	103184711324	2026-09-11T07:31:48Z
health / Fix failing checks	skipped	103178014959	2026-09-11T07:04:05Z
health / Resolve conflicts	skipped	103178014283	2026-09-11T07:04:05Z
health / Health summary	success	103178014195	2026-09-11T07:04:12Z
health / Nudge stalled PRs	skipped	103178014121	2026-09-11T07:04:05Z
health / Scan open PRs	success	103177965330	2026-09-11T07:04:05Z
health / Schedule gate	success	103177946248	2026-09-11T07:03:53Z
coverage guard outcome	success	103176633960	2026-09-11T06:58:25Z
coverage baseline monitor	success	103176571643	2026-09-11T06:58:18Z
Rate limit gate	success	103176339493	2026-09-11T06:58:02Z
Re-evaluate stalled agent PRs (non-consolidated)	skipped	103173459271	2026-09-11T06:44:00Z
Re-evaluate stalled agent PRs (consolidated)	success	103173458373	2026-09-11T06:44:19Z
Name keepalive sweep mode	success	103173458344	2026-09-11T06:44:06Z
health / Nudge stalled PRs	skipped	103165528456	2026-09-11T06:06:13Z
health / Fix failing checks	skipped	103165528224	2026-09-11T06:06:13Z
health / Resolve conflicts	skipped	103165528016	2026-09-11T06:06:13Z
health / Health summary	success	103165527849	2026-09-11T06:06:17Z
health / Scan open PRs	success	103165478213	2026-09-11T06:06:12Z
health / Schedule gate	success	103165452534	2026-09-11T06:05:57Z
Re-evaluate stalled agent PRs (non-consolidated)	skipped	103158648748	2026-09-11T05:29:46Z
Re-evaluate stalled agent PRs (consolidated)	success	103158648402	2026-09-11T05:29:57Z
Name keepalive sweep mode	success	103158648128	2026-09-11T05:29:52Z
health / Resolve conflicts	skipped	103153783155	2026-09-11T05:03:55Z
health / Nudge stalled PRs	skipped	103153783141	2026-09-11T05:03:55Z
health / Fix failing checks	skipped	103153783138	2026-09-11T05:03:55Z
health / Health summary	success	103153782461	2026-09-11T05:03:59Z
health / Scan open PRs	success	103153727255	2026-09-11T05:03:54Z
health / Schedule gate	success	103153709253	2026-09-11T05:03:36Z
Re-evaluate stalled agent PRs (non-consolidated)	skipped	103148411541	2026-09-11T04:33:51Z
Name keepalive sweep mode	success	103148410726	2026-09-11T04:33:56Z
Re-evaluate stalled agent PRs (consolidated)	success	103148410555	2026-09-11T04:34:06Z
health / Resolve conflicts	skipped	103142968203	2026-09-11T04:04:24Z
health / Nudge stalled PRs	skipped	103142968200	2026-09-11T04:04:24Z
health / Fix failing checks	skipped	103142968029	2026-09-11T04:04:24Z
health / Health summary	success	103142967591	2026-09-11T04:04:31Z
health / Scan open PRs	success	103142909397	2026-09-11T04:04:24Z
health / Schedule gate	success	103142896533	2026-09-11T04:04:06Z
Re-evaluate stalled agent PRs (non-consolidated)	skipped	103137430384	2026-09-11T03:33:59Z
Re-evaluate stalled agent PRs (consolidated)	success	103137429796	2026-09-11T03:34:15Z
Name keepalive sweep mode	success	103137429517	2026-09-11T03:34:06Z
health / Resolve conflicts	skipped	103131774685	2026-09-11T03:04:18Z
health / Nudge stalled PRs	skipped	103131774493	2026-09-11T03:04:18Z
health / Fix failing checks	skipped	103131774345	2026-09-11T03:04:18Z
health / Health summary	success	103131774183	2026-09-11T03:04:23Z
health / Scan open PRs	success	103131717580	2026-09-11T03:04:18Z
health / Schedule gate	success	103131704572	2026-09-11T03:03:59Z
Re-evaluate stalled agent PRs (non-consolidated)	skipped	103126714680	2026-09-11T02:37:33Z
Name keepalive sweep mode	success	103126713940	2026-09-11T02:37:38Z
Re-evaluate stalled agent PRs (consolidated)	success	103126713764	2026-09-11T02:37:45Z
health / Resolve conflicts	skipped	103120378557	2026-09-11T02:05:31Z
health / Nudge stalled PRs	skipped	103120378546	2026-09-11T02:05:31Z
health / Fix failing checks	skipped	103120378226	2026-09-11T02:05:31Z
health / Health summary	success	103120377769	2026-09-11T02:05:36Z
health / Scan open PRs	success	103120316959	2026-09-11T02:05:30Z
health / Schedule gate	success	103120294360	2026-09-11T02:05:12Z
Re-evaluate stalled agent PRs (non-consolidated)	skipped	103114812691	2026-09-11T01:36:53Z
Name keepalive sweep mode	success	103114811706	2026-09-11T01:36:57Z
Re-evaluate stalled agent PRs (consolidated)	success	103114811461	2026-09-11T01:37:03Z
health / Resolve conflicts	skipped	103110328589	2026-09-11T01:14:35Z
health / Nudge stalled PRs	skipped	103110328481	2026-09-11T01:14:35Z
health / Fix failing checks	skipped	103110328210	2026-09-11T01:14:35Z
health / Health summary	success	103110327663	2026-09-11T01:14:40Z
health / Scan open PRs	success	103110279911	2026-09-11T01:14:35Z
health / Schedule gate	success	103110259864	2026-09-11T01:14:21Z
Re-evaluate stalled agent PRs (non-consolidated)	skipped	103107419701	2026-09-11T01:00:49Z
Re-evaluate stalled agent PRs (consolidated)	success	103107418829	2026-09-11T01:01:00Z
Name keepalive sweep mode	success	103107418663	2026-09-11T01:00:53Z
health / Nudge stalled PRs	skipped	103096464356	2026-09-11T00:09:40Z
health / Fix failing checks	skipped	103096464288	2026-09-11T00:09:40Z
health / Resolve conflicts	skipped	103096463962	2026-09-11T00:09:40Z
health / Health summary	success	103096463514	2026-09-11T00:09:47Z
health / Scan open PRs	success	103096390828	2026-09-11T00:09:39Z
health / Schedule gate	success	103096370376	2026-09-11T00:09:19Z
Re-evaluate stalled agent PRs (non-consolidated)	skipped	103086993680	2026-09-10T23:26:37Z
Re-evaluate stalled agent PRs (consolidated)	success	103086992905	2026-09-10T23:26:54Z
Name keepalive sweep mode	success	103086992713	2026-09-10T23:26:41Z
health / Fix failing checks	skipped	103081417976	2026-09-10T23:03:06Z
health / Nudge stalled PRs	skipped	103081417526	2026-09-10T23:03:06Z
health / Resolve conflicts	skipped	103081417462	2026-09-10T23:03:06Z
health / Health summary	success	103081417050	2026-09-10T23:03:12Z
health / Scan open PRs	success	103081345672	2026-09-10T23:03:06Z
health / Schedule gate	success	103081325129	2026-09-10T23:02:49Z
Re-evaluate stalled agent PRs (non-consolidated)	skipped	103072513083	2026-09-10T22:27:25Z
Re-evaluate stalled agent PRs (consolidated)	success	103072512591	2026-09-10T22:27:36Z
Name keepalive sweep mode	success	103072512262	2026-09-10T22:27:32Z
health / Nudge stalled PRs	skipped	103065825586	2026-09-10T22:03:02Z
health / Fix failing checks	skipped	103065825468	2026-09-10T22:03:02Z
health / Resolve conflicts	skipped	103065825267	2026-09-10T22:03:02Z
health / Health summary	success	103065824682	2026-09-10T22:03:06Z
health / Scan open PRs	success	103065753462	2026-09-10T22:03:01Z
health / Schedule gate	success	103065728075	2026-09-10T22:02:46Z
Re-evaluate stalled agent PRs (non-consolidated)	skipped	103055465164	2026-09-10T21:26:53Z
Re-evaluate stalled agent PRs (consolidated)	success	103055461585	2026-09-10T21:27:07Z
Name keepalive sweep mode	success	103055461298	2026-09-10T21:26:59Z
health / Fix failing checks	skipped	103048070729	2026-09-10T21:03:18Z
health / Resolve conflicts	skipped	103048070352	2026-09-10T21:03:18Z
health / Nudge stalled PRs	skipped	103048070290	2026-09-10T21:03:18Z
health / Health summary	success	103048069690	2026-09-10T21:03:24Z
health / Scan open PRs	success	103047966572	2026-09-10T21:03:18Z
health / Schedule gate	success	103047933305	2026-09-10T21:03:00Z
Re-evaluate stalled agent PRs (non-consolidated)	skipped	103036748381	2026-09-10T20:28:07Z
Name keepalive sweep mode	success	103036746938	2026-09-10T20:28:11Z
Re-evaluate stalled agent PRs (consolidated)	success	103036746707	2026-09-10T20:28:18Z
health / Resolve conflicts	skipped	103028523165	2026-09-10T20:03:36Z
health / Nudge stalled PRs	skipped	103028522818	2026-09-10T20:03:36Z
health / Fix failing checks	skipped	103028522601	2026-09-10T20:03:36Z
health / Health summary	success	103028521584	2026-09-10T20:03:40Z
health / Scan open PRs	success	103028419343	2026-09-10T20:03:35Z
health / Schedule gate	success	103028396944	2026-09-10T20:03:18Z
Re-evaluate stalled agent PRs (non-consolidated)	skipped	103015900722	2026-09-10T19:25:25Z
Name keepalive sweep mode	success	103015899042	2026-09-10T19:25:31Z
Re-evaluate stalled agent PRs (consolidated)	success	103015898706	2026-09-10T19:25:44Z
health / Nudge stalled PRs	skipped	103008351515	2026-09-10T19:02:59Z
health / Resolve conflicts	skipped	103008351385	2026-09-10T19:02:59Z
health / Fix failing checks	skipped	103008351080	2026-09-10T19:02:59Z
health / Health summary	success	103008350144	2026-09-10T19:03:04Z
health / Scan open PRs	success	103008274565	2026-09-10T19:02:59Z
health / Schedule gate	success	103008242709	2026-09-10T19:02:46Z
Re-evaluate stalled agent PRs (non-consolidated)	skipped	102997926144	2026-09-10T18:32:19Z
Name keepalive sweep mode	success	102997924483	2026-09-10T18:32:24Z
Re-evaluate stalled agent PRs (consolidated)	success	102997924106	2026-09-10T18:32:31Z
health / Resolve conflicts	skipped	102988491026	2026-09-10T18:04:43Z
health / Fix failing checks	skipped	102988490869	2026-09-10T18:04:43Z
health / Nudge stalled PRs	skipped	102988490653	2026-09-10T18:04:43Z
health / Health summary	success	102988489616	2026-09-10T18:04:49Z
health / Scan open PRs	success	102988389027	2026-09-10T18:04:43Z
health / Schedule gate	success	102988364162	2026-09-10T18:04:26Z
Re-evaluate stalled agent PRs (non-consolidated)	skipped	102975845593	2026-09-10T17:27:18Z
Re-evaluate stalled agent PRs (consolidated)	success	102975844383	2026-09-10T17:27:37Z
Name keepalive sweep mode	success	102975844073	2026-09-10T17:27:22Z
health / Fix failing checks	skipped	102967831727	2026-09-10T17:03:39Z
health / Resolve conflicts	skipped	102967831592	2026-09-10T17:03:39Z
health / Nudge stalled PRs	skipped	102967831587	2026-09-10T17:03:39Z
health / Health summary	success	102967829912	2026-09-10T17:03:44Z
health / Scan open PRs	success	102967726636	2026-09-10T17:03:39Z
health / Schedule gate	success	102967691342	2026-09-10T17:03:20Z
Re-evaluate stalled agent PRs (non-consolidated)	skipped	102956130208	2026-09-10T16:29:19Z
Re-evaluate stalled agent PRs (consolidated)	success	102956128806	2026-09-10T16:29:32Z
Name keepalive sweep mode	success	102956128572	2026-09-10T16:29:25Z
health / Nudge stalled PRs	skipped	102947055841	2026-09-10T16:03:50Z
health / Fix failing checks	skipped	102947055751	2026-09-10T16:03:50Z
health / Resolve conflicts	skipped	102947055456	2026-09-10T16:03:50Z
health / Health summary	success	102947054304	2026-09-10T16:03:58Z
health / Scan open PRs	success	102946940984	2026-09-10T16:03:50Z
health / Schedule gate	success	102946908236	2026-09-10T16:03:31Z
Re-evaluate stalled agent PRs (non-consolidated)	skipped	102934621988	2026-09-10T15:30:06Z
Re-evaluate stalled agent PRs (consolidated)	success	102934619885	2026-09-10T15:30:26Z
Name keepalive sweep mode	success	102934619694	2026-09-10T15:30:12Z
health / Resolve conflicts	skipped	102924815706	2026-09-10T15:03:49Z
health / Nudge stalled PRs	skipped	102924815029	2026-09-10T15:03:49Z
health / Fix failing checks	skipped	102924814989	2026-09-10T15:03:49Z
health / Health summary	success	102924813624	2026-09-10T15:03:54Z
health / Scan open PRs	success	102924726742	2026-09-10T15:03:49Z
health / Schedule gate	success	102924683593	2026-09-10T15:03:35Z
Re-evaluate stalled agent PRs (non-consolidated)	skipped	102912027828	2026-09-10T14:29:52Z
Name keepalive sweep mode	success	102912026620	2026-09-10T14:29:58Z
Re-evaluate stalled agent PRs (consolidated)	success	102912026312	2026-09-10T14:30:07Z
health / Resolve conflicts	skipped	102902257488	2026-09-10T14:03:37Z
health / Fix failing checks	skipped	102902257299	2026-09-10T14:03:37Z
health / Nudge stalled PRs	skipped	102902256448	2026-09-10T14:03:37Z
health / Health summary	success	102902256032	2026-09-10T14:03:42Z
health / Scan open PRs	success	102902170088	2026-09-10T14:03:37Z
health / Schedule gate	success	102902119432	2026-09-10T14:03:23Z
Re-evaluate stalled agent PRs (non-consolidated)	skipped	102889619758	2026-09-10T13:28:13Z
Name keepalive sweep mode	success	102889618795	2026-09-10T13:28:21Z
Re-evaluate stalled agent PRs (consolidated)	success	102889618463	2026-09-10T13:28:24Z
health / Nudge stalled PRs	skipped	102881119807	2026-09-10T13:03:32Z
health / Fix failing checks	skipped	102881119371	2026-09-10T13:03:32Z
health / Resolve conflicts	skipped	102881119028	2026-09-10T13:03:32Z
health / Health summary	success	102881118357	2026-09-10T13:03:37Z
health / Scan open PRs	success	102881020503	2026-09-10T13:03:32Z
health / Schedule gate	success	102880990565	2026-09-10T13:03:14Z
Re-evaluate stalled agent PRs (non-consolidated)	skipped	102873676214	2026-09-10T12:40:45Z
Name keepalive sweep mode	success	102873675204	2026-09-10T12:40:51Z
Re-evaluate stalled agent PRs (consolidated)	success	102873674756	2026-09-10T12:40:54Z
health / Nudge stalled PRs	skipped	102862741830	2026-09-10T12:05:19Z
health / Resolve conflicts	skipped	102862740631	2026-09-10T12:05:19Z
health / Fix failing checks	skipped	102862740524	2026-09-10T12:05:19Z
health / Health summary	success	102862740009	2026-09-10T12:05:24Z
health / Scan open PRs	success	102862642657	2026-09-10T12:05:18Z
health / Schedule gate	success	102862619716	2026-09-10T12:05:00Z
Re-evaluate stalled agent PRs (non-consolidated)	skipped	102852163659	2026-09-10T11:28:35Z
Name keepalive sweep mode	success	102852162861	2026-09-10T11:28:42Z
Re-evaluate stalled agent PRs (consolidated)	success	102852162294	2026-09-10T11:28:47Z
health / Fix failing checks	skipped	102845170153	2026-09-10T11:03:39Z
health / Nudge stalled PRs	skipped	102845170134	2026-09-10T11:03:39Z
health / Resolve conflicts	skipped	102845170122	2026-09-10T11:03:39Z
health / Health summary	success	102845169207	2026-09-10T11:03:44Z
health / Scan open PRs	success	102845110306	2026-09-10T11:03:39Z
health / Schedule gate	success	102845080864	2026-09-10T11:03:26Z
Re-evaluate stalled agent PRs (non-consolidated)	skipped	102835930447	2026-09-10T10:30:28Z
Re-evaluate stalled agent PRs (consolidated)	success	102835929006	2026-09-10T10:30:41Z
Name keepalive sweep mode	success	102835928842	2026-09-10T10:30:33Z
health / Resolve conflicts	skipped	102828331077	2026-09-10T10:03:46Z
health / Fix failing checks	skipped	102828330735	2026-09-10T10:03:46Z
health / Nudge stalled PRs	skipped	102828330181	2026-09-10T10:03:46Z
health / Health summary	success	102828329816	2026-09-10T10:03:53Z
health / Scan open PRs	success	102828239644	2026-09-10T10:03:46Z
health / Schedule gate	success	102828210581	2026-09-10T10:03:27Z
Re-evaluate stalled agent PRs (non-consolidated)	skipped	102819105658	2026-09-10T09:32:13Z
Name keepalive sweep mode	success	102819104778	2026-09-10T09:32:18Z
Re-evaluate stalled agent PRs (consolidated)	success	102819104578	2026-09-10T09:32:29Z
health / Nudge stalled PRs	skipped	102810773585	2026-09-10T09:04:14Z
health / Resolve conflicts	skipped	102810773002	2026-09-10T09:04:14Z
health / Fix failing checks	skipped	102810772437	2026-09-10T09:04:14Z
health / Health summary	success	102810772010	2026-09-10T09:04:19Z
health / Scan open PRs	success	102810688024	2026-09-10T09:04:13Z
health / Schedule gate	success	102810665472	2026-09-10T09:03:57Z
Re-evaluate stalled agent PRs (non-consolidated)	skipped	102802869438	2026-09-10T08:37:12Z
Re-evaluate stalled agent PRs (consolidated)	success	102802867278	2026-09-10T08:37:24Z
Name keepalive sweep mode	success	102802867084	2026-09-10T08:37:18Z
health / Resolve conflicts	skipped	102793681581	2026-09-10T08:05:13Z
health / Fix failing checks	skipped	102793681203	2026-09-10T08:05:13Z
health / Nudge stalled PRs	skipped	102793680549	2026-09-10T08:05:13Z
health / Health summary	success	102793680469	2026-09-10T08:05:18Z
health / Scan open PRs	success	102793577110	2026-09-10T08:05:13Z
health / Schedule gate	success	102793548607	2026-09-10T08:04:51Z
Re-evaluate stalled agent PRs (non-consolidated)	skipped	102784758125	2026-09-10T07:32:18Z
Name keepalive sweep mode	success	102784756703	2026-09-10T07:32:23Z
Re-evaluate stalled agent PRs (consolidated)	success	102784756363	2026-09-10T07:32:32Z
health / Nudge stalled PRs	skipped	102777401523	2026-09-10T07:04:13Z
health / Fix failing checks	skipped	102777401224	2026-09-10T07:04:13Z
health / Resolve conflicts	skipped	102777401112	2026-09-10T07:04:13Z
health / Health summary	success	102777399906	2026-09-10T07:04:19Z
health / Scan open PRs	success	102777327973	2026-09-10T07:04:13Z
health / Schedule gate	success	102777308897	2026-09-10T07:03:56Z
coverage guard outcome	success	102775827318	2026-09-10T06:58:05Z
coverage baseline monitor	success	102775781886	2026-09-10T06:57:59Z
Rate limit gate	success	102775713808	2026-09-10T06:57:47Z
Re-evaluate stalled agent PRs (non-consolidated)	skipped	102772591583	2026-09-10T06:44:37Z
Name keepalive sweep mode	success	102772590344	2026-09-10T06:44:41Z
Re-evaluate stalled agent PRs (consolidated)	success	102772590007	2026-09-10T06:44:47Z
health / Nudge stalled PRs	skipped	102764094270	2026-09-10T06:06:40Z
health / Resolve conflicts	skipped	102764094115	2026-09-10T06:06:40Z
health / Fix failing checks	skipped	102764093744	2026-09-10T06:06:40Z
health / Health summary	success	102764093447	2026-09-10T06:06:45Z
health / Scan open PRs	success	102764024521	2026-09-10T06:06:40Z
health / Schedule gate	success	102764007438	2026-09-10T06:06:21Z
Re-evaluate stalled agent PRs (non-consolidated)	skipped	102756630803	2026-09-10T05:29:26Z
Name keepalive sweep mode	success	102756629922	2026-09-10T05:29:32Z
Re-evaluate stalled agent PRs (consolidated)	success	102756629713	2026-09-10T05:29:36Z
health / Nudge stalled PRs	skipped	102751607695	2026-09-10T05:03:50Z
health / Fix failing checks	skipped	102751606999	2026-09-10T05:03:50Z
health / Resolve conflicts	skipped	102751606864	2026-09-10T05:03:50Z
health / Health summary	success	102751605995	2026-09-10T05:03:53Z
health / Scan open PRs	success	102751545265	2026-09-10T05:03:49Z
health / Schedule gate	success	102751530594	2026-09-10T05:03:30Z
Re-evaluate stalled agent PRs (non-consolidated)	skipped	102745989756	2026-09-10T04:33:44Z
Name keepalive sweep mode	success	102745989106	2026-09-10T04:33:48Z
Re-evaluate stalled agent PRs (consolidated)	success	102745989016	2026-09-10T04:33:57Z
health / Resolve conflicts	skipped	102740256543	2026-09-10T04:04:10Z
health / Fix failing checks	skipped	102740256462	2026-09-10T04:04:10Z
health / Nudge stalled PRs	skipped	102740256286	2026-09-10T04:04:10Z
health / Health summary	success	102740255965	2026-09-10T04:04:16Z
health / Scan open PRs	success	102740211551	2026-09-10T04:04:10Z
health / Schedule gate	success	102740193236	2026-09-10T04:03:56Z
Re-evaluate stalled agent PRs (non-consolidated)	skipped	102734698355	2026-09-10T03:34:13Z
Name keepalive sweep mode	success	102734697576	2026-09-10T03:34:18Z
Re-evaluate stalled agent PRs (consolidated)	success	102734697401	2026-09-10T03:34:27Z
health / Resolve conflicts	skipped	102728957775	2026-09-10T03:04:15Z
health / Nudge stalled PRs	skipped	102728957502	2026-09-10T03:04:15Z
health / Fix failing checks	skipped	102728957479	2026-09-10T03:04:15Z
health / Health summary	success	102728956857	2026-09-10T03:04:19Z
health / Scan open PRs	success	102728909037	2026-09-10T03:04:15Z
health / Schedule gate	success	102728887379	2026-09-10T03:04:00Z
Re-evaluate stalled agent PRs (non-consolidated)	skipped	102723830970	2026-09-10T02:37:23Z
Re-evaluate stalled agent PRs (consolidated)	success	102723830120	2026-09-10T02:37:32Z
Name keepalive sweep mode	success	102723829918	2026-09-10T02:37:31Z
health / Fix failing checks	skipped	102717359339	2026-09-10T02:05:10Z
health / Resolve conflicts	skipped	102717359184	2026-09-10T02:05:10Z
health / Nudge stalled PRs	skipped	102717359143	2026-09-10T02:05:10Z
health / Health summary	success	102717358457	2026-09-10T02:05:15Z
health / Scan open PRs	success	102717316981	2026-09-10T02:05:10Z
health / Schedule gate	success	102717298942	2026-09-10T02:04:58Z
Re-evaluate stalled agent PRs (non-consolidated)	skipped	102711716999	2026-09-10T01:36:31Z
Name keepalive sweep mode	success	102711716454	2026-09-10T01:36:38Z
Re-evaluate stalled agent PRs (consolidated)	success	102711716187	2026-09-10T01:36:42Z
health / Nudge stalled PRs	skipped	102707300899	2026-09-10T01:14:46Z
health / Fix failing checks	skipped	102707300496	2026-09-10T01:14:46Z
health / Resolve conflicts	skipped	102707300403	2026-09-10T01:14:46Z
health / Health summary	success	102707299883	2026-09-10T01:14:51Z
health / Scan open PRs	success	102707240492	2026-09-10T01:14:46Z
health / Schedule gate	success	102707222736	2026-09-10T01:14:28Z
Re-evaluate stalled agent PRs (non-consolidated)	skipped	102704492431	2026-09-10T01:01:20Z
Name keepalive sweep mode	success	102704491426	2026-09-10T01:01:26Z
Re-evaluate stalled agent PRs (consolidated)	success	102704491325	2026-09-10T01:01:31Z
health / Fix failing checks	skipped	102693201298	2026-09-10T00:08:58Z
health / Resolve conflicts	skipped	102693201130	2026-09-10T00:08:58Z
health / Nudge stalled PRs	skipped	102693201128	2026-09-10T00:08:58Z
health / Health summary	success	102693200976	2026-09-10T00:09:03Z
health / Scan open PRs	success	102693139504	2026-09-10T00:08:58Z
health / Schedule gate	success	102693120562	2026-09-10T00:08:41Z
Re-evaluate stalled agent PRs (non-consolidated)	skipped	102683977360	2026-09-09T23:27:17Z
Re-evaluate stalled agent PRs (consolidated)	success	102683976449	2026-09-09T23:27:27Z
Name keepalive sweep mode	success	102683976258	2026-09-09T23:27:22Z
health / Nudge stalled PRs	skipped	102678374129	2026-09-09T23:03:35Z
health / Fix failing checks	skipped	102678373995	2026-09-09T23:03:35Z
health / Resolve conflicts	skipped	102678373961	2026-09-09T23:03:35Z
health / Health summary	success	102678372989	2026-09-09T23:03:41Z
health / Scan open PRs	success	102678293203	2026-09-09T23:03:34Z
health / Schedule gate	success	102678269511	2026-09-09T23:03:15Z
Re-evaluate stalled agent PRs (non-consolidated)	skipped	102669371594	2026-09-09T22:27:47Z
Name keepalive sweep mode	success	102669370707	2026-09-09T22:27:52Z
Re-evaluate stalled agent PRs (consolidated)	success	102669370545	2026-09-09T22:27:58Z
health / Fix failing checks	skipped	102662593770	2026-09-09T22:03:08Z
health / Resolve conflicts	skipped	102662593740	2026-09-09T22:03:08Z
health / Nudge stalled PRs	skipped	102662593349	2026-09-09T22:03:08Z
health / Health summary	success	102662592790	2026-09-09T22:03:14Z
health / Scan open PRs	success	102662519360	2026-09-09T22:03:07Z
health / Schedule gate	success	102662489550	2026-09-09T22:02:51Z
Re-evaluate stalled agent PRs (non-consolidated)	skipped	102652378710	2026-09-09T21:27:36Z
Re-evaluate stalled agent PRs (consolidated)	success	102652377797	2026-09-09T21:27:46Z
Name keepalive sweep mode	success	102652377673	2026-09-09T21:27:40Z
health / Fix failing checks	skipped	102644817833	2026-09-09T21:03:26Z
health / Resolve conflicts	skipped	102644817343	2026-09-09T21:03:26Z
health / Nudge stalled PRs	skipped	102644816859	2026-09-09T21:03:26Z
health / Health summary	success	102644816182	2026-09-09T21:03:31Z
health / Scan open PRs	success	102644722095	2026-09-09T21:03:25Z
health / Schedule gate	success	102644680856	2026-09-09T21:03:08Z
Re-evaluate stalled agent PRs (non-consolidated)	skipped	102633756257	2026-09-09T20:29:34Z
Name keepalive sweep mode	success	102633754930	2026-09-09T20:29:38Z
Re-evaluate stalled agent PRs (consolidated)	success	102633754390	2026-09-09T20:29:46Z
health / Resolve conflicts	skipped	102625081361	2026-09-09T20:03:40Z
health / Fix failing checks	skipped	102625081125	2026-09-09T20:03:40Z
health / Nudge stalled PRs	skipped	102625080627	2026-09-09T20:03:40Z
health / Health summary	success	102625080267	2026-09-09T20:03:47Z
health / Scan open PRs	success	102624987177	2026-09-09T20:03:40Z
health / Schedule gate	success	102624955648	2026-09-09T20:03:23Z
Re-evaluate stalled agent PRs (non-consolidated)	skipped	102612854095	2026-09-09T19:27:10Z
Re-evaluate stalled agent PRs (consolidated)	success	102612852340	2026-09-09T19:27:22Z
Name keepalive sweep mode	success	102612851987	2026-09-09T19:27:16Z
health / Fix failing checks	skipped	102604768929	2026-09-09T19:03:02Z
health / Resolve conflicts	skipped	102604768640	2026-09-09T19:03:02Z
health / Nudge stalled PRs	skipped	102604768387	2026-09-09T19:03:02Z
health / Health summary	success	102604767278	2026-09-09T19:03:09Z
health / Scan open PRs	success	102604676223	2026-09-09T19:03:02Z
health / Schedule gate	success	102604650001	2026-09-09T19:02:46Z
Re-evaluate stalled agent PRs (non-consolidated)	skipped	102595145505	2026-09-09T18:34:32Z
Name keepalive sweep mode	success	102595144035	2026-09-09T18:35:12Z
Re-evaluate stalled agent PRs (consolidated)	success	102595144021	2026-09-09T18:34:47Z
health / Fix failing checks	skipped	102585149493	2026-09-09T18:05:04Z
health / Resolve conflicts	skipped	102585149305	2026-09-09T18:05:04Z
health / Nudge stalled PRs	skipped	102585148482	2026-09-09T18:05:04Z
health / Health summary	success	102585148230	2026-09-09T18:05:09Z
health / Scan open PRs	success	102585024510	2026-09-09T18:05:03Z
health / Schedule gate	success	102584976432	2026-09-09T18:04:41Z
Re-evaluate stalled agent PRs (non-consolidated)	skipped	102572598555	2026-09-09T17:28:28Z
Name keepalive sweep mode	success	102572597381	2026-09-09T17:28:32Z
Re-evaluate stalled agent PRs (consolidated)	success	102572597102	2026-09-09T17:28:37Z
health / Nudge stalled PRs	skipped	102564088575	2026-09-09T17:03:26Z
health / Fix failing checks	skipped	102564088377	2026-09-09T17:03:26Z
health / Resolve conflicts	skipped	102564087948	2026-09-09T17:03:26Z
health / Health summary	success	102564086909	2026-09-09T17:03:31Z
health / Scan open PRs	success	102564008217	2026-09-09T17:03:25Z
health / Schedule gate	success	102563974323	2026-09-09T17:03:12Z
Re-evaluate stalled agent PRs (non-consolidated)	skipped	102553341796	2026-09-09T16:32:12Z
Re-evaluate stalled agent PRs (consolidated)	success	102553340300	2026-09-09T16:32:23Z
Name keepalive sweep mode	success	102553339791	2026-09-09T16:32:18Z
health / Resolve conflicts	skipped	102543242619	2026-09-09T16:04:02Z
health / Nudge stalled PRs	skipped	102543242004	2026-09-09T16:04:02Z
health / Fix failing checks	skipped	102543241356	2026-09-09T16:04:02Z
health / Health summary	success	102543240754	2026-09-09T16:04:08Z
health / Scan open PRs	success	102543122316	2026-09-09T16:04:01Z
health / Schedule gate	success	102543084830	2026-09-09T16:03:42Z
Re-evaluate stalled agent PRs (non-consolidated)	skipped	102530789984	2026-09-09T15:30:23Z
Name keepalive sweep mode	success	102530788371	2026-09-09T15:30:28Z
Re-evaluate stalled agent PRs (consolidated)	success	102530788225	2026-09-09T15:30:40Z
health / Fix failing checks	skipped	102520772754	2026-09-09T15:03:48Z
health / Nudge stalled PRs	skipped	102520772215	2026-09-09T15:03:48Z
health / Resolve conflicts	skipped	102520772189	2026-09-09T15:03:48Z
health / Health summary	success	102520770991	2026-09-09T15:03:55Z
health / Scan open PRs	success	102520659141	2026-09-09T15:03:48Z
health / Schedule gate	success	102520627177	2026-09-09T15:03:31Z
Re-evaluate stalled agent PRs (non-consolidated)	skipped	102508346439	2026-09-09T14:31:07Z
Re-evaluate stalled agent PRs (consolidated)	success	102508344585	2026-09-09T14:31:17Z
Name keepalive sweep mode	success	102508344379	2026-09-09T14:31:13Z
health / Fix failing checks	skipped	102498139984	2026-09-09T14:03:57Z
health / Resolve conflicts	skipped	102498139789	2026-09-09T14:03:57Z
health / Nudge stalled PRs	skipped	102498139634	2026-09-09T14:03:57Z
health / Health summary	success	102498138592	2026-09-09T14:04:04Z
health / Scan open PRs	success	102498053183	2026-09-09T14:03:57Z
health / Schedule gate	success	102498000530	2026-09-09T14:03:43Z
Re-evaluate stalled agent PRs (non-consolidated)	skipped	102485888527	2026-09-09T13:30:41Z
Re-evaluate stalled agent PRs (consolidated)	success	102485886325	2026-09-09T13:30:59Z
Name keepalive sweep mode	success	102485885716	2026-09-09T13:30:46Z
health / Nudge stalled PRs	skipped	102476323217	2026-09-09T13:03:34Z
health / Resolve conflicts	skipped	102476322840	2026-09-09T13:03:34Z
health / Health summary	success	102476322691	2026-09-09T13:03:40Z
health / Fix failing checks	skipped	102476322567	2026-09-09T13:03:34Z
health / Scan open PRs	success	102476188098	2026-09-09T13:03:34Z
health / Schedule gate	success	102476153238	2026-09-09T13:03:10Z
Re-evaluate stalled agent PRs (non-consolidated)	skipped	102468621433	2026-09-09T12:40:32Z
Name keepalive sweep mode	success	102468619945	2026-09-09T12:40:38Z
Re-evaluate stalled agent PRs (consolidated)	success	102468619695	2026-09-09T12:40:46Z
health / Nudge stalled PRs	skipped	102457488793	2026-09-09T12:05:29Z
health / Fix failing checks	skipped	102457488610	2026-09-09T12:05:29Z
health / Resolve conflicts	skipped	102457488370	2026-09-09T12:05:29Z
health / Health summary	success	102457487935	2026-09-09T12:05:35Z
health / Scan open PRs	success	102457398446	2026-09-09T12:05:29Z
health / Schedule gate	success	102457373188	2026-09-09T12:05:12Z
Re-evaluate stalled agent PRs (non-consolidated)	skipped	102446855870	2026-09-09T11:28:45Z
Name keepalive sweep mode	success	102446854778	2026-09-09T11:28:50Z
Re-evaluate stalled agent PRs (consolidated)	success	102446854648	2026-09-09T11:29:05Z
health / Resolve conflicts	skipped	102439595257	2026-09-09T11:03:31Z
health / Nudge stalled PRs	skipped	102439595154	2026-09-09T11:03:31Z
health / Fix failing checks	skipped	102439595071	2026-09-09T11:03:31Z
health / Health summary	success	102439594478	2026-09-09T11:03:39Z
health / Scan open PRs	success	102439511989	2026-09-09T11:03:31Z
health / Schedule gate	success	102439484402	2026-09-09T11:03:14Z
Re-evaluate stalled agent PRs (non-consolidated)	skipped	102430155185	2026-09-09T10:30:29Z
Name keepalive sweep mode	success	102430153561	2026-09-09T10:30:37Z
Re-evaluate stalled agent PRs (consolidated)	success	102430153259	2026-09-09T10:30:44Z
health / Fix failing checks	skipped	102422495406	2026-09-09T10:04:04Z
health / Nudge stalled PRs	skipped	102422495283	2026-09-09T10:04:04Z
health / Resolve conflicts	skipped	102422494883	2026-09-09T10:04:04Z
health / Health summary	success	102422494198	2026-09-09T10:04:10Z
health / Scan open PRs	success	102422404052	2026-09-09T10:04:04Z
health / Schedule gate	success	102422380079	2026-09-09T10:03:46Z
Re-evaluate stalled agent PRs (non-consolidated)	skipped	102413205025	2026-09-09T09:32:49Z
Name keepalive sweep mode	success	102413203723	2026-09-09T09:32:54Z
Re-evaluate stalled agent PRs (consolidated)	success	102413203372	2026-09-09T09:32:58Z
health / Resolve conflicts	skipped	102404543379	2026-09-09T09:04:18Z
health / Fix failing checks	skipped	102404542941	2026-09-09T09:04:18Z
health / Nudge stalled PRs	skipped	102404542865	2026-09-09T09:04:18Z
health / Health summary	success	102404542100	2026-09-09T09:04:25Z
health / Scan open PRs	success	102404448009	2026-09-09T09:04:18Z
health / Schedule gate	success	102404415407	2026-09-09T09:04:00Z
Re-evaluate stalled agent PRs (non-consolidated)	skipped	102396054059	2026-09-09T08:35:50Z
Name keepalive sweep mode	success	102396053279	2026-09-09T08:35:56Z
Re-evaluate stalled agent PRs (consolidated)	success	102396053045	2026-09-09T08:36:07Z
health / Resolve conflicts	skipped	102387087893	2026-09-09T08:05:12Z
health / Nudge stalled PRs	skipped	102387087876	2026-09-09T08:05:12Z
health / Fix failing checks	skipped	102387087674	2026-09-09T08:05:12Z
health / Health summary	success	102387087276	2026-09-09T08:05:19Z
health / Scan open PRs	success	102386998002	2026-09-09T08:05:12Z
health / Schedule gate	success	102386976767	2026-09-09T08:04:53Z
Re-evaluate stalled agent PRs (non-consolidated)	skipped	102378068647	2026-09-09T07:32:16Z
Re-evaluate stalled agent PRs (consolidated)	success	102378067549	2026-09-09T07:32:27Z
Name keepalive sweep mode	success	102378067407	2026-09-09T07:32:21Z
health / Fix failing checks	skipped	102370562736	2026-09-09T07:04:13Z
health / Resolve conflicts	skipped	102370562491	2026-09-09T07:04:13Z
health / Nudge stalled PRs	skipped	102370562473	2026-09-09T07:04:13Z
health / Health summary	success	102370561707	2026-09-09T07:04:18Z
health / Scan open PRs	success	102370505116	2026-09-09T07:04:12Z
health / Schedule gate	success	102370487798	2026-09-09T07:04:00Z
coverage guard outcome	success	102368956995	2026-09-09T06:58:04Z
coverage baseline monitor	success	102368908686	2026-09-09T06:57:58Z
Rate limit gate	success	102368865495	2026-09-09T06:57:46Z
Re-evaluate stalled agent PRs (non-consolidated)	skipped	102365736032	2026-09-09T06:44:50Z
Name keepalive sweep mode	success	102365735320	2026-09-09T06:44:56Z
Re-evaluate stalled agent PRs (consolidated)	success	102365735298	2026-09-09T06:45:02Z
health / Resolve conflicts	skipped	102356943847	2026-09-09T06:06:01Z
health / Fix failing checks	skipped	102356943431	2026-09-09T06:06:01Z
health / Nudge stalled PRs	skipped	102356943083	2026-09-09T06:06:01Z
health / Health summary	success	102356942706	2026-09-09T06:06:06Z
health / Scan open PRs	success	102356897026	2026-09-09T06:06:01Z
health / Schedule gate	success	102356880243	2026-09-09T06:05:48Z
Re-evaluate stalled agent PRs (non-consolidated)	skipped	102349599166	2026-09-09T05:30:00Z
Name keepalive sweep mode	success	102349598329	2026-09-09T05:30:05Z
Re-evaluate stalled agent PRs (consolidated)	success	102349598165	2026-09-09T05:30:13Z
health / Fix failing checks	skipped	102344430047	2026-09-09T05:03:46Z
health / Nudge stalled PRs	skipped	102344430001	2026-09-09T05:03:46Z
health / Resolve conflicts	skipped	102344429663	2026-09-09T05:03:46Z
health / Health summary	success	102344429131	2026-09-09T05:03:52Z
health / Scan open PRs	success	102344373992	2026-09-09T05:03:46Z
health / Schedule gate	success	102344351283	2026-09-09T05:03:28Z
Re-evaluate stalled agent PRs (non-consolidated)	skipped	102338745654	2026-09-09T04:33:37Z
Name keepalive sweep mode	success	102338744587	2026-09-09T04:33:44Z
Re-evaluate stalled agent PRs (consolidated)	success	102338744348	2026-09-09T04:33:49Z
health / Fix failing checks	skipped	102333146840	2026-09-09T04:04:24Z
health / Resolve conflicts	skipped	102333146136	2026-09-09T04:04:24Z
health / Nudge stalled PRs	skipped	102333145965	2026-09-09T04:04:24Z
health / Health summary	success	102333145575	2026-09-09T04:04:28Z
health / Scan open PRs	success	102333089037	2026-09-09T04:04:24Z
health / Schedule gate	success	102333074234	2026-09-09T04:04:07Z
Re-evaluate stalled agent PRs (non-consolidated)	skipped	102327529071	2026-09-09T03:34:19Z
Name keepalive sweep mode	success	102327528339	2026-09-09T03:34:25Z
Re-evaluate stalled agent PRs (consolidated)	success	102327528144	2026-09-09T03:34:37Z
health / Fix failing checks	skipped	102321821483	2026-09-09T03:04:37Z
health / Resolve conflicts	skipped	102321821269	2026-09-09T03:04:37Z
health / Nudge stalled PRs	skipped	102321821093	2026-09-09T03:04:37Z
health / Health summary	success	102321820703	2026-09-09T03:04:41Z
health / Scan open PRs	success	102321768973	2026-09-09T03:04:37Z
health / Schedule gate	success	102321755507	2026-09-09T03:04:20Z
Re-evaluate stalled agent PRs (non-consolidated)	skipped	102316535386	2026-09-09T02:37:01Z
Name keepalive sweep mode	success	102316534278	2026-09-09T02:37:05Z
Re-evaluate stalled agent PRs (consolidated)	success	102316534147	2026-09-09T02:37:21Z
health / Resolve conflicts	skipped	102310062677	2026-09-09T02:05:14Z
health / Nudge stalled PRs	skipped	102310062664	2026-09-09T02:05:14Z
health / Fix failing checks	skipped	102310062616	2026-09-09T02:05:14Z
health / Health summary	success	102310061580	2026-09-09T02:05:20Z
health / Scan open PRs	success	102310005993	2026-09-09T02:05:14Z
health / Schedule gate	success	102309990794	2026-09-09T02:04:59Z
Re-evaluate stalled agent PRs (non-consolidated)	skipped	102304839314	2026-09-09T01:39:07Z
Name keepalive sweep mode	success	102304838697	2026-09-09T01:39:14Z
Re-evaluate stalled agent PRs (consolidated)	success	102304838411	2026-09-09T01:39:21Z
health / Resolve conflicts	skipped	102300028540	2026-09-09T01:15:21Z
health / Fix failing checks	skipped	102300028219	2026-09-09T01:15:21Z
health / Nudge stalled PRs	skipped	102300028168	2026-09-09T01:15:21Z
health / Health summary	success	102300028078	2026-09-09T01:15:25Z
health / Scan open PRs	success	102299969995	2026-09-09T01:15:21Z
health / Schedule gate	success	102299953291	2026-09-09T01:15:04Z
Re-evaluate stalled agent PRs (non-consolidated)	skipped	102297361793	2026-09-09T01:02:46Z
Name keepalive sweep mode	success	102297360979	2026-09-09T01:02:50Z
Re-evaluate stalled agent PRs (consolidated)	success	102297360801	2026-09-09T01:02:59Z
health / Nudge stalled PRs	skipped	102285930340	2026-09-09T00:09:49Z
health / Fix failing checks	skipped	102285930309	2026-09-09T00:09:49Z
health / Resolve conflicts	skipped	102285930165	2026-09-09T00:09:49Z
health / Health summary	success	102285929569	2026-09-09T00:09:56Z
health / Scan open PRs	success	102285880822	2026-09-09T00:09:49Z
health / Schedule gate	success	102285861256	2026-09-09T00:09:37Z
Re-evaluate stalled agent PRs (non-consolidated)	skipped	102276330725	2026-09-08T23:26:57Z
Name keepalive sweep mode	success	102276329804	2026-09-08T23:27:05Z
Re-evaluate stalled agent PRs (consolidated)	success	102276329576	2026-09-08T23:27:08Z
health / Nudge stalled PRs	skipped	102270870170	2026-09-08T23:04:09Z
health / Fix failing checks	skipped	102270869457	2026-09-08T23:04:09Z
health / Resolve conflicts	skipped	102270869297	2026-09-08T23:04:09Z
health / Health summary	success	102270868847	2026-09-08T23:04:14Z
health / Scan open PRs	success	102270816137	2026-09-08T23:04:08Z
health / Schedule gate	success	102270651126	2026-09-08T23:03:56Z
Re-evaluate stalled agent PRs (non-consolidated)	skipped	102261728823	2026-09-08T22:27:52Z
Re-evaluate stalled agent PRs (consolidated)	success	102261727781	2026-09-08T22:28:06Z
Name keepalive sweep mode	success	102261727569	2026-09-08T22:28:00Z
health / Resolve conflicts	skipped	102255003192	2026-09-08T22:03:52Z
health / Fix failing checks	skipped	102255002780	2026-09-08T22:03:52Z
health / Nudge stalled PRs	skipped	102255002661	2026-09-08T22:03:52Z
health / Health summary	success	102255002122	2026-09-08T22:03:57Z
health / Scan open PRs	success	102254925836	2026-09-08T22:03:52Z
health / Schedule gate	success	102254898749	2026-09-08T22:03:35Z
Re-evaluate stalled agent PRs (non-consolidated)	skipped	102244213501	2026-09-08T21:26:34Z
Name keepalive sweep mode	success	102244212477	2026-09-08T21:26:40Z
Re-evaluate stalled agent PRs (consolidated)	success	102244212331	2026-09-08T21:26:44Z
health / Resolve conflicts	skipped	102236787702	2026-09-08T21:03:07Z
health / Fix failing checks	skipped	102236787475	2026-09-08T21:03:07Z
health / Nudge stalled PRs	skipped	102236787420	2026-09-08T21:03:07Z
health / Health summary	success	102236786294	2026-09-08T21:03:12Z
health / Scan open PRs	success	102236694703	2026-09-08T21:03:07Z
health / Schedule gate	success	102236672108	2026-09-08T21:02:50Z
Re-evaluate stalled agent PRs (non-consolidated)	skipped	102225958050	2026-09-08T20:29:11Z
Name keepalive sweep mode	success	102225957097	2026-09-08T20:29:16Z
Re-evaluate stalled agent PRs (consolidated)	success	102225956535	2026-09-08T20:29:26Z
health / Fix failing checks	skipped	102217510290	2026-09-08T20:03:28Z
health / Resolve conflicts	skipped	102217509736	2026-09-08T20:03:28Z
health / Nudge stalled PRs	skipped	102217509622	2026-09-08T20:03:28Z
health / Health summary	success	102217509168	2026-09-08T20:03:34Z
health / Scan open PRs	success	102217437788	2026-09-08T20:03:27Z
health / Schedule gate	success	102217403386	2026-09-08T20:03:15Z
Re-evaluate stalled agent PRs (non-consolidated)	skipped	102205724377	2026-09-08T19:27:26Z
Name keepalive sweep mode	success	102205722862	2026-09-08T19:27:32Z
Re-evaluate stalled agent PRs (consolidated)	success	102205722661	2026-09-08T19:27:36Z
health / Nudge stalled PRs	skipped	102197711290	2026-09-08T19:03:14Z
health / Fix failing checks	skipped	102197711066	2026-09-08T19:03:14Z
health / Resolve conflicts	skipped	102197710624	2026-09-08T19:03:14Z
health / Health summary	success	102197710011	2026-09-08T19:03:22Z
health / Scan open PRs	success	102197628747	2026-09-08T19:03:14Z
health / Schedule gate	success	102197592623	2026-09-08T19:02:59Z
Re-evaluate stalled agent PRs (non-consolidated)	skipped	102188353711	2026-09-08T18:35:05Z
Name keepalive sweep mode	success	102188352137	2026-09-08T18:35:10Z
Re-evaluate stalled agent PRs (consolidated)	success	102188351678	2026-09-08T18:35:16Z
health / Resolve conflicts	skipped	102178286777	2026-09-08T18:04:49Z
health / Fix failing checks	skipped	102178286505	2026-09-08T18:04:49Z
health / Nudge stalled PRs	skipped	102178286437	2026-09-08T18:04:49Z
health / Health summary	success	102178286141	2026-09-08T18:04:54Z
health / Scan open PRs	success	102178216067	2026-09-08T18:04:48Z
health / Schedule gate	success	102178170455	2026-09-08T18:04:36Z
Re-evaluate stalled agent PRs (non-consolidated)	skipped	102166121746	2026-09-08T17:28:05Z
Name keepalive sweep mode	success	102166120492	2026-09-08T17:28:57Z
Re-evaluate stalled agent PRs (consolidated)	success	102166120439	2026-09-08T17:28:15Z
health / Fix failing checks	skipped	102157750364	2026-09-08T17:03:30Z
health / Nudge stalled PRs	skipped	102157749580	2026-09-08T17:03:30Z
health / Health summary	success	102157749405	2026-09-08T17:03:36Z
health / Scan open PRs	success	102157661666	2026-09-08T17:03:30Z
health / Schedule gate	success	102157633287	2026-09-08T17:03:13Z
Re-evaluate stalled agent PRs (non-consolidated)	skipped	102147665694	2026-09-08T16:33:22Z
Name keepalive sweep mode	success	102147664487	2026-09-08T16:33:30Z
Re-evaluate stalled agent PRs (consolidated)	success	102147664307	2026-09-08T16:33:42Z
health / Fix failing checks	skipped	102137603323	2026-09-08T16:04:27Z
health / Resolve conflicts	skipped	102137603310	2026-09-08T16:04:27Z
health / Nudge stalled PRs	skipped	102137603187	2026-09-08T16:04:27Z
health / Health summary	success	102137602128	2026-09-08T16:04:33Z
health / Scan open PRs	success	102137471244	2026-09-08T16:04:27Z
health / Schedule gate	success	102137436237	2026-09-08T16:04:05Z
Record autofix dispatch completion	skipped	102134038349	2026-09-08T15:54:31Z
autofix	skipped	102134037096	2026-09-08T15:54:31Z
Resolve Context	success	102133974200	2026-09-08T15:54:31Z
Python CI / logs summary	success	102133844834	2026-09-08T15:54:16Z
auto-label	success	102133825502	2026-09-08T15:54:06Z
check	success	102133824794	2026-09-08T15:54:12Z
Python CI / python 3.12	success	102133718333	2026-09-08T15:53:59Z
Python CI / python 3.13	success	102133718318	2026-09-08T15:53:58Z
Python CI / typecheck-mypy	success	102133667631	2026-09-08T15:53:47Z
Python CI / lint-ruff	success	102133666957	2026-09-08T15:53:41Z
Python CI / lint-format	success	102133666848	2026-09-08T15:53:53Z
Python CI / select reusable CI scope	success	102133666843	2026-09-08T15:53:38Z
cross-repo smoke	skipped	102133630871	2026-09-08T15:53:23Z
Python CI / Validate inputs	success	102133624882	2026-09-08T15:53:30Z
