Re-evaluate stalled agent PRs (non-consolidated)	skipped	103339213378	2026-09-11T16:30:25Z
Re-evaluate stalled agent PRs (consolidated)	success	103339212074	2026-09-11T16:30:45Z
Name keepalive sweep mode	success	103339211829	2026-09-11T16:30:31Z
health / Nudge stalled PRs	skipped	103333751207	2026-09-11T16:13:20Z
health / Fix failing checks	skipped	103333750958	2026-09-11T16:13:20Z
health / Resolve conflicts	skipped	103333750122	2026-09-11T16:13:20Z
health / Health summary	success	103333749172	2026-09-11T16:13:26Z
health / Scan open PRs	success	103333668329	2026-09-11T16:13:20Z
health / Schedule gate	success	103333638895	2026-09-11T16:13:05Z
Re-evaluate stalled agent PRs (non-consolidated)	skipped	103319037094	2026-09-11T15:28:23Z
Name keepalive sweep mode	success	103319035745	2026-09-11T15:28:30Z
Re-evaluate stalled agent PRs (consolidated)	success	103319035616	2026-09-11T15:28:40Z
health / Nudge stalled PRs	skipped	103313425053	2026-09-11T15:11:32Z
health / Resolve conflicts	skipped	103313425040	2026-09-11T15:11:32Z
health / Fix failing checks	skipped	103313424252	2026-09-11T15:11:32Z
health / Health summary	success	103313423329	2026-09-11T15:11:37Z
health / Scan open PRs	success	103313333573	2026-09-11T15:11:32Z
health / Schedule gate	success	103313309340	2026-09-11T15:11:16Z
Re-evaluate stalled agent PRs (non-consolidated)	skipped	103299279091	2026-09-11T14:29:33Z
Re-evaluate stalled agent PRs (consolidated)	success	103299278026	2026-09-11T14:29:47Z
Name keepalive sweep mode	success	103299277956	2026-09-11T14:29:37Z
health / Fix failing checks	skipped	103293774098	2026-09-11T14:12:54Z
health / Resolve conflicts	skipped	103293773742	2026-09-11T14:12:54Z
health / Nudge stalled PRs	skipped	103293773651	2026-09-11T14:12:54Z
health / Health summary	success	103293772819	2026-09-11T14:12:59Z
health / Scan open PRs	success	103293686596	2026-09-11T14:12:54Z
health / Schedule gate	success	103293656469	2026-09-11T14:12:38Z
Re-evaluate stalled agent PRs (non-consolidated)	skipped	103279712751	2026-09-11T13:29:03Z
Re-evaluate stalled agent PRs (consolidated)	success	103279711839	2026-09-11T13:29:16Z
Name keepalive sweep mode	success	103279711701	2026-09-11T13:29:09Z
health / Resolve conflicts	skipped	103274514322	2026-09-11T13:12:09Z
health / Nudge stalled PRs	skipped	103274514062	2026-09-11T13:12:09Z
health / Fix failing checks	skipped	103274513619	2026-09-11T13:12:09Z
health / Health summary	success	103274513225	2026-09-11T13:12:14Z
health / Scan open PRs	success	103274423874	2026-09-11T13:12:09Z
health / Schedule gate	success	103274355075	2026-09-11T13:11:52Z
Re-evaluate stalled agent PRs (non-consolidated)	skipped	103264772286	2026-09-11T12:39:08Z
Re-evaluate stalled agent PRs (consolidated)	success	103264770888	2026-09-11T12:39:23Z
Name keepalive sweep mode	success	103264770595	2026-09-11T12:39:13Z
health / Fix failing checks	skipped	103259224075	2026-09-11T12:19:19Z
health / Nudge stalled PRs	skipped	103259223216	2026-09-11T12:19:19Z
health / Resolve conflicts	skipped	103259222897	2026-09-11T12:19:19Z
health / Health summary	success	103259222312	2026-09-11T12:19:24Z
health / Scan open PRs	success	103259108587	2026-09-11T12:19:19Z
health / Schedule gate	success	103259087051	2026-09-11T12:18:53Z
Re-evaluate stalled agent PRs (non-consolidated)	skipped	103245617438	2026-09-11T11:26:42Z
Re-evaluate stalled agent PRs (consolidated)	success	103245616467	2026-09-11T11:27:01Z
Name keepalive sweep mode	success	103245616152	2026-09-11T11:26:49Z
health / Fix failing checks	skipped	103241748116	2026-09-11T11:11:27Z
health / Nudge stalled PRs	skipped	103241747978	2026-09-11T11:11:27Z
health / Resolve conflicts	skipped	103241747575	2026-09-11T11:11:27Z
health / Health summary	success	103241746969	2026-09-11T11:11:33Z
health / Scan open PRs	success	103241680662	2026-09-11T11:11:27Z
health / Schedule gate	success	103241654939	2026-09-11T11:11:11Z
Re-evaluate stalled agent PRs (non-consolidated)	skipped	103231106145	2026-09-11T10:29:12Z
Re-evaluate stalled agent PRs (consolidated)	success	103231105719	2026-09-11T10:29:29Z
Name keepalive sweep mode	success	103231105539	2026-09-11T10:29:16Z
health / Resolve conflicts	skipped	103226955214	2026-09-11T10:13:15Z
health / Nudge stalled PRs	skipped	103226953966	2026-09-11T10:13:15Z
health / Fix failing checks	skipped	103226953965	2026-09-11T10:13:15Z
health / Health summary	success	103226953133	2026-09-11T10:13:19Z
health / Scan open PRs	success	103226740809	2026-09-11T10:13:15Z
health / Schedule gate	success	103226712210	2026-09-11T10:12:25Z
Re-evaluate stalled agent PRs (non-consolidated)	skipped	103215680156	2026-09-11T09:30:42Z
Name keepalive sweep mode	success	103215679462	2026-09-11T09:30:47Z
Re-evaluate stalled agent PRs (consolidated)	success	103215679125	2026-09-11T09:30:58Z
health / Nudge stalled PRs	skipped	103210998647	2026-09-11T09:13:29Z
health / Resolve conflicts	skipped	103210998279	2026-09-11T09:13:29Z
health / Fix failing checks	skipped	103210997921	2026-09-11T09:13:29Z
health / Health summary	success	103210997506	2026-09-11T09:13:35Z
health / Scan open PRs	success	103210928508	2026-09-11T09:13:29Z
health / Schedule gate	success	103210899776	2026-09-11T09:13:14Z
Re-evaluate stalled agent PRs (non-consolidated)	skipped	103201004383	2026-09-11T08:35:52Z
Name keepalive sweep mode	success	103201003516	2026-09-11T08:35:58Z
Re-evaluate stalled agent PRs (consolidated)	success	103201003259	2026-09-11T08:36:06Z
health / Resolve conflicts	skipped	103196096942	2026-09-11T08:17:01Z
health / Nudge stalled PRs	skipped	103196096749	2026-09-11T08:17:01Z
health / Fix failing checks	skipped	103196096659	2026-09-11T08:17:01Z
health / Health summary	success	103196096203	2026-09-11T08:17:07Z
health / Scan open PRs	success	103196021346	2026-09-11T08:17:00Z
health / Schedule gate	success	103195992467	2026-09-11T08:16:43Z
Re-evaluate stalled agent PRs (non-consolidated)	skipped	103184552801	2026-09-11T07:31:06Z
Name keepalive sweep mode	success	103184551981	2026-09-11T07:31:12Z
Re-evaluate stalled agent PRs (consolidated)	success	103184551831	2026-09-11T07:31:19Z
health / Fix failing checks	skipped	103180253752	2026-09-11T07:13:28Z
health / Nudge stalled PRs	skipped	103180253475	2026-09-11T07:13:28Z
health / Resolve conflicts	skipped	103180253287	2026-09-11T07:13:28Z
health / Health summary	success	103180252697	2026-09-11T07:13:33Z
health / Scan open PRs	success	103180183415	2026-09-11T07:13:28Z
health / Schedule gate	success	103180158419	2026-09-11T07:13:11Z
coverage guard outcome	success	103176502819	2026-09-11T06:57:49Z
coverage baseline monitor	success	103176342421	2026-09-11T06:57:44Z
Rate limit gate	success	103176285622	2026-09-11T06:57:01Z
Re-evaluate stalled agent PRs (non-consolidated)	skipped	103173202351	2026-09-11T06:42:51Z
Re-evaluate stalled agent PRs (consolidated)	success	103173201500	2026-09-11T06:43:05Z
Name keepalive sweep mode	success	103173201296	2026-09-11T06:42:57Z
health / Nudge stalled PRs	skipped	103168554818	2026-09-11T06:21:07Z
health / Fix failing checks	skipped	103168554477	2026-09-11T06:21:07Z
health / Resolve conflicts	skipped	103168554462	2026-09-11T06:21:07Z
health / Health summary	success	103168554226	2026-09-11T06:21:14Z
health / Scan open PRs	success	103168496915	2026-09-11T06:21:07Z
health / Schedule gate	success	103168474267	2026-09-11T06:20:50Z
Re-evaluate stalled agent PRs (non-consolidated)	skipped	103158457784	2026-09-11T05:28:42Z
Re-evaluate stalled agent PRs (consolidated)	success	103158457285	2026-09-11T05:28:54Z
Name keepalive sweep mode	success	103158457046	2026-09-11T05:28:47Z
health / Fix failing checks	skipped	103155354416	2026-09-11T05:12:16Z
health / Resolve conflicts	skipped	103155354058	2026-09-11T05:12:16Z
health / Nudge stalled PRs	skipped	103155353987	2026-09-11T05:12:16Z
health / Health summary	success	103155353595	2026-09-11T05:12:22Z
health / Scan open PRs	success	103155304440	2026-09-11T05:12:16Z
health / Schedule gate	success	103155289617	2026-09-11T05:12:00Z
Re-evaluate stalled agent PRs (non-consolidated)	skipped	103148246150	2026-09-11T04:32:55Z
Re-evaluate stalled agent PRs (consolidated)	success	103148245289	2026-09-11T04:33:07Z
Name keepalive sweep mode	success	103148245185	2026-09-11T04:33:00Z
health / Nudge stalled PRs	skipped	103145017269	2026-09-11T04:15:14Z
health / Resolve conflicts	skipped	103145017104	2026-09-11T04:15:14Z
health / Fix failing checks	skipped	103145016902	2026-09-11T04:15:14Z
health / Health summary	success	103145016569	2026-09-11T04:15:20Z
health / Scan open PRs	success	103144975348	2026-09-11T04:15:14Z
health / Schedule gate	success	103144960249	2026-09-11T04:15:01Z
Re-evaluate stalled agent PRs (non-consolidated)	skipped	103137309293	2026-09-11T03:33:21Z
Name keepalive sweep mode	success	103137308477	2026-09-11T03:33:25Z
Re-evaluate stalled agent PRs (consolidated)	success	103137308322	2026-09-11T03:33:49Z
health / Nudge stalled PRs	skipped	103133845538	2026-09-11T03:14:59Z
health / Resolve conflicts	skipped	103133845282	2026-09-11T03:14:59Z
health / Fix failing checks	skipped	103133845223	2026-09-11T03:14:59Z
health / Health summary	success	103133844812	2026-09-11T03:15:05Z
health / Scan open PRs	success	103133802692	2026-09-11T03:14:59Z
health / Schedule gate	success	103133778599	2026-09-11T03:14:46Z
Re-evaluate stalled agent PRs (non-consolidated)	skipped	103126613248	2026-09-11T02:37:01Z
Re-evaluate stalled agent PRs (consolidated)	success	103126612550	2026-09-11T02:37:12Z
Name keepalive sweep mode	success	103126612482	2026-09-11T02:37:08Z
check	success	103125595270	2026-09-11T02:32:10Z
auto-label	success	103125594403	2026-09-11T02:32:02Z
health / Fix failing checks	skipped	103122836428	2026-09-11T02:17:48Z
health / Resolve conflicts	skipped	103122836383	2026-09-11T02:17:48Z
health / Nudge stalled PRs	skipped	103122835962	2026-09-11T02:17:48Z
health / Health summary	success	103122835588	2026-09-11T02:17:54Z
health / Scan open PRs	success	103122795860	2026-09-11T02:17:48Z
health / Schedule gate	success	103122781074	2026-09-11T02:17:36Z
Re-evaluate stalled agent PRs (non-consolidated)	skipped	103114697061	2026-09-11T01:36:19Z
Name keepalive sweep mode	success	103114696448	2026-09-11T01:36:23Z
Re-evaluate stalled agent PRs (consolidated)	success	103114696198	2026-09-11T01:36:34Z
health / Fix failing checks	skipped	103111574232	2026-09-11T01:20:44Z
health / Resolve conflicts	skipped	103111574044	2026-09-11T01:20:44Z
health / Nudge stalled PRs	skipped	103111573923	2026-09-11T01:20:44Z
health / Health summary	success	103111573329	2026-09-11T01:20:49Z
health / Scan open PRs	success	103111505407	2026-09-11T01:20:44Z
health / Schedule gate	success	103111485700	2026-09-11T01:20:24Z
Re-evaluate stalled agent PRs (non-consolidated)	skipped	103107291723	2026-09-11T01:00:16Z
Re-evaluate stalled agent PRs (consolidated)	success	103107290843	2026-09-11T01:00:30Z
Name keepalive sweep mode	success	103107290670	2026-09-11T01:00:22Z
health / Fix failing checks	skipped	103101709704	2026-09-11T00:33:45Z
health / Nudge stalled PRs	skipped	103101709647	2026-09-11T00:33:45Z
health / Resolve conflicts	skipped	103101709390	2026-09-11T00:33:45Z
health / Health summary	success	103101708948	2026-09-11T00:33:49Z
health / Scan open PRs	success	103101649169	2026-09-11T00:33:44Z
health / Schedule gate	success	103101625907	2026-09-11T00:33:28Z
Re-evaluate stalled agent PRs (non-consolidated)	skipped	103086602806	2026-09-10T23:24:54Z
Re-evaluate stalled agent PRs (consolidated)	success	103086601862	2026-09-10T23:25:05Z
Name keepalive sweep mode	success	103086601508	2026-09-10T23:24:59Z
check	success	103083255144	2026-09-10T23:10:50Z
auto-label	success	103083254969	2026-09-10T23:10:49Z
health / Fix failing checks	skipped	103083080893	2026-09-10T23:09:57Z
health / Nudge stalled PRs	skipped	103083080727	2026-09-10T23:09:57Z
health / Resolve conflicts	skipped	103083080638	2026-09-10T23:09:57Z
health / Health summary	success	103083079915	2026-09-10T23:10:03Z
health / Scan open PRs	success	103082948357	2026-09-10T23:09:57Z
health / Schedule gate	success	103082931212	2026-09-10T23:09:24Z
Re-evaluate stalled agent PRs (non-consolidated)	skipped	103071953564	2026-09-10T22:25:17Z
Name keepalive sweep mode	success	103071952469	2026-09-10T22:25:23Z
Re-evaluate stalled agent PRs (consolidated)	success	103071952155	2026-09-10T22:25:31Z
health / Resolve conflicts	skipped	103067826371	2026-09-10T22:10:09Z
health / Nudge stalled PRs	skipped	103067826286	2026-09-10T22:10:09Z
health / Fix failing checks	skipped	103067825863	2026-09-10T22:10:09Z
health / Health summary	success	103067825385	2026-09-10T22:10:15Z
health / Scan open PRs	success	103067732633	2026-09-10T22:10:09Z
health / Schedule gate	success	103067703772	2026-09-10T22:09:49Z
Re-evaluate stalled agent PRs (non-consolidated)	skipped	103054817353	2026-09-10T21:24:45Z
Re-evaluate stalled agent PRs (consolidated)	success	103054816264	2026-09-10T21:25:00Z
Name keepalive sweep mode	success	103054815895	2026-09-10T21:24:52Z
health / Nudge stalled PRs	skipped	103050230189	2026-09-10T21:10:07Z
health / Resolve conflicts	skipped	103050230048	2026-09-10T21:10:07Z
health / Fix failing checks	skipped	103050229658	2026-09-10T21:10:07Z
health / Health summary	success	103050229052	2026-09-10T21:10:15Z
health / Scan open PRs	success	103050098179	2026-09-10T21:10:07Z
health / Schedule gate	success	103050073998	2026-09-10T21:09:42Z
Re-evaluate stalled agent PRs (non-consolidated)	skipped	103036270515	2026-09-10T20:26:39Z
Name keepalive sweep mode	success	103036269208	2026-09-10T20:26:46Z
Re-evaluate stalled agent PRs (consolidated)	success	103036268941	2026-09-10T20:26:53Z
health / Fix failing checks	skipped	103031196794	2026-09-10T20:11:27Z
health / Resolve conflicts	skipped	103031196662	2026-09-10T20:11:27Z
health / Nudge stalled PRs	skipped	103031195998	2026-09-10T20:11:27Z
health / Health summary	success	103031195462	2026-09-10T20:11:33Z
health / Scan open PRs	success	103031052977	2026-09-10T20:11:26Z
health / Schedule gate	success	103031029075	2026-09-10T20:11:01Z
Re-evaluate stalled agent PRs (non-consolidated)	skipped	103015425186	2026-09-10T19:24:01Z
Re-evaluate stalled agent PRs (consolidated)	success	103015423676	2026-09-10T19:24:23Z
Name keepalive sweep mode	success	103015423344	2026-09-10T19:24:06Z
health / Nudge stalled PRs	skipped	103010373847	2026-09-10T19:08:57Z
health / Fix failing checks	skipped	103010373410	2026-09-10T19:08:57Z
health / Resolve conflicts	skipped	103010373378	2026-09-10T19:08:57Z
health / Health summary	success	103010372199	2026-09-10T19:09:04Z
health / Scan open PRs	success	103010264069	2026-09-10T19:08:57Z
health / Schedule gate	success	103010232541	2026-09-10T19:08:38Z
Re-evaluate stalled agent PRs (non-consolidated)	skipped	102997619284	2026-09-10T18:31:24Z
Name keepalive sweep mode	success	102997617574	2026-09-10T18:31:30Z
Re-evaluate stalled agent PRs (consolidated)	success	102997617364	2026-09-10T18:31:35Z
health / Fix failing checks	skipped	102991801560	2026-09-10T18:14:29Z
health / Resolve conflicts	skipped	102991801422	2026-09-10T18:14:29Z
health / Nudge stalled PRs	skipped	102991801407	2026-09-10T18:14:29Z
health / Health summary	success	102991801037	2026-09-10T18:14:35Z
health / Scan open PRs	success	102991694486	2026-09-10T18:14:28Z
health / Schedule gate	success	102991666225	2026-09-10T18:14:10Z
Re-evaluate stalled agent PRs (non-consolidated)	skipped	102975304169	2026-09-10T17:25:42Z
Re-evaluate stalled agent PRs (consolidated)	success	102975302779	2026-09-10T17:25:55Z
Name keepalive sweep mode	success	102975302486	2026-09-10T17:25:46Z
health / Nudge stalled PRs	skipped	102970193204	2026-09-10T17:10:37Z
health / Fix failing checks	skipped	102970193098	2026-09-10T17:10:37Z
health / Resolve conflicts	skipped	102970193033	2026-09-10T17:10:37Z
health / Health summary	success	102970191624	2026-09-10T17:10:42Z
health / Scan open PRs	success	102970116882	2026-09-10T17:10:37Z
health / Schedule gate	success	102970089077	2026-09-10T17:10:24Z
Re-evaluate stalled agent PRs (non-consolidated)	skipped	102955950798	2026-09-10T16:28:48Z
Name keepalive sweep mode	success	102955948887	2026-09-10T16:28:54Z
Re-evaluate stalled agent PRs (consolidated)	success	102955948652	2026-09-10T16:28:59Z
health / Nudge stalled PRs	skipped	102950196240	2026-09-10T16:12:31Z
health / Resolve conflicts	skipped	102950196213	2026-09-10T16:12:31Z
health / Fix failing checks	skipped	102950196044	2026-09-10T16:12:31Z
health / Health summary	success	102950194934	2026-09-10T16:12:36Z
health / Scan open PRs	success	102950120409	2026-09-10T16:12:31Z
health / Schedule gate	success	102950085733	2026-09-10T16:12:18Z
Re-evaluate stalled agent PRs (non-consolidated)	skipped	102934244292	2026-09-10T15:29:04Z
Name keepalive sweep mode	success	102934241886	2026-09-10T15:29:12Z
Re-evaluate stalled agent PRs (consolidated)	success	102934241351	2026-09-10T15:29:19Z
health / Resolve conflicts	skipped	102927807603	2026-09-10T15:12:18Z
health / Nudge stalled PRs	skipped	102927807531	2026-09-10T15:12:18Z
health / Fix failing checks	skipped	102927807458	2026-09-10T15:12:18Z
health / Health summary	success	102927806287	2026-09-10T15:12:27Z
health / Scan open PRs	success	102927711967	2026-09-10T15:12:18Z
health / Schedule gate	success	102927680921	2026-09-10T15:12:03Z
Re-evaluate stalled agent PRs (non-consolidated)	skipped	102911612248	2026-09-10T14:28:45Z
Name keepalive sweep mode	success	102911611033	2026-09-10T14:28:51Z
Re-evaluate stalled agent PRs (consolidated)	success	102911610465	2026-09-10T14:29:13Z
health / Nudge stalled PRs	skipped	102905231047	2026-09-10T14:11:42Z
health / Fix failing checks	skipped	102905230669	2026-09-10T14:11:42Z
health / Resolve conflicts	skipped	102905230232	2026-09-10T14:11:42Z
health / Health summary	success	102905229686	2026-09-10T14:11:49Z
health / Scan open PRs	success	102905112485	2026-09-10T14:11:42Z
health / Schedule gate	success	102905079216	2026-09-10T14:11:22Z
Re-evaluate stalled agent PRs (non-consolidated)	skipped	102889250116	2026-09-10T13:27:10Z
Name keepalive sweep mode	success	102889248121	2026-09-10T13:27:14Z
Re-evaluate stalled agent PRs (consolidated)	success	102889247862	2026-09-10T13:27:24Z
health / Fix failing checks	skipped	102883860411	2026-09-10T13:11:38Z
health / Resolve conflicts	skipped	102883859905	2026-09-10T13:11:38Z
health / Nudge stalled PRs	skipped	102883859470	2026-09-10T13:11:38Z
health / Health summary	success	102883858774	2026-09-10T13:11:45Z
health / Scan open PRs	success	102883754196	2026-09-10T13:11:38Z
health / Schedule gate	success	102883727749	2026-09-10T13:11:20Z
Re-evaluate stalled agent PRs (non-consolidated)	skipped	102873492324	2026-09-10T12:40:10Z
Re-evaluate stalled agent PRs (consolidated)	success	102873490897	2026-09-10T12:40:28Z
Name keepalive sweep mode	success	102873490556	2026-09-10T12:40:15Z
health / Resolve conflicts	skipped	102866792165	2026-09-10T12:18:38Z
health / Nudge stalled PRs	skipped	102866791477	2026-09-10T12:18:38Z
health / Fix failing checks	skipped	102866791298	2026-09-10T12:18:38Z
health / Health summary	success	102866791180	2026-09-10T12:18:44Z
health / Scan open PRs	success	102866697913	2026-09-10T12:18:38Z
health / Schedule gate	success	102866659895	2026-09-10T12:18:19Z
Re-evaluate stalled agent PRs (non-consolidated)	skipped	102851672905	2026-09-10T11:26:50Z
Name keepalive sweep mode	success	102851671694	2026-09-10T11:26:56Z
Re-evaluate stalled agent PRs (consolidated)	success	102851671477	2026-09-10T11:27:06Z
health / Resolve conflicts	skipped	102847397389	2026-09-10T11:11:33Z
health / Nudge stalled PRs	skipped	102847397199	2026-09-10T11:11:33Z
health / Fix failing checks	skipped	102847396946	2026-09-10T11:11:33Z
health / Health summary	success	102847396692	2026-09-10T11:11:39Z
health / Scan open PRs	success	102847292982	2026-09-10T11:11:33Z
health / Schedule gate	success	102847260095	2026-09-10T11:11:11Z
Re-evaluate stalled agent PRs (non-consolidated)	skipped	102835634564	2026-09-10T10:29:25Z
Name keepalive sweep mode	success	102835633478	2026-09-10T10:29:32Z
Re-evaluate stalled agent PRs (consolidated)	success	102835633219	2026-09-10T10:29:43Z
health / Fix failing checks	skipped	102830850815	2026-09-10T10:12:29Z
health / Resolve conflicts	skipped	102830850814	2026-09-10T10:12:29Z
health / Nudge stalled PRs	skipped	102830850723	2026-09-10T10:12:29Z
health / Health summary	success	102830849769	2026-09-10T10:12:34Z
health / Scan open PRs	success	102830782742	2026-09-10T10:12:29Z
health / Schedule gate	success	102830746794	2026-09-10T10:12:14Z
Re-evaluate stalled agent PRs (non-consolidated)	skipped	102818896196	2026-09-10T09:31:31Z
Name keepalive sweep mode	success	102818894859	2026-09-10T09:31:37Z
Re-evaluate stalled agent PRs (consolidated)	success	102818894537	2026-09-10T09:31:44Z
health / Resolve conflicts	skipped	102813631569	2026-09-10T09:13:50Z
health / Nudge stalled PRs	skipped	102813631367	2026-09-10T09:13:50Z
health / Fix failing checks	skipped	102813630966	2026-09-10T09:13:50Z
health / Health summary	success	102813630726	2026-09-10T09:13:55Z
health / Scan open PRs	success	102813565793	2026-09-10T09:13:50Z
health / Schedule gate	success	102813536641	2026-09-10T09:13:37Z
Re-evaluate stalled agent PRs (non-consolidated)	skipped	102802577426	2026-09-10T08:36:10Z
Re-evaluate stalled agent PRs (consolidated)	success	102802576874	2026-09-10T08:36:28Z
Name keepalive sweep mode	success	102802576631	2026-09-10T08:36:17Z
health / Nudge stalled PRs	skipped	102797088730	2026-09-10T08:17:09Z
health / Resolve conflicts	skipped	102797088181	2026-09-10T08:17:09Z
health / Fix failing checks	skipped	102797088109	2026-09-10T08:17:09Z
health / Health summary	success	102797087211	2026-09-10T08:17:14Z
health / Scan open PRs	success	102797005882	2026-09-10T08:17:09Z
health / Schedule gate	success	102796984408	2026-09-10T08:16:52Z
Re-evaluate stalled agent PRs (non-consolidated)	skipped	102784469747	2026-09-10T07:31:13Z
Re-evaluate stalled agent PRs (consolidated)	success	102784468298	2026-09-10T07:31:39Z
Name keepalive sweep mode	success	102784468122	2026-09-10T07:31:19Z
health / Nudge stalled PRs	skipped	102779801589	2026-09-10T07:13:35Z
health / Fix failing checks	skipped	102779801505	2026-09-10T07:13:35Z
health / Resolve conflicts	skipped	102779801478	2026-09-10T07:13:35Z
health / Health summary	success	102779800815	2026-09-10T07:13:43Z
health / Scan open PRs	success	102779729384	2026-09-10T07:13:34Z
health / Schedule gate	success	102779707843	2026-09-10T07:13:19Z
coverage guard outcome	success	102775908686	2026-09-10T06:58:25Z
coverage baseline monitor	success	102775715284	2026-09-10T06:58:19Z
Rate limit gate	success	102775646992	2026-09-10T06:57:30Z
Re-evaluate stalled agent PRs (non-consolidated)	skipped	102772326410	2026-09-10T06:43:31Z
Re-evaluate stalled agent PRs (consolidated)	success	102772325814	2026-09-10T06:43:45Z
Name keepalive sweep mode	success	102772325489	2026-09-10T06:43:35Z
health / Fix failing checks	skipped	102767339720	2026-09-10T06:21:41Z
health / Resolve conflicts	skipped	102767339453	2026-09-10T06:21:41Z
health / Nudge stalled PRs	skipped	102767339229	2026-09-10T06:21:41Z
health / Health summary	success	102767338632	2026-09-10T06:22:21Z
health / Scan open PRs	success	102767295209	2026-09-10T06:21:41Z
health / Schedule gate	success	102767260051	2026-09-10T06:21:29Z
Re-evaluate stalled agent PRs (non-consolidated)	skipped	102756490399	2026-09-10T05:28:43Z
Name keepalive sweep mode	success	102756489644	2026-09-10T05:28:49Z
Re-evaluate stalled agent PRs (consolidated)	success	102756489547	2026-09-10T05:34:00Z
health / Fix failing checks	skipped	102753253283	2026-09-10T05:12:20Z
health / Nudge stalled PRs	skipped	102753253155	2026-09-10T05:12:20Z
health / Resolve conflicts	skipped	102753253115	2026-09-10T05:12:20Z
health / Health summary	success	102753252423	2026-09-10T05:12:25Z
health / Scan open PRs	success	102753198769	2026-09-10T05:12:19Z
health / Schedule gate	success	102753184918	2026-09-10T05:12:04Z
Re-evaluate stalled agent PRs (non-consolidated)	skipped	102745801875	2026-09-10T04:32:45Z
Re-evaluate stalled agent PRs (consolidated)	success	102745801350	2026-09-10T04:32:56Z
Name keepalive sweep mode	success	102745801258	2026-09-10T04:32:50Z
check	success	102742408230	2026-09-10T04:15:20Z
auto-label	success	102742407661	2026-09-10T04:15:20Z
health / Nudge stalled PRs	skipped	102742308807	2026-09-10T04:14:42Z
health / Resolve conflicts	skipped	102742308430	2026-09-10T04:14:42Z
health / Fix failing checks	skipped	102742308265	2026-09-10T04:14:42Z
health / Health summary	success	102742307833	2026-09-10T04:14:47Z
health / Scan open PRs	success	102742234424	2026-09-10T04:14:42Z
health / Schedule gate	success	102742212429	2026-09-10T04:14:19Z
Re-evaluate stalled agent PRs (non-consolidated)	skipped	102734557872	2026-09-10T03:33:28Z
Name keepalive sweep mode	success	102734557182	2026-09-10T03:33:32Z
Re-evaluate stalled agent PRs (consolidated)	success	102734557071	2026-09-10T03:33:41Z
health / Resolve conflicts	skipped	102731079906	2026-09-10T03:15:10Z
health / Nudge stalled PRs	skipped	102731079806	2026-09-10T03:15:10Z
health / Fix failing checks	skipped	102731079642	2026-09-10T03:15:10Z
health / Health summary	success	102731078983	2026-09-10T03:15:16Z
health / Scan open PRs	success	102731038294	2026-09-10T03:15:10Z
health / Schedule gate	success	102731020033	2026-09-10T03:14:58Z
Re-evaluate stalled agent PRs (non-consolidated)	skipped	102723643986	2026-09-10T02:36:26Z
Name keepalive sweep mode	success	102723643006	2026-09-10T02:36:36Z
Re-evaluate stalled agent PRs (consolidated)	success	102723642793	2026-09-10T02:36:41Z
health / Fix failing checks	skipped	102719941427	2026-09-10T02:17:57Z
health / Resolve conflicts	skipped	102719941313	2026-09-10T02:17:57Z
health / Nudge stalled PRs	skipped	102719941279	2026-09-10T02:17:57Z
health / Health summary	success	102719940772	2026-09-10T02:18:02Z
health / Scan open PRs	success	102719892087	2026-09-10T02:17:57Z
health / Schedule gate	success	102719876308	2026-09-10T02:17:43Z
Re-evaluate stalled agent PRs (non-consolidated)	skipped	102711580556	2026-09-10T01:35:50Z
Re-evaluate stalled agent PRs (consolidated)	success	102711579746	2026-09-10T01:36:01Z
Name keepalive sweep mode	success	102711579574	2026-09-10T01:35:55Z
health / Fix failing checks	skipped	102708583111	2026-09-10T01:21:02Z
health / Nudge stalled PRs	skipped	102708583099	2026-09-10T01:21:02Z
health / Resolve conflicts	skipped	102708582941	2026-09-10T01:21:02Z
health / Health summary	success	102708582250	2026-09-10T01:21:06Z
health / Scan open PRs	success	102708526472	2026-09-10T01:21:02Z
health / Schedule gate	success	102708510524	2026-09-10T01:20:45Z
Re-evaluate stalled agent PRs (non-consolidated)	skipped	102704305901	2026-09-10T01:00:28Z
Name keepalive sweep mode	success	102704305005	2026-09-10T01:00:32Z
Re-evaluate stalled agent PRs (consolidated)	success	102704304867	2026-09-10T01:00:40Z
health / Resolve conflicts	skipped	102698415842	2026-09-10T00:32:31Z
health / Fix failing checks	skipped	102698415819	2026-09-10T00:32:31Z
health / Nudge stalled PRs	skipped	102698415731	2026-09-10T00:32:31Z
health / Health summary	success	102698415249	2026-09-10T00:32:38Z
health / Scan open PRs	success	102698361763	2026-09-10T00:32:31Z
health / Schedule gate	success	102698334334	2026-09-10T00:32:16Z
Re-evaluate stalled agent PRs (non-consolidated)	skipped	102683573440	2026-09-09T23:25:31Z
Name keepalive sweep mode	success	102683572656	2026-09-09T23:25:37Z
Re-evaluate stalled agent PRs (consolidated)	success	102683572374	2026-09-09T23:25:44Z
health / Resolve conflicts	skipped	102680000644	2026-09-09T23:10:19Z
health / Fix failing checks	skipped	102680000307	2026-09-09T23:10:19Z
health / Nudge stalled PRs	skipped	102680000228	2026-09-09T23:10:19Z
health / Health summary	success	102679999590	2026-09-09T23:10:24Z
health / Scan open PRs	success	102679951056	2026-09-09T23:10:19Z
health / Schedule gate	success	102679933379	2026-09-09T23:10:07Z
Re-evaluate stalled agent PRs (non-consolidated)	skipped	102668866078	2026-09-09T22:25:53Z
Re-evaluate stalled agent PRs (consolidated)	success	102668864924	2026-09-09T22:26:10Z
Name keepalive sweep mode	success	102668864764	2026-09-09T22:25:59Z
health / Nudge stalled PRs	skipped	102664571833	2026-09-09T22:10:13Z
health / Resolve conflicts	skipped	102664571543	2026-09-09T22:10:13Z
health / Fix failing checks	skipped	102664570942	2026-09-09T22:10:13Z
health / Health summary	success	102664570285	2026-09-09T22:10:17Z
health / Scan open PRs	success	102664510208	2026-09-09T22:10:13Z
health / Schedule gate	success	102664491191	2026-09-09T22:10:00Z
auto-label	success	102657761027	2026-09-09T21:46:03Z
check	success	102657760661	2026-09-09T21:46:02Z
Re-evaluate stalled agent PRs (non-consolidated)	skipped	102651796283	2026-09-09T21:25:41Z
Name keepalive sweep mode	success	102651795478	2026-09-09T21:25:46Z
Re-evaluate stalled agent PRs (consolidated)	success	102651795247	2026-09-09T21:25:58Z
health / Resolve conflicts	skipped	102646896478	2026-09-09T21:09:56Z
health / Nudge stalled PRs	skipped	102646896399	2026-09-09T21:09:56Z
health / Fix failing checks	skipped	102646896329	2026-09-09T21:09:56Z
health / Health summary	success	102646896181	2026-09-09T21:10:01Z
health / Scan open PRs	success	102646802834	2026-09-09T21:09:56Z
health / Schedule gate	success	102646775081	2026-09-09T21:09:38Z
Re-evaluate stalled agent PRs (non-consolidated)	skipped	102633448155	2026-09-09T20:28:39Z
Re-evaluate stalled agent PRs (consolidated)	success	102633446467	2026-09-09T20:28:52Z
Name keepalive sweep mode	success	102633446244	2026-09-09T20:28:44Z
health / Nudge stalled PRs	skipped	102627967779	2026-09-09T20:12:19Z
health / Fix failing checks	skipped	102627967778	2026-09-09T20:12:19Z
health / Resolve conflicts	skipped	102627967375	2026-09-09T20:12:19Z
health / Health summary	success	102627966566	2026-09-09T20:12:23Z
health / Scan open PRs	success	102627872448	2026-09-09T20:12:18Z
health / Schedule gate	success	102627829905	2026-09-09T20:12:02Z
Re-evaluate stalled agent PRs (non-consolidated)	skipped	102612201718	2026-09-09T19:25:13Z
Re-evaluate stalled agent PRs (consolidated)	success	102612200521	2026-09-09T19:25:36Z
Name keepalive sweep mode	success	102612200343	2026-09-09T19:25:17Z
health / Nudge stalled PRs	skipped	102607078800	2026-09-09T19:09:50Z
health / Fix failing checks	skipped	102607078446	2026-09-09T19:09:50Z
health / Resolve conflicts	skipped	102607078350	2026-09-09T19:09:50Z
health / Health summary	success	102607077434	2026-09-09T19:10:00Z
health / Scan open PRs	success	102606979834	2026-09-09T19:09:50Z
health / Schedule gate	success	102606943921	2026-09-09T19:09:32Z
Re-evaluate stalled agent PRs (non-consolidated)	skipped	102594791800	2026-09-09T18:33:31Z
Re-evaluate stalled agent PRs (consolidated)	success	102594790348	2026-09-09T18:33:46Z
Name keepalive sweep mode	success	102594790048	2026-09-09T18:33:35Z
health / Resolve conflicts	skipped	102588789381	2026-09-09T18:15:45Z
health / Fix failing checks	skipped	102588788938	2026-09-09T18:15:45Z
health / Nudge stalled PRs	skipped	102588788848	2026-09-09T18:15:45Z
health / Health summary	success	102588787694	2026-09-09T18:15:51Z
health / Scan open PRs	success	102588678626	2026-09-09T18:15:44Z
health / Schedule gate	success	102588650789	2026-09-09T18:15:25Z
Re-evaluate stalled agent PRs (non-consolidated)	skipped	102572036721	2026-09-09T17:26:38Z
Name keepalive sweep mode	success	102571981222	2026-09-09T17:26:44Z
Re-evaluate stalled agent PRs (consolidated)	success	102571980984	2026-09-09T17:26:53Z
health / Resolve conflicts	skipped	102566510474	2026-09-09T17:10:34Z
health / Fix failing checks	skipped	102566509112	2026-09-09T17:10:34Z
health / Nudge stalled PRs	skipped	102566508898	2026-09-09T17:10:34Z
health / Health summary	success	102566508223	2026-09-09T17:10:38Z
health / Scan open PRs	success	102566396522	2026-09-09T17:10:34Z
health / Schedule gate	success	102566358489	2026-09-09T17:10:15Z
Re-evaluate stalled agent PRs (non-consolidated)	skipped	102553088840	2026-09-09T16:31:28Z
Name keepalive sweep mode	success	102553087411	2026-09-09T16:31:35Z
Re-evaluate stalled agent PRs (consolidated)	success	102553087178	2026-09-09T16:31:44Z
health / Fix failing checks	skipped	102546762489	2026-09-09T16:13:44Z
health / Resolve conflicts	skipped	102546761956	2026-09-09T16:13:44Z
health / Nudge stalled PRs	skipped	102546761935	2026-09-09T16:13:44Z
health / Health summary	success	102546760194	2026-09-09T16:13:51Z
health / Scan open PRs	success	102546638265	2026-09-09T16:13:44Z
health / Schedule gate	success	102546600781	2026-09-09T16:13:24Z
Re-evaluate stalled agent PRs (non-consolidated)	skipped	102530292070	2026-09-09T15:29:02Z
Re-evaluate stalled agent PRs (consolidated)	success	102530291232	2026-09-09T15:29:19Z
Name keepalive sweep mode	success	102530290905	2026-09-09T15:29:10Z
health / Resolve conflicts	skipped	102523800543	2026-09-09T15:11:48Z
health / Fix failing checks	skipped	102523800332	2026-09-09T15:11:48Z
health / Nudge stalled PRs	skipped	102523800228	2026-09-09T15:11:48Z
health / Health summary	success	102523799665	2026-09-09T15:11:52Z
health / Scan open PRs	success	102523694242	2026-09-09T15:11:48Z
health / Schedule gate	success	102523650003	2026-09-09T15:11:31Z
Re-evaluate stalled agent PRs (non-consolidated)	skipped	102507954898	2026-09-09T14:30:06Z
Re-evaluate stalled agent PRs (consolidated)	success	102507953256	2026-09-09T14:30:25Z
Name keepalive sweep mode	success	102507952859	2026-09-09T14:30:11Z
health / Resolve conflicts	skipped	102501356758	2026-09-09T14:12:29Z
health / Fix failing checks	skipped	102501356457	2026-09-09T14:12:29Z
health / Nudge stalled PRs	skipped	102501355580	2026-09-09T14:12:29Z
health / Health summary	success	102501355139	2026-09-09T14:12:35Z
health / Scan open PRs	success	102501240359	2026-09-09T14:12:29Z
health / Schedule gate	success	102501199916	2026-09-09T14:12:11Z
Re-evaluate stalled agent PRs (non-consolidated)	skipped	102485415770	2026-09-09T13:29:22Z
Name keepalive sweep mode	success	102485414860	2026-09-09T13:29:28Z
Re-evaluate stalled agent PRs (consolidated)	success	102485414590	2026-09-09T13:30:13Z
health / Resolve conflicts	skipped	102479209308	2026-09-09T13:11:51Z
health / Fix failing checks	skipped	102479208782	2026-09-09T13:11:51Z
health / Nudge stalled PRs	skipped	102479208392	2026-09-09T13:11:51Z
health / Health summary	success	102479208085	2026-09-09T13:11:56Z
health / Scan open PRs	success	102479124405	2026-09-09T13:11:51Z
health / Schedule gate	success	102479088399	2026-09-09T13:11:36Z
Re-evaluate stalled agent PRs (non-consolidated)	skipped	102468387656	2026-09-09T12:39:50Z
Name keepalive sweep mode	success	102468385909	2026-09-09T12:39:54Z
Re-evaluate stalled agent PRs (consolidated)	success	102468385763	2026-09-09T12:40:02Z
health / Nudge stalled PRs	skipped	102461557549	2026-09-09T12:18:37Z
health / Fix failing checks	skipped	102461557526	2026-09-09T12:18:37Z
health / Resolve conflicts	skipped	102461557002	2026-09-09T12:18:37Z
health / Health summary	success	102461556320	2026-09-09T12:18:44Z
health / Scan open PRs	success	102461483459	2026-09-09T12:18:37Z
health / Schedule gate	success	102461452303	2026-09-09T12:18:23Z
Re-evaluate stalled agent PRs (non-consolidated)	skipped	102446449845	2026-09-09T11:27:20Z
Name keepalive sweep mode	success	102446448604	2026-09-09T11:27:24Z
Re-evaluate stalled agent PRs (consolidated)	success	102446448236	2026-09-09T11:27:34Z
health / Nudge stalled PRs	skipped	102441942387	2026-09-09T11:11:33Z
health / Fix failing checks	skipped	102441942217	2026-09-09T11:11:33Z
health / Resolve conflicts	skipped	102441942099	2026-09-09T11:11:33Z
health / Health summary	success	102441941323	2026-09-09T11:11:38Z
health / Scan open PRs	success	102441845398	2026-09-09T11:11:32Z
health / Schedule gate	success	102441821421	2026-09-09T11:11:14Z
Re-evaluate stalled agent PRs (non-consolidated)	skipped	102429973087	2026-09-09T10:29:53Z
Re-evaluate stalled agent PRs (consolidated)	success	102429972106	2026-09-09T10:30:07Z
Name keepalive sweep mode	success	102429971897	2026-09-09T10:29:57Z
health / Resolve conflicts	skipped	102425097827	2026-09-09T10:12:54Z
health / Fix failing checks	skipped	102425097400	2026-09-09T10:12:54Z
health / Nudge stalled PRs	skipped	102425097371	2026-09-09T10:12:54Z
health / Health summary	success	102425096142	2026-09-09T10:13:00Z
health / Scan open PRs	success	102425015315	2026-09-09T10:12:54Z
health / Schedule gate	success	102424985249	2026-09-09T10:12:38Z
Re-evaluate stalled agent PRs (non-consolidated)	skipped	102412958074	2026-09-09T09:32:00Z
Name keepalive sweep mode	success	102412956991	2026-09-09T09:32:04Z
Re-evaluate stalled agent PRs (consolidated)	success	102412956775	2026-09-09T09:32:10Z
health / Fix failing checks	skipped	102407523763	2026-09-09T09:14:04Z
health / Resolve conflicts	skipped	102407522622	2026-09-09T09:14:04Z
health / Nudge stalled PRs	skipped	102407522015	2026-09-09T09:14:04Z
health / Health summary	success	102407521238	2026-09-09T09:14:10Z
health / Scan open PRs	success	102407423830	2026-09-09T09:14:04Z
health / Schedule gate	success	102407398037	2026-09-09T09:13:45Z
Re-evaluate stalled agent PRs (non-consolidated)	skipped	102395811074	2026-09-09T08:35:01Z
Name keepalive sweep mode	success	102395810318	2026-09-09T08:35:06Z
Re-evaluate stalled agent PRs (consolidated)	success	102395809905	2026-09-09T08:35:15Z
health / Nudge stalled PRs	skipped	102390659251	2026-09-09T08:17:30Z
health / Fix failing checks	skipped	102390658750	2026-09-09T08:17:30Z
health / Resolve conflicts	skipped	102390658325	2026-09-09T08:17:30Z
health / Health summary	success	102390657895	2026-09-09T08:17:36Z
health / Scan open PRs	success	102390592026	2026-09-09T08:17:29Z
health / Schedule gate	success	102390542121	2026-09-09T08:17:16Z
Re-evaluate stalled agent PRs (non-consolidated)	skipped	102377908091	2026-09-09T07:31:40Z
Name keepalive sweep mode	success	102377906787	2026-09-09T07:31:47Z
Re-evaluate stalled agent PRs (consolidated)	success	102377906630	2026-09-09T07:31:51Z
health / Nudge stalled PRs	skipped	102373082506	2026-09-09T07:13:54Z
health / Fix failing checks	skipped	102373082291	2026-09-09T07:13:54Z
health / Resolve conflicts	skipped	102373082276	2026-09-09T07:13:54Z
health / Health summary	success	102373081805	2026-09-09T07:13:59Z
health / Scan open PRs	success	102373026980	2026-09-09T07:13:54Z
health / Schedule gate	success	102372999223	2026-09-09T07:13:41Z
coverage guard outcome	success	102369034179	2026-09-09T06:58:22Z
coverage baseline monitor	success	102368833373	2026-09-09T06:58:17Z
Rate limit gate	success	102368779024	2026-09-09T06:57:27Z
Re-evaluate stalled agent PRs (non-consolidated)	skipped	102365599084	2026-09-09T06:44:14Z
Name keepalive sweep mode	success	102365598434	2026-09-09T06:44:21Z
Re-evaluate stalled agent PRs (consolidated)	success	102365598173	2026-09-09T06:44:26Z
health / Nudge stalled PRs	skipped	102360447369	2026-09-09T06:21:57Z
health / Resolve conflicts	skipped	102360446740	2026-09-09T06:21:57Z
health / Fix failing checks	skipped	102360446473	2026-09-09T06:21:57Z
health / Health summary	success	102360445962	2026-09-09T06:22:03Z
health / Scan open PRs	success	102360399338	2026-09-09T06:21:56Z
health / Schedule gate	success	102360376255	2026-09-09T06:21:44Z
Re-evaluate stalled agent PRs (non-consolidated)	skipped	102349495690	2026-09-09T05:29:29Z
Name keepalive sweep mode	success	102349494956	2026-09-09T05:29:36Z
Re-evaluate stalled agent PRs (consolidated)	success	102349494771	2026-09-09T05:29:42Z
health / Nudge stalled PRs	skipped	102346173279	2026-09-09T05:12:39Z
health / Fix failing checks	skipped	102346173002	2026-09-09T05:12:39Z
health / Resolve conflicts	skipped	102346172785	2026-09-09T05:12:39Z
health / Health summary	success	102346172172	2026-09-09T05:12:45Z
health / Scan open PRs	success	102346099913	2026-09-09T05:12:38Z
health / Schedule gate	success	102346078408	2026-09-09T05:12:17Z
Re-evaluate stalled agent PRs (non-consolidated)	skipped	102338597133	2026-09-09T04:32:50Z
Re-evaluate stalled agent PRs (consolidated)	success	102338596408	2026-09-09T04:33:00Z
Name keepalive sweep mode	success	102338596217	2026-09-09T04:32:56Z
health / Fix failing checks	skipped	102335129243	2026-09-09T04:14:46Z
health / Resolve conflicts	skipped	102335129118	2026-09-09T04:14:46Z
health / Nudge stalled PRs	skipped	102335128972	2026-09-09T04:14:46Z
health / Health summary	success	102335128585	2026-09-09T04:14:51Z
health / Scan open PRs	success	102335087103	2026-09-09T04:14:46Z
health / Schedule gate	success	102335073000	2026-09-09T04:14:33Z
Re-evaluate stalled agent PRs (non-consolidated)	skipped	102327406242	2026-09-09T03:33:40Z
Name keepalive sweep mode	success	102327405667	2026-09-09T03:33:46Z
Re-evaluate stalled agent PRs (consolidated)	success	102327405463	2026-09-09T03:33:51Z
health / Nudge stalled PRs	skipped	102323849683	2026-09-09T03:15:02Z
health / Resolve conflicts	skipped	102323849663	2026-09-09T03:15:02Z
health / Fix failing checks	skipped	102323849586	2026-09-09T03:15:02Z
health / Health summary	success	102323848805	2026-09-09T03:15:07Z
health / Scan open PRs	success	102323795238	2026-09-09T03:15:02Z
health / Schedule gate	success	102323777565	2026-09-09T03:14:45Z
Re-evaluate stalled agent PRs (non-consolidated)	skipped	102316384127	2026-09-09T02:36:16Z
Name keepalive sweep mode	success	102316382880	2026-09-09T02:36:22Z
Re-evaluate stalled agent PRs (consolidated)	success	102316382559	2026-09-09T02:36:31Z
health / Fix failing checks	skipped	102312587744	2026-09-09T02:17:29Z
health / Resolve conflicts	skipped	102312587620	2026-09-09T02:17:29Z
health / Nudge stalled PRs	skipped	102312587462	2026-09-09T02:17:29Z
health / Health summary	success	102312586965	2026-09-09T02:17:36Z
health / Scan open PRs	success	102312527614	2026-09-09T02:17:29Z
health / Schedule gate	success	102312499622	2026-09-09T02:17:11Z
Re-evaluate stalled agent PRs (non-consolidated)	skipped	102304666046	2026-09-09T01:38:13Z
Name keepalive sweep mode	success	102304665435	2026-09-09T01:38:19Z
Re-evaluate stalled agent PRs (consolidated)	success	102304665260	2026-09-09T01:38:30Z
auto-label	success	102304431639	2026-09-09T01:37:08Z
check	success	102304431466	2026-09-09T01:37:09Z
health / Resolve conflicts	skipped	102301659225	2026-09-09T01:23:16Z
health / Fix failing checks	skipped	102301659202	2026-09-09T01:23:16Z
health / Nudge stalled PRs	skipped	102301659020	2026-09-09T01:23:16Z
health / Health summary	success	102301658163	2026-09-09T01:23:21Z
health / Scan open PRs	success	102301603891	2026-09-09T01:23:15Z
health / Schedule gate	success	102301588536	2026-09-09T01:23:00Z
Re-evaluate stalled agent PRs (non-consolidated)	skipped	102297249922	2026-09-09T01:02:15Z
Re-evaluate stalled agent PRs (consolidated)	success	102297249047	2026-09-09T01:02:27Z
Name keepalive sweep mode	success	102297248792	2026-09-09T01:02:20Z
health / Fix failing checks	skipped	102291409867	2026-09-09T00:34:32Z
health / Resolve conflicts	skipped	102291407669	2026-09-09T00:34:32Z
health / Nudge stalled PRs	skipped	102291407395	2026-09-09T00:34:32Z
health / Health summary	success	102291406843	2026-09-09T00:34:37Z
health / Scan open PRs	success	102291359716	2026-09-09T00:34:31Z
health / Schedule gate	success	102291335551	2026-09-09T00:34:19Z
Re-evaluate stalled agent PRs (non-consolidated)	skipped	102275966192	2026-09-08T23:25:23Z
Re-evaluate stalled agent PRs (consolidated)	success	102275965066	2026-09-08T23:25:34Z
Name keepalive sweep mode	success	102275964839	2026-09-08T23:25:30Z
health / Fix failing checks	skipped	102272474559	2026-09-08T23:10:52Z
health / Resolve conflicts	skipped	102272474429	2026-09-08T23:10:52Z
health / Nudge stalled PRs	skipped	102272474400	2026-09-08T23:10:52Z
health / Health summary	success	102272473506	2026-09-08T23:10:59Z
health / Scan open PRs	success	102272405752	2026-09-08T23:10:52Z
health / Schedule gate	success	102272376008	2026-09-08T23:10:34Z
check	success	102265994083	2026-09-08T22:44:40Z
auto-label	success	102265993785	2026-09-08T22:44:26Z
Re-evaluate stalled agent PRs (non-consolidated)	skipped	102261271644	2026-09-08T22:26:11Z
Name keepalive sweep mode	success	102261270470	2026-09-08T22:26:18Z
Re-evaluate stalled agent PRs (consolidated)	success	102261270247	2026-09-08T22:26:25Z
health / Health summary	success	102257021607	2026-09-08T22:11:11Z
health / Resolve conflicts	skipped	102257009238	2026-09-08T22:11:00Z
health / Fix failing checks	skipped	102257008963	2026-09-08T22:11:00Z
health / Nudge stalled PRs	skipped	102257008352	2026-09-08T22:11:00Z
health / Scan open PRs	success	102256920107	2026-09-08T22:10:57Z
health / Schedule gate	success	102256893339	2026-09-08T22:10:42Z
Re-evaluate stalled agent PRs (non-consolidated)	skipped	102243683740	2026-09-08T21:24:52Z
Name keepalive sweep mode	success	102243682659	2026-09-08T21:24:59Z
Re-evaluate stalled agent PRs (consolidated)	success	102243682452	2026-09-08T21:25:04Z
health / Resolve conflicts	skipped	102239024969	2026-09-08T21:09:58Z
health / Nudge stalled PRs	skipped	102239024670	2026-09-08T21:09:58Z
health / Fix failing checks	skipped	102239024213	2026-09-08T21:09:58Z
health / Health summary	success	102239023461	2026-09-08T21:10:04Z
health / Scan open PRs	success	102238925757	2026-09-08T21:09:58Z
health / Schedule gate	success	102238901086	2026-09-08T21:09:40Z
Re-evaluate stalled agent PRs (non-consolidated)	skipped	102225565795	2026-09-08T20:27:57Z
Name keepalive sweep mode	success	102225565148	2026-09-08T20:28:03Z
Re-evaluate stalled agent PRs (consolidated)	success	102225564704	2026-09-08T20:28:10Z
health / Resolve conflicts	skipped	102220369383	2026-09-08T20:12:00Z
health / Fix failing checks	skipped	102220368635	2026-09-08T20:12:00Z
health / Nudge stalled PRs	skipped	102220368548	2026-09-08T20:12:00Z
health / Health summary	success	102220368251	2026-09-08T20:12:05Z
health / Scan open PRs	success	102220262052	2026-09-08T20:12:00Z
health / Schedule gate	success	102220228231	2026-09-08T20:11:41Z
Re-evaluate stalled agent PRs (non-consolidated)	skipped	102205036267	2026-09-08T19:25:19Z
Re-evaluate stalled agent PRs (consolidated)	success	102205034605	2026-09-08T19:25:29Z
Name keepalive sweep mode	success	102205034399	2026-09-08T19:25:24Z
health / Fix failing checks	skipped	102200066281	2026-09-08T19:10:17Z
health / Resolve conflicts	skipped	102200066205	2026-09-08T19:10:17Z
health / Nudge stalled PRs	skipped	102200066060	2026-09-08T19:10:17Z
health / Health summary	success	102200065084	2026-09-08T19:10:23Z
health / Scan open PRs	success	102199944764	2026-09-08T19:10:17Z
health / Schedule gate	success	102199902748	2026-09-08T19:09:56Z
Record autofix dispatch completion	skipped	102195417341	2026-09-08T18:56:19Z
autofix	skipped	102195416895	2026-09-08T18:56:19Z
Resolve Context	success	102195359125	2026-09-08T18:56:18Z
Python CI / logs summary	success	102195254229	2026-09-08T18:56:03Z
auto-label	success	102195097591	2026-09-08T18:55:34Z
check	success	102195096788	2026-09-08T18:55:31Z
auto-label	success	102194852691	2026-09-08T18:54:43Z
check	success	102194851968	2026-09-08T18:54:46Z
Python CI / python 3.13	success	102194701936	2026-09-08T18:55:35Z
Python CI / python 3.12	success	102194701896	2026-09-08T18:55:48Z
Python CI / select reusable CI scope	success	102194654617	2026-09-08T18:54:10Z
Python CI / lint-format	success	102194654455	2026-09-08T18:54:47Z
Python CI / lint-ruff	success	102194654447	2026-09-08T18:54:35Z
Python CI / typecheck-mypy	success	102194654264	2026-09-08T18:54:57Z
cross-repo smoke	skipped	102194626690	2026-09-08T18:53:57Z
Python CI / Validate inputs	success	102194625280	2026-09-08T18:54:02Z
