health / Fix failing checks	skipped	103350225142	2026-09-11T17:05:33Z
health / Resolve conflicts	skipped	103350224400	2026-09-11T17:05:33Z
health / Nudge stalled PRs	skipped	103350224380	2026-09-11T17:05:33Z
health / Health summary	success	103350223963	2026-09-11T17:05:37Z
health / Scan open PRs	success	103350139206	2026-09-11T17:05:32Z
health / Schedule gate	success	103350099774	2026-09-11T17:05:16Z
auto-label	success	103342539372	2026-09-11T16:41:06Z
check	success	103342538410	2026-09-11T16:41:06Z
Re-evaluate stalled agent PRs (consolidated)	skipped	103339441742	2026-09-11T16:31:07Z
Name keepalive sweep mode	success	103339440590	2026-09-11T16:31:12Z
Re-evaluate stalled agent PRs (non-consolidated)	success	103339440368	2026-09-11T16:31:19Z
health / Fix failing checks	skipped	103331982999	2026-09-11T16:07:54Z
health / Resolve conflicts	skipped	103331982776	2026-09-11T16:07:54Z
health / Nudge stalled PRs	skipped	103331982197	2026-09-11T16:07:54Z
health / Health summary	success	103331981989	2026-09-11T16:07:59Z
health / Scan open PRs	success	103331882375	2026-09-11T16:07:54Z
health / Schedule gate	success	103331845057	2026-09-11T16:07:36Z
Re-evaluate stalled agent PRs (consolidated)	skipped	103319494370	2026-09-11T15:29:46Z
Name keepalive sweep mode	success	103319493480	2026-09-11T15:29:52Z
Re-evaluate stalled agent PRs (non-consolidated)	success	103319493111	2026-09-11T15:29:56Z
health / Resolve conflicts	skipped	103311883756	2026-09-11T15:06:56Z
health / Nudge stalled PRs	skipped	103311883707	2026-09-11T15:06:56Z
health / Fix failing checks	skipped	103311883625	2026-09-11T15:06:56Z
health / Health summary	success	103311882873	2026-09-11T15:07:03Z
health / Scan open PRs	success	103311782559	2026-09-11T15:06:56Z
health / Schedule gate	success	103311759908	2026-09-11T15:06:37Z
Name keepalive sweep mode	success	103299673208	2026-09-11T14:30:50Z
Re-evaluate stalled agent PRs (non-consolidated)	success	103299673102	2026-09-11T14:30:59Z
Re-evaluate stalled agent PRs (consolidated)	skipped	103299668818	2026-09-11T14:30:41Z
health / Nudge stalled PRs	skipped	103292004670	2026-09-11T14:07:29Z
health / Resolve conflicts	skipped	103292004610	2026-09-11T14:07:29Z
health / Fix failing checks	skipped	103292004150	2026-09-11T14:07:29Z
health / Health summary	success	103292003116	2026-09-11T14:07:35Z
health / Scan open PRs	success	103291906816	2026-09-11T14:07:28Z
health / Schedule gate	success	103291871392	2026-09-11T14:07:11Z
Re-evaluate stalled agent PRs (consolidated)	skipped	103279995323	2026-09-11T13:29:58Z
Name keepalive sweep mode	success	103279993774	2026-09-11T13:30:04Z
Re-evaluate stalled agent PRs (non-consolidated)	success	103279993632	2026-09-11T13:30:13Z
health / Nudge stalled PRs	skipped	103272898994	2026-09-11T13:06:49Z
health / Fix failing checks	skipped	103272898690	2026-09-11T13:06:49Z
health / Resolve conflicts	skipped	103272898395	2026-09-11T13:06:49Z
health / Health summary	success	103272897664	2026-09-11T13:06:54Z
health / Scan open PRs	success	103272824294	2026-09-11T13:06:49Z
health / Schedule gate	success	103272794528	2026-09-11T13:06:35Z
Re-evaluate stalled agent PRs (consolidated)	skipped	103265053220	2026-09-11T12:40:10Z
Re-evaluate stalled agent PRs (non-consolidated)	success	103265051900	2026-09-11T12:40:22Z
Name keepalive sweep mode	success	103265051708	2026-09-11T12:40:15Z
health / Resolve conflicts	skipped	103256951256	2026-09-11T12:11:03Z
health / Fix failing checks	skipped	103256951004	2026-09-11T12:11:03Z
health / Nudge stalled PRs	skipped	103256950674	2026-09-11T12:11:03Z
health / Health summary	success	103256950316	2026-09-11T12:11:10Z
health / Scan open PRs	success	103256897103	2026-09-11T12:11:03Z
health / Schedule gate	success	103256872170	2026-09-11T12:10:51Z
Re-evaluate stalled agent PRs (consolidated)	skipped	103246126261	2026-09-11T11:28:43Z
Name keepalive sweep mode	success	103246125454	2026-09-11T11:28:49Z
Re-evaluate stalled agent PRs (non-consolidated)	success	103246125244	2026-09-11T11:28:59Z
health / Fix failing checks	skipped	103240562884	2026-09-11T11:06:41Z
health / Resolve conflicts	skipped	103240562777	2026-09-11T11:06:40Z
health / Health summary	success	103240562092	2026-09-11T11:06:46Z
health / Nudge stalled PRs	skipped	103240562013	2026-09-11T11:06:40Z
health / Scan open PRs	success	103240482663	2026-09-11T11:06:40Z
health / Schedule gate	success	103240462209	2026-09-11T11:06:21Z
Re-evaluate stalled agent PRs (consolidated)	skipped	103231338142	2026-09-11T10:30:07Z
Re-evaluate stalled agent PRs (non-consolidated)	success	103231336920	2026-09-11T10:30:24Z
Name keepalive sweep mode	success	103231336652	2026-09-11T10:30:14Z
health / Resolve conflicts	skipped	103225384213	2026-09-11T10:07:14Z
health / Fix failing checks	skipped	103225383737	2026-09-11T10:07:14Z
health / Nudge stalled PRs	skipped	103225383592	2026-09-11T10:07:14Z
health / Health summary	success	103225383231	2026-09-11T10:07:21Z
health / Scan open PRs	success	103225311016	2026-09-11T10:07:14Z
health / Schedule gate	success	103225289184	2026-09-11T10:06:57Z
Re-evaluate stalled agent PRs (consolidated)	skipped	103215932224	2026-09-11T09:31:36Z
Name keepalive sweep mode	success	103215931139	2026-09-11T09:31:41Z
Re-evaluate stalled agent PRs (non-consolidated)	success	103215930949	2026-09-11T09:31:57Z
health / Nudge stalled PRs	skipped	103209560195	2026-09-11T09:08:09Z
health / Resolve conflicts	skipped	103209560129	2026-09-11T09:08:09Z
health / Fix failing checks	skipped	103209559998	2026-09-11T09:08:09Z
health / Health summary	success	103209559326	2026-09-11T09:08:15Z
health / Scan open PRs	success	103209465147	2026-09-11T09:08:08Z
health / Schedule gate	success	103209356125	2026-09-11T09:07:47Z
Re-evaluate stalled agent PRs (consolidated)	skipped	103201249445	2026-09-11T08:36:49Z
Name keepalive sweep mode	success	103201248261	2026-09-11T08:36:54Z
Re-evaluate stalled agent PRs (non-consolidated)	success	103201248010	2026-09-11T08:37:05Z
health / Fix failing checks	skipped	103194175240	2026-09-11T08:09:32Z
health / Nudge stalled PRs	skipped	103194175043	2026-09-11T08:09:32Z
health / Resolve conflicts	skipped	103194174602	2026-09-11T08:09:32Z
health / Health summary	success	103194174323	2026-09-11T08:09:39Z
health / Scan open PRs	success	103194090269	2026-09-11T08:09:32Z
health / Schedule gate	success	103194070871	2026-09-11T08:09:14Z
Re-evaluate stalled agent PRs (consolidated)	skipped	103184696177	2026-09-11T07:31:40Z
Name keepalive sweep mode	success	103184695172	2026-09-11T07:31:47Z
Re-evaluate stalled agent PRs (non-consolidated)	success	103184694850	2026-09-11T07:31:55Z
health / Resolve conflicts	skipped	103178854932	2026-09-11T07:07:37Z
health / Nudge stalled PRs	skipped	103178854778	2026-09-11T07:07:37Z
health / Fix failing checks	skipped	103178854455	2026-09-11T07:07:37Z
health / Health summary	success	103178854121	2026-09-11T07:07:43Z
health / Scan open PRs	success	103178798403	2026-09-11T07:07:37Z
health / Schedule gate	success	103178774012	2026-09-11T07:07:22Z
coverage guard outcome	success	103176486175	2026-09-11T06:57:47Z
coverage baseline monitor	success	103176316980	2026-09-11T06:57:40Z
Rate limit gate	success	103176245554	2026-09-11T06:56:55Z
Re-evaluate stalled agent PRs (consolidated)	skipped	103173440978	2026-09-11T06:43:55Z
Re-evaluate stalled agent PRs (non-consolidated)	success	103173439847	2026-09-11T06:44:13Z
Name keepalive sweep mode	success	103173439651	2026-09-11T06:44:01Z
health / Nudge stalled PRs	skipped	103166683330	2026-09-11T06:12:02Z
health / Resolve conflicts	skipped	103166683147	2026-09-11T06:12:02Z
health / Fix failing checks	skipped	103166683137	2026-09-11T06:12:02Z
health / Health summary	success	103166682403	2026-09-11T06:12:06Z
health / Scan open PRs	success	103166610095	2026-09-11T06:12:02Z
health / Schedule gate	success	103166595977	2026-09-11T06:11:40Z
Re-evaluate stalled agent PRs (consolidated)	skipped	103158687427	2026-09-11T05:29:59Z
Re-evaluate stalled agent PRs (non-consolidated)	success	103158686922	2026-09-11T05:30:10Z
Name keepalive sweep mode	success	103158686705	2026-09-11T05:30:03Z
health / Resolve conflicts	skipped	103154397090	2026-09-11T05:07:13Z
health / Nudge stalled PRs	skipped	103154396594	2026-09-11T05:07:13Z
health / Fix failing checks	skipped	103154396527	2026-09-11T05:07:13Z
health / Health summary	success	103154396427	2026-09-11T05:07:19Z
health / Scan open PRs	success	103154357681	2026-09-11T05:07:13Z
health / Schedule gate	success	103154337002	2026-09-11T05:07:01Z
Re-evaluate stalled agent PRs (consolidated)	skipped	103148416328	2026-09-11T04:33:53Z
Name keepalive sweep mode	success	103148415581	2026-09-11T04:33:57Z
Re-evaluate stalled agent PRs (non-consolidated)	success	103148415535	2026-09-11T04:34:10Z
health / Resolve conflicts	skipped	103143864779	2026-09-11T04:09:16Z
health / Nudge stalled PRs	skipped	103143864614	2026-09-11T04:09:16Z
health / Fix failing checks	skipped	103143864434	2026-09-11T04:09:16Z
health / Health summary	success	103143864027	2026-09-11T04:09:22Z
health / Scan open PRs	success	103143808509	2026-09-11T04:09:16Z
health / Schedule gate	success	103143786253	2026-09-11T04:08:59Z
Re-evaluate stalled agent PRs (consolidated)	skipped	103137441516	2026-09-11T03:34:03Z
Name keepalive sweep mode	success	103137440799	2026-09-11T03:34:07Z
Re-evaluate stalled agent PRs (non-consolidated)	success	103137440745	2026-09-11T03:34:13Z
health / Fix failing checks	skipped	103132616467	2026-09-11T03:08:37Z
health / Resolve conflicts	skipped	103132616058	2026-09-11T03:08:37Z
health / Nudge stalled PRs	skipped	103132615970	2026-09-11T03:08:37Z
health / Health summary	success	103132615712	2026-09-11T03:08:43Z
health / Scan open PRs	success	103132535598	2026-09-11T03:08:37Z
health / Schedule gate	success	103132518831	2026-09-11T03:08:11Z
Re-evaluate stalled agent PRs (consolidated)	skipped	103126757768	2026-09-11T02:37:46Z
Name keepalive sweep mode	success	103126757014	2026-09-11T02:37:52Z
Re-evaluate stalled agent PRs (non-consolidated)	success	103126756836	2026-09-11T02:38:02Z
health / Nudge stalled PRs	skipped	103121376902	2026-09-11T02:10:29Z
health / Resolve conflicts	skipped	103121376842	2026-09-11T02:10:29Z
health / Fix failing checks	skipped	103121376599	2026-09-11T02:10:29Z
health / Health summary	success	103121376472	2026-09-11T02:10:34Z
health / Scan open PRs	success	103121309404	2026-09-11T02:10:28Z
health / Schedule gate	success	103121294515	2026-09-11T02:10:11Z
check	success	103114787929	2026-09-11T01:36:58Z
auto-label	success	103114787707	2026-09-11T01:36:52Z
Re-evaluate stalled agent PRs (consolidated)	skipped	103114785783	2026-09-11T01:36:45Z
Re-evaluate stalled agent PRs (non-consolidated)	success	103114784925	2026-09-11T01:36:59Z
Name keepalive sweep mode	success	103114784768	2026-09-11T01:36:50Z
health / Resolve conflicts	skipped	103110813347	2026-09-11T01:16:56Z
health / Nudge stalled PRs	skipped	103110813113	2026-09-11T01:16:56Z
health / Fix failing checks	skipped	103110812888	2026-09-11T01:16:56Z
health / Health summary	success	103110812477	2026-09-11T01:17:01Z
health / Scan open PRs	success	103110757863	2026-09-11T01:16:56Z
health / Schedule gate	success	103110734328	2026-09-11T01:16:37Z
Re-evaluate stalled agent PRs (consolidated)	skipped	103107460185	2026-09-11T01:01:00Z
Name keepalive sweep mode	success	103107459300	2026-09-11T01:01:06Z
Re-evaluate stalled agent PRs (non-consolidated)	success	103107459111	2026-09-11T01:01:11Z
health / Fix failing checks	skipped	103098684507	2026-09-11T00:19:41Z
health / Resolve conflicts	skipped	103098684415	2026-09-11T00:19:41Z
health / Nudge stalled PRs	skipped	103098684288	2026-09-11T00:19:41Z
health / Health summary	success	103098683847	2026-09-11T00:19:48Z
health / Scan open PRs	success	103098625673	2026-09-11T00:19:41Z
health / Schedule gate	success	103098602580	2026-09-11T00:19:25Z
Re-evaluate stalled agent PRs (consolidated)	skipped	103087053196	2026-09-10T23:26:53Z
Re-evaluate stalled agent PRs (non-consolidated)	success	103087051921	2026-09-10T23:27:10Z
Name keepalive sweep mode	success	103087051512	2026-09-10T23:26:58Z
health / Resolve conflicts	skipped	103082019043	2026-09-10T23:05:30Z
health / Nudge stalled PRs	skipped	103082018711	2026-09-10T23:05:30Z
health / Fix failing checks	skipped	103082018474	2026-09-10T23:05:30Z
health / Health summary	success	103082017633	2026-09-10T23:05:36Z
health / Scan open PRs	success	103081951753	2026-09-10T23:05:30Z
health / Schedule gate	success	103081928214	2026-09-10T23:05:14Z
Re-evaluate stalled agent PRs (consolidated)	skipped	103072655314	2026-09-10T22:27:59Z
Name keepalive sweep mode	success	103072654105	2026-09-10T22:28:03Z
Re-evaluate stalled agent PRs (non-consolidated)	success	103072653866	2026-09-10T22:28:12Z
health / Resolve conflicts	skipped	103066626461	2026-09-10T22:05:51Z
health / Nudge stalled PRs	skipped	103066626184	2026-09-10T22:05:51Z
health / Fix failing checks	skipped	103066625771	2026-09-10T22:05:51Z
health / Health summary	success	103066625339	2026-09-10T22:05:56Z
health / Scan open PRs	success	103066549643	2026-09-10T22:05:51Z
health / Schedule gate	success	103066513015	2026-09-10T22:05:35Z
Re-evaluate stalled agent PRs (consolidated)	skipped	103055496213	2026-09-10T21:27:00Z
Re-evaluate stalled agent PRs (non-consolidated)	success	103055494765	2026-09-10T21:27:12Z
Name keepalive sweep mode	success	103055494563	2026-09-10T21:27:05Z
health / Resolve conflicts	skipped	103048895690	2026-09-10T21:05:52Z
health / Fix failing checks	skipped	103048895430	2026-09-10T21:05:52Z
health / Nudge stalled PRs	skipped	103048894845	2026-09-10T21:05:52Z
health / Health summary	success	103048894386	2026-09-10T21:05:58Z
health / Scan open PRs	success	103048774443	2026-09-10T21:05:51Z
health / Schedule gate	success	103048743096	2026-09-10T21:05:29Z
Re-evaluate stalled agent PRs (consolidated)	skipped	103036900415	2026-09-10T20:28:34Z
Name keepalive sweep mode	success	103036899148	2026-09-10T20:28:40Z
Re-evaluate stalled agent PRs (non-consolidated)	success	103036898692	2026-09-10T20:28:47Z
health / Nudge stalled PRs	skipped	103029518705	2026-09-10T20:06:30Z
health / Resolve conflicts	skipped	103029518003	2026-09-10T20:06:30Z
health / Fix failing checks	skipped	103029517856	2026-09-10T20:06:30Z
health / Health summary	success	103029516940	2026-09-10T20:06:36Z
health / Scan open PRs	success	103029375751	2026-09-10T20:06:30Z
health / Schedule gate	success	103029342283	2026-09-10T20:06:06Z
Re-evaluate stalled agent PRs (consolidated)	skipped	103016177781	2026-09-10T19:26:17Z
Name keepalive sweep mode	success	103016176833	2026-09-10T19:26:22Z
Re-evaluate stalled agent PRs (non-consolidated)	success	103016176396	2026-09-10T19:26:32Z
health / Resolve conflicts	skipped	103009130966	2026-09-10T19:05:16Z
health / Nudge stalled PRs	skipped	103009130810	2026-09-10T19:05:16Z
health / Fix failing checks	skipped	103009130543	2026-09-10T19:05:16Z
health / Health summary	success	103009129856	2026-09-10T19:05:21Z
health / Scan open PRs	success	103009042300	2026-09-10T19:05:16Z
health / Schedule gate	success	103009012601	2026-09-10T19:05:01Z
check	success	102999513936	2026-09-10T18:37:10Z
auto-label	success	102999513661	2026-09-10T18:37:06Z
Re-evaluate stalled agent PRs (consolidated)	skipped	102997904540	2026-09-10T18:32:15Z
Name keepalive sweep mode	success	102997902969	2026-09-10T18:32:20Z
Re-evaluate stalled agent PRs (non-consolidated)	success	102997902789	2026-09-10T18:32:27Z
health / Resolve conflicts	skipped	102989829397	2026-09-10T18:08:37Z
health / Fix failing checks	skipped	102989829245	2026-09-10T18:08:37Z
health / Nudge stalled PRs	skipped	102989828608	2026-09-10T18:08:37Z
health / Health summary	success	102989827908	2026-09-10T18:08:41Z
health / Scan open PRs	success	102989722670	2026-09-10T18:08:37Z
health / Schedule gate	success	102989694104	2026-09-10T18:08:19Z
Re-evaluate stalled agent PRs (consolidated)	skipped	102975992583	2026-09-10T17:27:44Z
Name keepalive sweep mode	success	102975989024	2026-09-10T17:27:48Z
Re-evaluate stalled agent PRs (non-consolidated)	success	102975988705	2026-09-10T17:27:55Z
health / Fix failing checks	skipped	102968798826	2026-09-10T17:06:30Z
health / Health summary	success	102968798263	2026-09-10T17:06:37Z
health / Resolve conflicts	skipped	102968797657	2026-09-10T17:06:30Z
health / Nudge stalled PRs	skipped	102968797654	2026-09-10T17:06:30Z
health / Scan open PRs	success	102968673677	2026-09-10T17:06:30Z
health / Schedule gate	success	102968637798	2026-09-10T17:06:09Z
Re-evaluate stalled agent PRs (consolidated)	skipped	102956295416	2026-09-10T16:29:49Z
Re-evaluate stalled agent PRs (non-consolidated)	success	102956293752	2026-09-10T16:30:05Z
Name keepalive sweep mode	success	102956293471	2026-09-10T16:29:53Z
health / Resolve conflicts	skipped	102948325308	2026-09-10T16:07:19Z
health / Fix failing checks	skipped	102948325141	2026-09-10T16:07:19Z
health / Nudge stalled PRs	skipped	102948325112	2026-09-10T16:07:19Z
health / Health summary	success	102948324055	2026-09-10T16:07:25Z
health / Scan open PRs	success	102948235193	2026-09-10T16:07:18Z
health / Schedule gate	success	102948190305	2026-09-10T16:07:03Z
Re-evaluate stalled agent PRs (consolidated)	skipped	102934641911	2026-09-10T15:30:09Z
Re-evaluate stalled agent PRs (non-consolidated)	success	102934640759	2026-09-10T15:30:26Z
Name keepalive sweep mode	success	102934640522	2026-09-10T15:30:16Z
health / Resolve conflicts	skipped	102926072911	2026-09-10T15:07:05Z
health / Nudge stalled PRs	skipped	102926072189	2026-09-10T15:07:05Z
health / Fix failing checks	skipped	102926071897	2026-09-10T15:07:05Z
health / Health summary	success	102926071398	2026-09-10T15:07:10Z
health / Scan open PRs	success	102925973479	2026-09-10T15:07:05Z
health / Schedule gate	success	102925940813	2026-09-10T15:06:50Z
Re-evaluate stalled agent PRs (consolidated)	skipped	102912151230	2026-09-10T14:30:11Z
Name keepalive sweep mode	success	102912149940	2026-09-10T14:30:18Z
Re-evaluate stalled agent PRs (non-consolidated)	success	102912149671	2026-09-10T14:30:26Z
health / Nudge stalled PRs	skipped	102903431700	2026-09-10T14:06:49Z
health / Fix failing checks	skipped	102903430886	2026-09-10T14:06:49Z
health / Resolve conflicts	skipped	102903430288	2026-09-10T14:06:49Z
health / Health summary	success	102903429604	2026-09-10T14:06:53Z
health / Scan open PRs	success	102903317493	2026-09-10T14:06:48Z
health / Schedule gate	success	102903287037	2026-09-10T14:06:31Z
Re-evaluate stalled agent PRs (consolidated)	skipped	102889719041	2026-09-10T13:28:30Z
Re-evaluate stalled agent PRs (non-consolidated)	success	102889717602	2026-09-10T13:28:48Z
Name keepalive sweep mode	success	102889717257	2026-09-10T13:28:35Z
health / Nudge stalled PRs	skipped	102882272861	2026-09-10T13:06:59Z
health / Fix failing checks	skipped	102882272685	2026-09-10T13:06:59Z
health / Resolve conflicts	skipped	102882272466	2026-09-10T13:06:59Z
health / Health summary	success	102882271883	2026-09-10T13:07:06Z
health / Scan open PRs	success	102882169268	2026-09-10T13:06:58Z
health / Schedule gate	success	102882141473	2026-09-10T13:06:41Z
Re-evaluate stalled agent PRs (consolidated)	skipped	102873709920	2026-09-10T12:40:51Z
Name keepalive sweep mode	success	102873708652	2026-09-10T12:40:57Z
Re-evaluate stalled agent PRs (non-consolidated)	success	102873708419	2026-09-10T12:41:13Z
health / Resolve conflicts	skipped	102864278303	2026-09-10T12:10:25Z
health / Fix failing checks	skipped	102864277785	2026-09-10T12:10:25Z
health / Nudge stalled PRs	skipped	102864277687	2026-09-10T12:10:25Z
health / Health summary	success	102864276833	2026-09-10T12:10:29Z
health / Scan open PRs	success	102864216917	2026-09-10T12:10:24Z
health / Schedule gate	success	102864184291	2026-09-10T12:10:13Z
Re-evaluate stalled agent PRs (consolidated)	skipped	102852274688	2026-09-10T11:28:58Z
Re-evaluate stalled agent PRs (non-consolidated)	success	102852273321	2026-09-10T11:29:09Z
Name keepalive sweep mode	success	102852273053	2026-09-10T11:29:04Z
health / Fix failing checks	skipped	102845998631	2026-09-10T11:06:34Z
health / Nudge stalled PRs	skipped	102845998414	2026-09-10T11:06:34Z
health / Resolve conflicts	skipped	102845998171	2026-09-10T11:06:34Z
health / Health summary	success	102845997526	2026-09-10T11:06:41Z
health / Scan open PRs	success	102845913855	2026-09-10T11:06:34Z
health / Schedule gate	success	102845886620	2026-09-10T11:06:16Z
Re-evaluate stalled agent PRs (consolidated)	skipped	102836000935	2026-09-10T10:30:42Z
Re-evaluate stalled agent PRs (non-consolidated)	success	102835999463	2026-09-10T10:30:56Z
Name keepalive sweep mode	success	102835999292	2026-09-10T10:30:46Z
health / Resolve conflicts	skipped	102829310714	2026-09-10T10:07:09Z
health / Fix failing checks	skipped	102829310076	2026-09-10T10:07:09Z
health / Nudge stalled PRs	skipped	102829309830	2026-09-10T10:07:09Z
health / Health summary	success	102829309176	2026-09-10T10:07:16Z
health / Scan open PRs	success	102829224293	2026-09-10T10:07:08Z
health / Schedule gate	success	102829204896	2026-09-10T10:06:51Z
Re-evaluate stalled agent PRs (consolidated)	skipped	102819087644	2026-09-10T09:32:09Z
Name keepalive sweep mode	success	102819086216	2026-09-10T09:32:15Z
Re-evaluate stalled agent PRs (non-consolidated)	success	102819085846	2026-09-10T09:32:21Z
health / Fix failing checks	skipped	102811883030	2026-09-10T09:07:59Z
health / Resolve conflicts	skipped	102811882837	2026-09-10T09:07:59Z
health / Nudge stalled PRs	skipped	102811882830	2026-09-10T09:07:59Z
health / Health summary	success	102811881553	2026-09-10T09:08:04Z
health / Scan open PRs	success	102811790895	2026-09-10T09:07:58Z
health / Schedule gate	success	102811762586	2026-09-10T09:07:40Z
Re-evaluate stalled agent PRs (consolidated)	skipped	102802818430	2026-09-10T08:37:01Z
Re-evaluate stalled agent PRs (non-consolidated)	success	102802817066	2026-09-10T08:37:17Z
Name keepalive sweep mode	success	102802816875	2026-09-10T08:37:06Z
health / Nudge stalled PRs	skipped	102794891935	2026-09-10T08:09:27Z
health / Resolve conflicts	skipped	102794891482	2026-09-10T08:09:27Z
health / Fix failing checks	skipped	102794891211	2026-09-10T08:09:27Z
health / Health summary	success	102794891025	2026-09-10T08:09:34Z
health / Scan open PRs	success	102794831348	2026-09-10T08:09:27Z
health / Schedule gate	success	102794803750	2026-09-10T08:09:15Z
Re-evaluate stalled agent PRs (consolidated)	skipped	102784707791	2026-09-10T07:32:07Z
Name keepalive sweep mode	success	102784707082	2026-09-10T07:32:12Z
Re-evaluate stalled agent PRs (non-consolidated)	success	102784706829	2026-09-10T07:32:21Z
health / Fix failing checks	skipped	102778207184	2026-09-10T07:07:22Z
health / Resolve conflicts	skipped	102778207181	2026-09-10T07:07:22Z
health / Nudge stalled PRs	skipped	102778207121	2026-09-10T07:07:22Z
health / Health summary	success	102778206301	2026-09-10T07:07:27Z
health / Scan open PRs	success	102778157413	2026-09-10T07:07:22Z
health / Schedule gate	success	102778137698	2026-09-10T07:07:10Z
coverage guard outcome	success	102775836183	2026-09-10T06:58:08Z
coverage baseline monitor	success	102775653632	2026-09-10T06:58:01Z
Rate limit gate	success	102775609085	2026-09-10T06:57:15Z
Re-evaluate stalled agent PRs (consolidated)	skipped	102772568424	2026-09-10T06:44:31Z
Re-evaluate stalled agent PRs (non-consolidated)	success	102772567558	2026-09-10T06:44:43Z
Name keepalive sweep mode	success	102772567395	2026-09-10T06:44:35Z
health / Nudge stalled PRs	skipped	102765429505	2026-09-10T06:12:57Z
health / Resolve conflicts	skipped	102765429178	2026-09-10T06:12:57Z
health / Fix failing checks	skipped	102765429099	2026-09-10T06:12:57Z
health / Health summary	success	102765428500	2026-09-10T06:13:01Z
health / Scan open PRs	success	102765363099	2026-09-10T06:12:57Z
health / Schedule gate	success	102765348063	2026-09-10T06:12:39Z
Re-evaluate stalled agent PRs (consolidated)	skipped	102756717348	2026-09-10T05:29:53Z
Name keepalive sweep mode	success	102756716646	2026-09-10T05:29:59Z
Re-evaluate stalled agent PRs (non-consolidated)	success	102756716501	2026-09-10T05:30:23Z
health / Nudge stalled PRs	skipped	102752297844	2026-09-10T05:07:26Z
health / Fix failing checks	skipped	102752297628	2026-09-10T05:07:26Z
health / Resolve conflicts	skipped	102752297544	2026-09-10T05:07:26Z
health / Health summary	success	102752297107	2026-09-10T05:07:31Z
health / Scan open PRs	success	102752231858	2026-09-10T05:07:26Z
health / Schedule gate	success	102752218455	2026-09-10T05:07:06Z
Re-evaluate stalled agent PRs (consolidated)	skipped	102746005125	2026-09-10T04:33:49Z
Re-evaluate stalled agent PRs (non-consolidated)	success	102746004677	2026-09-10T04:34:04Z
Name keepalive sweep mode	success	102746004655	2026-09-10T04:33:54Z
auto-label	success	102741124738	2026-09-10T04:08:48Z
check	success	102741124558	2026-09-10T04:08:51Z
health / Resolve conflicts	skipped	102741053785	2026-09-10T04:08:18Z
health / Nudge stalled PRs	skipped	102741053699	2026-09-10T04:08:18Z
health / Fix failing checks	skipped	102741053334	2026-09-10T04:08:18Z
health / Health summary	success	102741053192	2026-09-10T04:08:42Z
health / Scan open PRs	success	102740995101	2026-09-10T04:08:18Z
health / Schedule gate	success	102740975323	2026-09-10T04:08:00Z
Re-evaluate stalled agent PRs (consolidated)	skipped	102734730947	2026-09-10T03:34:23Z
Re-evaluate stalled agent PRs (non-consolidated)	success	102734729781	2026-09-10T03:34:43Z
Name keepalive sweep mode	success	102734729617	2026-09-10T03:34:27Z
health / Fix failing checks	skipped	102729734353	2026-09-10T03:08:09Z
health / Resolve conflicts	skipped	102729734166	2026-09-10T03:08:09Z
health / Nudge stalled PRs	skipped	102729734164	2026-09-10T03:08:09Z
health / Health summary	success	102729733622	2026-09-10T03:08:14Z
health / Scan open PRs	success	102729681065	2026-09-10T03:08:09Z
health / Schedule gate	success	102729661225	2026-09-10T03:07:53Z
Re-evaluate stalled agent PRs (consolidated)	skipped	102723833630	2026-09-10T02:37:24Z
Re-evaluate stalled agent PRs (non-consolidated)	success	102723832554	2026-09-10T02:37:38Z
Name keepalive sweep mode	success	102723832293	2026-09-10T02:37:30Z
health / Nudge stalled PRs	skipped	102718380473	2026-09-10T02:10:21Z
health / Resolve conflicts	skipped	102718380264	2026-09-10T02:10:21Z
health / Fix failing checks	skipped	102718379905	2026-09-10T02:10:21Z
health / Health summary	success	102718379772	2026-09-10T02:10:26Z
health / Scan open PRs	success	102718314310	2026-09-10T02:10:20Z
health / Schedule gate	success	102718299572	2026-09-10T02:10:01Z
Re-evaluate stalled agent PRs (consolidated)	skipped	102711740808	2026-09-10T01:36:39Z
Name keepalive sweep mode	success	102711740142	2026-09-10T01:36:44Z
Re-evaluate stalled agent PRs (non-consolidated)	success	102711740020	2026-09-10T01:36:49Z
health / Nudge stalled PRs	skipped	102707773689	2026-09-10T01:17:03Z
health / Resolve conflicts	skipped	102707773636	2026-09-10T01:17:03Z
health / Fix failing checks	skipped	102707773435	2026-09-10T01:17:03Z
health / Health summary	success	102707772785	2026-09-10T01:17:09Z
health / Scan open PRs	success	102707711927	2026-09-10T01:17:03Z
health / Schedule gate	success	102707693820	2026-09-10T01:16:46Z
Re-evaluate stalled agent PRs (consolidated)	skipped	102704519929	2026-09-10T01:01:28Z
Name keepalive sweep mode	success	102704519197	2026-09-10T01:01:32Z
Re-evaluate stalled agent PRs (non-consolidated)	success	102704518975	2026-09-10T01:01:38Z
health / Resolve conflicts	skipped	102695202228	2026-09-10T00:17:51Z
health / Nudge stalled PRs	skipped	102695202079	2026-09-10T00:17:51Z
health / Fix failing checks	skipped	102695202009	2026-09-10T00:17:51Z
health / Health summary	success	102695201621	2026-09-10T00:17:58Z
health / Scan open PRs	success	102695147115	2026-09-10T00:17:51Z
health / Schedule gate	success	102695126086	2026-09-10T00:17:36Z
Re-evaluate stalled agent PRs (consolidated)	skipped	102684045434	2026-09-09T23:27:34Z
Name keepalive sweep mode	success	102684044194	2026-09-09T23:27:40Z
Re-evaluate stalled agent PRs (non-consolidated)	success	102684044089	2026-09-09T23:27:46Z
health / Fix failing checks	skipped	102679157776	2026-09-09T23:06:46Z
health / Nudge stalled PRs	skipped	102679157338	2026-09-09T23:06:46Z
health / Resolve conflicts	skipped	102679157243	2026-09-09T23:06:46Z
health / Health summary	success	102679156653	2026-09-09T23:06:53Z
health / Scan open PRs	success	102678944252	2026-09-09T23:06:45Z
health / Schedule gate	success	102678919286	2026-09-09T23:05:53Z
Re-evaluate stalled agent PRs (consolidated)	skipped	102669491865	2026-09-09T22:28:14Z
Re-evaluate stalled agent PRs (non-consolidated)	success	102669490671	2026-09-09T22:28:29Z
Name keepalive sweep mode	success	102669490245	2026-09-09T22:28:20Z
health / Nudge stalled PRs	skipped	102663364699	2026-09-09T22:05:52Z
health / Resolve conflicts	skipped	102663364652	2026-09-09T22:05:52Z
health / Fix failing checks	skipped	102663364520	2026-09-09T22:05:52Z
health / Health summary	success	102663363549	2026-09-09T22:05:57Z
health / Scan open PRs	success	102663296320	2026-09-09T22:05:52Z
health / Schedule gate	success	102663274199	2026-09-09T22:05:38Z
auto-label	success	102658864367	2026-09-09T21:50:01Z
check	success	102658864088	2026-09-09T21:50:02Z
Re-evaluate stalled agent PRs (consolidated)	skipped	102652465855	2026-09-09T21:27:53Z
Name keepalive sweep mode	success	102652464797	2026-09-09T21:27:58Z
Re-evaluate stalled agent PRs (non-consolidated)	success	102652464222	2026-09-09T21:28:10Z
health / Fix failing checks	skipped	102645611914	2026-09-09T21:05:54Z
health / Resolve conflicts	skipped	102645611790	2026-09-09T21:05:54Z
health / Nudge stalled PRs	skipped	102645611312	2026-09-09T21:05:54Z
health / Health summary	success	102645610510	2026-09-09T21:05:58Z
health / Scan open PRs	success	102645526229	2026-09-09T21:05:54Z
health / Schedule gate	success	102645501506	2026-09-09T21:05:38Z
Re-evaluate stalled agent PRs (consolidated)	skipped	102633835283	2026-09-09T20:29:48Z
Name keepalive sweep mode	success	102633833895	2026-09-09T20:29:53Z
Re-evaluate stalled agent PRs (non-consolidated)	success	102633833415	2026-09-09T20:30:00Z
health / Fix failing checks	skipped	102626173457	2026-09-09T20:06:57Z
health / Resolve conflicts	skipped	102626172782	2026-09-09T20:06:57Z
health / Nudge stalled PRs	skipped	102626172402	2026-09-09T20:06:57Z
health / Health summary	success	102626171914	2026-09-09T20:07:02Z
health / Scan open PRs	success	102626092565	2026-09-09T20:06:57Z
health / Schedule gate	success	102626052987	2026-09-09T20:06:43Z
Re-evaluate stalled agent PRs (consolidated)	skipped	102612916460	2026-09-09T19:27:21Z
Name keepalive sweep mode	success	102612914996	2026-09-09T19:27:27Z
Re-evaluate stalled agent PRs (non-consolidated)	success	102612914663	2026-09-09T19:27:35Z
health / Nudge stalled PRs	skipped	102605581670	2026-09-09T19:05:25Z
health / Fix failing checks	skipped	102605581545	2026-09-09T19:05:25Z
health / Resolve conflicts	skipped	102605581369	2026-09-09T19:05:25Z
health / Health summary	success	102605580337	2026-09-09T19:05:37Z
health / Scan open PRs	success	102605483217	2026-09-09T19:05:25Z
health / Schedule gate	success	102605448758	2026-09-09T19:05:07Z
Re-evaluate stalled agent PRs (consolidated)	skipped	102595155275	2026-09-09T18:34:34Z
Re-evaluate stalled agent PRs (non-consolidated)	success	102595154282	2026-09-09T18:34:53Z
Name keepalive sweep mode	success	102595153612	2026-09-09T18:34:41Z
health / Resolve conflicts	skipped	102586582123	2026-09-09T18:09:13Z
health / Fix failing checks	skipped	102586581214	2026-09-09T18:09:13Z
health / Nudge stalled PRs	skipped	102586581212	2026-09-09T18:09:13Z
health / Health summary	success	102586580401	2026-09-09T18:09:20Z
health / Scan open PRs	success	102586456042	2026-09-09T18:09:13Z
health / Schedule gate	success	102586417704	2026-09-09T18:08:52Z
Re-evaluate stalled agent PRs (consolidated)	skipped	102572753831	2026-09-09T17:28:56Z
Re-evaluate stalled agent PRs (non-consolidated)	success	102572752676	2026-09-09T17:29:09Z
Name keepalive sweep mode	success	102572752540	2026-09-09T17:29:06Z
health / Resolve conflicts	skipped	102564903642	2026-09-09T17:05:49Z
health / Nudge stalled PRs	skipped	102564903447	2026-09-09T17:05:49Z
health / Fix failing checks	skipped	102564903208	2026-09-09T17:05:49Z
health / Health summary	success	102564902571	2026-09-09T17:05:54Z
health / Scan open PRs	success	102564817205	2026-09-09T17:05:49Z
health / Schedule gate	success	102564781131	2026-09-09T17:05:34Z
Re-evaluate stalled agent PRs (consolidated)	skipped	102553374407	2026-09-09T16:32:17Z
Re-evaluate stalled agent PRs (non-consolidated)	success	102553372691	2026-09-09T16:32:29Z
Name keepalive sweep mode	success	102553372185	2026-09-09T16:32:25Z
health / Nudge stalled PRs	skipped	102544599727	2026-09-09T16:07:44Z
health / Resolve conflicts	skipped	102544599715	2026-09-09T16:07:44Z
health / Fix failing checks	skipped	102544599639	2026-09-09T16:07:44Z
health / Health summary	success	102544597841	2026-09-09T16:07:50Z
health / Scan open PRs	success	102544453435	2026-09-09T16:07:44Z
health / Schedule gate	success	102544415878	2026-09-09T16:07:19Z
Re-evaluate stalled agent PRs (consolidated)	skipped	102530847081	2026-09-09T15:30:31Z
Re-evaluate stalled agent PRs (non-consolidated)	success	102530844390	2026-09-09T15:30:45Z
Name keepalive sweep mode	success	102530844048	2026-09-09T15:30:38Z
health / Nudge stalled PRs	skipped	102521911741	2026-09-09T15:06:47Z
health / Fix failing checks	skipped	102521910491	2026-09-09T15:06:47Z
health / Resolve conflicts	skipped	102521910346	2026-09-09T15:06:47Z
health / Health summary	success	102521909941	2026-09-09T15:06:51Z
health / Scan open PRs	success	102521820188	2026-09-09T15:06:46Z
health / Schedule gate	success	102521782431	2026-09-09T15:06:33Z
Re-evaluate stalled agent PRs (consolidated)	skipped	102508409534	2026-09-09T14:31:17Z
Name keepalive sweep mode	success	102508407522	2026-09-09T14:31:21Z
Re-evaluate stalled agent PRs (non-consolidated)	success	102508407186	2026-09-09T14:31:29Z
health / Nudge stalled PRs	skipped	102499350029	2026-09-09T14:07:09Z
health / Resolve conflicts	skipped	102499349823	2026-09-09T14:07:09Z
health / Fix failing checks	skipped	102499349645	2026-09-09T14:07:09Z
health / Health summary	success	102499349473	2026-09-09T14:07:14Z
health / Scan open PRs	success	102499231330	2026-09-09T14:07:09Z
health / Schedule gate	success	102499196867	2026-09-09T14:06:50Z
Re-evaluate stalled agent PRs (consolidated)	skipped	102485831796	2026-09-09T13:30:32Z
Name keepalive sweep mode	success	102485830146	2026-09-09T13:30:40Z
Re-evaluate stalled agent PRs (non-consolidated)	success	102485829901	2026-09-09T13:30:52Z
health / Nudge stalled PRs	skipped	102477494370	2026-09-09T13:06:58Z
health / Fix failing checks	skipped	102477493870	2026-09-09T13:06:58Z
health / Resolve conflicts	skipped	102477493446	2026-09-09T13:06:58Z
health / Health summary	success	102477492945	2026-09-09T13:07:04Z
health / Scan open PRs	success	102477392236	2026-09-09T13:06:58Z
health / Schedule gate	success	102477348526	2026-09-09T13:06:41Z
Re-evaluate stalled agent PRs (consolidated)	skipped	102468669317	2026-09-09T12:40:41Z
Re-evaluate stalled agent PRs (non-consolidated)	success	102468668198	2026-09-09T12:40:52Z
Name keepalive sweep mode	success	102468667919	2026-09-09T12:40:47Z
health / Nudge stalled PRs	skipped	102459094012	2026-09-09T12:10:43Z
health / Fix failing checks	skipped	102459093284	2026-09-09T12:10:43Z
health / Resolve conflicts	skipped	102459093184	2026-09-09T12:10:43Z
health / Health summary	success	102459092730	2026-09-09T12:10:47Z
health / Scan open PRs	success	102459007818	2026-09-09T12:10:42Z
health / Schedule gate	success	102458969553	2026-09-09T12:10:26Z
Re-evaluate stalled agent PRs (consolidated)	skipped	102446986872	2026-09-09T11:29:13Z
Re-evaluate stalled agent PRs (non-consolidated)	success	102446985559	2026-09-09T11:29:26Z
Name keepalive sweep mode	success	102446985385	2026-09-09T11:29:18Z
health / Nudge stalled PRs	skipped	102440450766	2026-09-09T11:06:25Z
health / Resolve conflicts	skipped	102440450365	2026-09-09T11:06:25Z
health / Fix failing checks	skipped	102440450348	2026-09-09T11:06:25Z
health / Health summary	success	102440449556	2026-09-09T11:06:29Z
health / Scan open PRs	success	102440367898	2026-09-09T11:06:24Z
health / Schedule gate	success	102440336544	2026-09-09T11:06:08Z
Re-evaluate stalled agent PRs (consolidated)	skipped	102430265265	2026-09-09T10:30:52Z
Name keepalive sweep mode	success	102430263425	2026-09-09T10:30:56Z
Re-evaluate stalled agent PRs (non-consolidated)	success	102430263178	2026-09-09T10:31:01Z
health / Nudge stalled PRs	skipped	102423420465	2026-09-09T10:07:12Z
health / Resolve conflicts	skipped	102423420060	2026-09-09T10:07:12Z
health / Fix failing checks	skipped	102423419907	2026-09-09T10:07:12Z
health / Health summary	success	102423419092	2026-09-09T10:07:16Z
health / Scan open PRs	success	102423357384	2026-09-09T10:07:11Z
health / Schedule gate	success	102423326383	2026-09-09T10:06:59Z
Create issue from verification (enhanced)	skipped	102414234947	2026-09-09T09:36:08Z
bridge	skipped	102414225603	2026-09-09T09:36:14Z
check_labels	skipped	102414224672	2026-09-09T09:36:14Z
sync	skipped	102414224460	2026-09-09T09:36:14Z
Cleanup bot comment label	skipped	102414198739	2026-09-09T09:36:08Z
Fetch PR context	skipped	102414197935	2026-09-09T09:36:08Z
Bot comment handler	skipped	102414197754	2026-09-09T09:36:08Z
PR meta handler	skipped	102414197681	2026-09-09T09:36:08Z
Resolve event context	skipped	102414196907	2026-09-09T09:36:08Z
route	success	102414188213	2026-09-09T09:36:13Z
check	skipped	102414188002	2026-09-09T09:36:06Z
auto-pilot	success	102413941890	2026-09-09T09:36:07Z
PR meta handler	skipped	102413940476	2026-09-09T09:35:08Z
Fetch PR context	skipped	102413940032	2026-09-09T09:35:08Z
Bot comment handler	skipped	102413926685	2026-09-09T09:35:08Z
Cleanup bot comment label	skipped	102413897254	2026-09-09T09:35:08Z
Create issue from verification (enhanced)	skipped	102413897064	2026-09-09T09:35:08Z
Resolve event context	skipped	102413896588	2026-09-09T09:35:08Z
gate	success	102413896387	2026-09-09T09:35:17Z
check	success	102413896168	2026-09-09T09:35:19Z
Bot comment handler	skipped	102413824652	2026-09-09T09:34:46Z
Create issue from verification (enhanced)	skipped	102413820847	2026-09-09T09:34:46Z
Cleanup bot comment label	skipped	102413790644	2026-09-09T09:34:46Z
PR meta handler	skipped	102413790464	2026-09-09T09:34:46Z
Fetch PR context	skipped	102413789956	2026-09-09T09:34:46Z
Resolve event context	skipped	102413789689	2026-09-09T09:34:46Z
Re-evaluate stalled agent PRs (consolidated)	skipped	102413229489	2026-09-09T09:32:54Z
Re-evaluate stalled agent PRs (non-consolidated)	success	102413228405	2026-09-09T09:33:42Z
Name keepalive sweep mode	success	102413228192	2026-09-09T09:32:58Z
health / Resolve conflicts	skipped	102405703660	2026-09-09T09:08:08Z
health / Fix failing checks	skipped	102405701496	2026-09-09T09:08:08Z
health / Nudge stalled PRs	skipped	102405701321	2026-09-09T09:08:08Z
health / Health summary	success	102405700155	2026-09-09T09:08:12Z
health / Scan open PRs	success	102405611172	2026-09-09T09:08:07Z
health / Schedule gate	success	102405574540	2026-09-09T09:07:50Z
Re-evaluate stalled agent PRs (consolidated)	skipped	102396033347	2026-09-09T08:35:46Z
Name keepalive sweep mode	success	102396032195	2026-09-09T08:35:50Z
Re-evaluate stalled agent PRs (non-consolidated)	success	102396031931	2026-09-09T08:36:00Z
health / Resolve conflicts	skipped	102388419610	2026-09-09T08:09:49Z
health / Nudge stalled PRs	skipped	102388419602	2026-09-09T08:09:49Z
health / Health summary	success	102388419107	2026-09-09T08:09:55Z
health / Fix failing checks	skipped	102388419053	2026-09-09T08:09:49Z
health / Scan open PRs	success	102388316114	2026-09-09T08:09:49Z
health / Schedule gate	success	102388293415	2026-09-09T08:09:29Z
Re-evaluate stalled agent PRs (consolidated)	skipped	102378151995	2026-09-09T07:32:35Z
Re-evaluate stalled agent PRs (non-consolidated)	success	102378150783	2026-09-09T07:32:48Z
Name keepalive sweep mode	success	102378150531	2026-09-09T07:32:40Z
health / Fix failing checks	skipped	102371724289	2026-09-09T07:08:39Z
health / Resolve conflicts	skipped	102371723889	2026-09-09T07:08:39Z
health / Nudge stalled PRs	skipped	102371723786	2026-09-09T07:08:39Z
health / Health summary	success	102371723377	2026-09-09T07:08:44Z
health / Scan open PRs	success	102371657464	2026-09-09T07:08:39Z
health / Schedule gate	success	102371481201	2026-09-09T07:08:24Z
coverage guard outcome	success	102368986257	2026-09-09T06:58:10Z
coverage baseline monitor	success	102368796154	2026-09-09T06:58:05Z
Rate limit gate	success	102368745338	2026-09-09T06:57:18Z
Re-evaluate stalled agent PRs (consolidated)	skipped	102365749632	2026-09-09T06:44:53Z
Name keepalive sweep mode	success	102365748908	2026-09-09T06:44:59Z
Re-evaluate stalled agent PRs (non-consolidated)	success	102365748744	2026-09-09T06:45:06Z
PR meta handler	skipped	102362603878	2026-09-09T06:31:12Z
Create issue from verification (enhanced)	skipped	102362602246	2026-09-09T06:31:12Z
Fetch PR context	skipped	102362593004	2026-09-09T06:31:12Z
Cleanup bot comment label	skipped	102362573043	2026-09-09T06:31:12Z
Bot comment handler	skipped	102362572400	2026-09-09T06:31:12Z
Resolve event context	skipped	102362572321	2026-09-09T06:31:12Z
Persist verifier state fingerprint	success	102362187768	2026-09-09T06:29:47Z
verifier / Run post-merge verifier	success	102361818139	2026-09-09T06:29:35Z
Create issue from verification (enhanced)	skipped	102361796465	2026-09-09T06:27:42Z
Fetch PR context	skipped	102361795858	2026-09-09T06:27:44Z
PR meta handler	skipped	102361794006	2026-09-09T06:27:43Z
bridge	skipped	102361787664	2026-09-09T06:27:50Z
sync	skipped	102361787518	2026-09-09T06:27:50Z
Fetch PR context	skipped	102361787395	2026-09-09T06:27:42Z
check_labels	skipped	102361787176	2026-09-09T06:27:50Z
Cleanup bot comment label	skipped	102361785571	2026-09-09T06:27:43Z
Cleanup bot comment label	skipped	102361768741	2026-09-09T06:27:45Z
Bot comment handler	skipped	102361768506	2026-09-09T06:27:44Z
PR meta handler	skipped	102361768340	2026-09-09T06:27:44Z
Create issue from verification (enhanced)	skipped	102361767988	2026-09-09T06:27:44Z
Resolve event context	skipped	102361767671	2026-09-09T06:27:44Z
route	success	102361764610	2026-09-09T06:27:49Z
auto-label	skipped	102361764491	2026-09-09T06:27:43Z
check	success	102361762842	2026-09-09T06:28:08Z
Bot comment handler	skipped	102361760965	2026-09-09T06:27:43Z
Resolve event context	skipped	102361760522	2026-09-09T06:27:42Z
check	success	102361747928	2026-09-09T06:27:58Z
health / Fix failing checks	skipped	102358282412	2026-09-09T06:12:07Z
health / Nudge stalled PRs	skipped	102358282069	2026-09-09T06:12:07Z
health / Resolve conflicts	skipped	102358282001	2026-09-09T06:12:07Z
health / Health summary	success	102358281539	2026-09-09T06:12:11Z
health / Scan open PRs	success	102358238318	2026-09-09T06:12:07Z
health / Schedule gate	success	102358217549	2026-09-09T06:11:55Z
Re-evaluate stalled agent PRs (consolidated)	skipped	102349722290	2026-09-09T05:30:34Z
Name keepalive sweep mode	success	102349721308	2026-09-09T05:30:38Z
Re-evaluate stalled agent PRs (non-consolidated)	success	102349721147	2026-09-09T05:30:49Z
health / Nudge stalled PRs	skipped	102345120041	2026-09-09T05:07:20Z
health / Fix failing checks	skipped	102345119979	2026-09-09T05:07:20Z
health / Resolve conflicts	skipped	102345119796	2026-09-09T05:07:20Z
health / Health summary	success	102345119418	2026-09-09T05:07:26Z
health / Scan open PRs	success	102345070809	2026-09-09T05:07:19Z
health / Schedule gate	success	102345057176	2026-09-09T05:07:05Z
Re-evaluate stalled agent PRs (consolidated)	skipped	102338766731	2026-09-09T04:33:44Z
Name keepalive sweep mode	success	102338766194	2026-09-09T04:33:50Z
Re-evaluate stalled agent PRs (non-consolidated)	success	102338766020	2026-09-09T04:33:54Z
health / Fix failing checks	skipped	102333958053	2026-09-09T04:08:39Z
health / Nudge stalled PRs	skipped	102333957714	2026-09-09T04:08:39Z
health / Resolve conflicts	skipped	102333957703	2026-09-09T04:08:39Z
health / Health summary	success	102333957127	2026-09-09T04:08:46Z
health / Scan open PRs	success	102333898668	2026-09-09T04:08:38Z
health / Schedule gate	success	102333876225	2026-09-09T04:08:21Z
Re-evaluate stalled agent PRs (consolidated)	skipped	102327528456	2026-09-09T03:34:18Z
Re-evaluate stalled agent PRs (non-consolidated)	success	102327527592	2026-09-09T03:34:31Z
Name keepalive sweep mode	success	102327527417	2026-09-09T03:34:26Z
health / Nudge stalled PRs	skipped	102322611909	2026-09-09T03:08:40Z
health / Resolve conflicts	skipped	102322611712	2026-09-09T03:08:40Z
health / Fix failing checks	skipped	102322611580	2026-09-09T03:08:40Z
health / Health summary	success	102322611354	2026-09-09T03:08:45Z
health / Scan open PRs	success	102322559624	2026-09-09T03:08:39Z
health / Schedule gate	success	102322546228	2026-09-09T03:08:23Z
Re-evaluate stalled agent PRs (consolidated)	skipped	102316542141	2026-09-09T02:37:03Z
Name keepalive sweep mode	success	102316541209	2026-09-09T02:37:07Z
Re-evaluate stalled agent PRs (non-consolidated)	success	102316541067	2026-09-09T02:37:14Z
health / Fix failing checks	skipped	102311058558	2026-09-09T02:10:04Z
health / Nudge stalled PRs	skipped	102311058203	2026-09-09T02:10:04Z
health / Resolve conflicts	skipped	102311057991	2026-09-09T02:10:04Z
health / Health summary	success	102311057479	2026-09-09T02:10:11Z
health / Scan open PRs	success	102310975272	2026-09-09T02:10:04Z
health / Schedule gate	success	102310955426	2026-09-09T02:09:39Z
check	success	102305228794	2026-09-09T01:41:17Z
auto-label	success	102305224142	2026-09-09T01:41:13Z
Re-evaluate stalled agent PRs (consolidated)	skipped	102304809697	2026-09-09T01:38:59Z
Name keepalive sweep mode	success	102304809053	2026-09-09T01:39:03Z
Re-evaluate stalled agent PRs (non-consolidated)	success	102304808779	2026-09-09T01:39:09Z
health / Resolve conflicts	skipped	102300606276	2026-09-09T01:18:08Z
health / Fix failing checks	skipped	102300606185	2026-09-09T01:18:08Z
health / Nudge stalled PRs	skipped	102300605945	2026-09-09T01:18:08Z
health / Health summary	success	102300605563	2026-09-09T01:18:16Z
health / Scan open PRs	success	102300561644	2026-09-09T01:18:08Z
health / Schedule gate	success	102300546347	2026-09-09T01:17:56Z
Re-evaluate stalled agent PRs (consolidated)	skipped	102297372214	2026-09-09T01:02:49Z
Name keepalive sweep mode	success	102297371355	2026-09-09T01:02:55Z
Re-evaluate stalled agent PRs (non-consolidated)	success	102297371295	2026-09-09T01:02:59Z
health / Nudge stalled PRs	skipped	102288177813	2026-09-09T00:19:48Z
health / Resolve conflicts	skipped	102288177761	2026-09-09T00:19:48Z
health / Fix failing checks	skipped	102288177149	2026-09-09T00:19:48Z
health / Health summary	success	102288177008	2026-09-09T00:19:55Z
health / Scan open PRs	success	102288130515	2026-09-09T00:19:48Z
health / Schedule gate	success	102288110119	2026-09-09T00:19:36Z
Re-evaluate stalled agent PRs (consolidated)	skipped	102276441467	2026-09-08T23:27:28Z
Re-evaluate stalled agent PRs (non-consolidated)	success	102276440658	2026-09-08T23:27:37Z
Name keepalive sweep mode	success	102276440368	2026-09-08T23:27:34Z
health / Resolve conflicts	skipped	102271374787	2026-09-08T23:06:13Z
health / Nudge stalled PRs	skipped	102271374588	2026-09-08T23:06:13Z
health / Fix failing checks	skipped	102271374361	2026-09-08T23:06:13Z
health / Health summary	success	102271373530	2026-09-08T23:06:17Z
health / Scan open PRs	success	102271325814	2026-09-08T23:06:12Z
health / Schedule gate	success	102271307583	2026-09-08T23:06:00Z
Re-evaluate stalled agent PRs (consolidated)	skipped	102261878734	2026-09-08T22:28:25Z
Re-evaluate stalled agent PRs (non-consolidated)	success	102261877812	2026-09-08T22:28:40Z
Name keepalive sweep mode	success	102261877442	2026-09-08T22:28:32Z
Record autofix dispatch completion	skipped	102258130902	2026-09-08T22:15:01Z
autofix	skipped	102258130415	2026-09-08T22:15:01Z
Resolve Context	success	102258079828	2026-09-08T22:15:00Z
Python CI / logs summary	success	102257987401	2026-09-08T22:14:47Z
auto-label	success	102257307938	2026-09-08T22:12:14Z
check	success	102257307725	2026-09-08T22:12:19Z
Python CI / python 3.12	success	102257051216	2026-09-08T22:14:31Z
cross-repo smoke	skipped	102257032713	2026-09-08T22:10:58Z
Python CI / select reusable CI scope	success	102257019340	2026-09-08T22:11:10Z
Python CI / lint-format	success	102257019203	2026-09-08T22:11:53Z
Python CI / typecheck-mypy	success	102257019177	2026-09-08T22:12:51Z
Python CI / lint-ruff	success	102257019106	2026-09-08T22:11:42Z
Python CI / Validate inputs	success	102256998289	2026-09-08T22:11:03Z
