health / Nudge stalled PRs	skipped	103350074936	2026-09-11T17:05:05Z
health / Resolve conflicts	skipped	103350074933	2026-09-11T17:05:05Z
health / Fix failing checks	skipped	103350074592	2026-09-11T17:05:05Z
health / Health summary	success	103350073393	2026-09-11T17:05:11Z
health / Scan open PRs	success	103349998006	2026-09-11T17:05:04Z
health / Schedule gate	success	103349972938	2026-09-11T17:04:50Z
auto-merge-docs	success	103341515516	2026-09-11T16:37:46Z
Re-evaluate stalled agent PRs (consolidated)	skipped	103339350637	2026-09-11T16:30:50Z
Name keepalive sweep mode	success	103339340979	2026-09-11T16:30:54Z
Re-evaluate stalled agent PRs (non-consolidated)	success	103339340815	2026-09-11T16:31:02Z
auto-merge-docs	success	103334003995	2026-09-11T16:14:12Z
health / Resolve conflicts	skipped	103331704230	2026-09-11T16:07:02Z
health / Fix failing checks	skipped	103331704005	2026-09-11T16:07:02Z
health / Nudge stalled PRs	skipped	103331703276	2026-09-11T16:07:02Z
health / Health summary	success	103331702639	2026-09-11T16:07:08Z
health / Scan open PRs	success	103331609717	2026-09-11T16:07:02Z
health / Schedule gate	success	103331574270	2026-09-11T16:06:45Z
auto-merge-docs	success	103321662918	2026-09-11T15:36:23Z
Re-evaluate stalled agent PRs (consolidated)	skipped	103319464963	2026-09-11T15:29:41Z
Re-evaluate stalled agent PRs (non-consolidated)	success	103319463811	2026-09-11T15:29:52Z
Name keepalive sweep mode	success	103319463572	2026-09-11T15:29:46Z
auto-merge-docs	success	103313823199	2026-09-11T15:12:50Z
health / Fix failing checks	skipped	103311632850	2026-09-11T15:06:11Z
health / Nudge stalled PRs	skipped	103311632474	2026-09-11T15:06:11Z
health / Resolve conflicts	skipped	103311632152	2026-09-11T15:06:11Z
health / Health summary	success	103311631766	2026-09-11T15:06:17Z
health / Scan open PRs	success	103311551602	2026-09-11T15:06:10Z
health / Schedule gate	success	103311516732	2026-09-11T15:05:57Z
auto-merge-docs	success	103302025171	2026-09-11T14:37:47Z
Re-evaluate stalled agent PRs (consolidated)	skipped	103299613697	2026-09-11T14:30:32Z
Re-evaluate stalled agent PRs (non-consolidated)	success	103299611748	2026-09-11T14:30:45Z
Name keepalive sweep mode	success	103299611550	2026-09-11T14:30:36Z
auto-merge-docs	success	103294096543	2026-09-11T14:14:01Z
health / Resolve conflicts	skipped	103291872409	2026-09-11T14:07:05Z
health / Nudge stalled PRs	skipped	103291872058	2026-09-11T14:07:05Z
health / Fix failing checks	skipped	103291871644	2026-09-11T14:07:05Z
health / Health summary	success	103291871101	2026-09-11T14:07:09Z
health / Scan open PRs	success	103291782792	2026-09-11T14:07:04Z
health / Schedule gate	success	103291757136	2026-09-11T14:06:48Z
auto-merge-docs	success	103282119578	2026-09-11T13:36:45Z
Re-evaluate stalled agent PRs (consolidated)	skipped	103279832913	2026-09-11T13:29:26Z
Re-evaluate stalled agent PRs (non-consolidated)	success	103279832089	2026-09-11T13:29:42Z
Name keepalive sweep mode	success	103279831697	2026-09-11T13:29:31Z
auto-merge-docs	success	103274698970	2026-09-11T13:12:53Z
health / Resolve conflicts	skipped	103272679872	2026-09-11T13:06:06Z
health / Nudge stalled PRs	skipped	103272679423	2026-09-11T13:06:06Z
health / Fix failing checks	skipped	103272679018	2026-09-11T13:06:06Z
health / Health summary	success	103272678421	2026-09-11T13:06:12Z
health / Scan open PRs	success	103272530778	2026-09-11T13:06:05Z
health / Schedule gate	success	103272500736	2026-09-11T13:05:36Z
auto-merge-docs	success	103266236490	2026-09-11T12:44:24Z
Re-evaluate stalled agent PRs (consolidated)	skipped	103265057158	2026-09-11T12:40:11Z
Name keepalive sweep mode	success	103265056485	2026-09-11T12:40:16Z
Re-evaluate stalled agent PRs (non-consolidated)	success	103265056313	2026-09-11T12:40:24Z
synthetic demo liveness	success	103263748085	2026-09-11T12:35:39Z
auto-merge-docs	success	103259511524	2026-09-11T12:20:28Z
health / Health summary	success	103256673037	2026-09-11T12:10:05Z
health / Nudge stalled PRs	skipped	103256672378	2026-09-11T12:09:59Z
health / Fix failing checks	skipped	103256671981	2026-09-11T12:09:59Z
health / Resolve conflicts	skipped	103256671786	2026-09-11T12:09:59Z
health / Scan open PRs	success	103256596692	2026-09-11T12:09:58Z
health / Schedule gate	success	103256571551	2026-09-11T12:09:42Z
auto-label	success	103248938720	2026-09-11T11:39:53Z
check	success	103248938580	2026-09-11T11:39:51Z
auto-merge-docs	success	103247792097	2026-09-11T11:35:19Z
Re-evaluate stalled agent PRs (consolidated)	skipped	103246019254	2026-09-11T11:28:17Z
Re-evaluate stalled agent PRs (non-consolidated)	success	103246018544	2026-09-11T11:28:30Z
Name keepalive sweep mode	success	103246018460	2026-09-11T11:28:23Z
auto-merge-docs	success	103241894393	2026-09-11T11:12:11Z
health / Fix failing checks	skipped	103240367859	2026-09-11T11:05:54Z
health / Resolve conflicts	skipped	103240367829	2026-09-11T11:05:54Z
health / Nudge stalled PRs	skipped	103240367758	2026-09-11T11:05:54Z
health / Health summary	success	103240367019	2026-09-11T11:05:59Z
health / Scan open PRs	success	103240297629	2026-09-11T11:05:54Z
health / Schedule gate	success	103240277434	2026-09-11T11:05:37Z
auto-merge-docs	success	103233067263	2026-09-11T10:36:57Z
Re-evaluate stalled agent PRs (consolidated)	skipped	103231317600	2026-09-11T10:30:02Z
Re-evaluate stalled agent PRs (non-consolidated)	success	103231316464	2026-09-11T10:30:15Z
Name keepalive sweep mode	success	103231316152	2026-09-11T10:30:08Z
auto-merge-docs	success	103227009138	2026-09-11T10:13:34Z
health / Nudge stalled PRs	skipped	103225218750	2026-09-11T10:06:36Z
health / Resolve conflicts	skipped	103225218188	2026-09-11T10:06:36Z
health / Fix failing checks	skipped	103225217976	2026-09-11T10:06:36Z
health / Health summary	success	103225217270	2026-09-11T10:06:42Z
health / Scan open PRs	success	103225139422	2026-09-11T10:06:36Z
health / Schedule gate	success	103225121052	2026-09-11T10:06:18Z
auto-merge-docs	success	103217612850	2026-09-11T09:37:55Z
Re-evaluate stalled agent PRs (consolidated)	skipped	103215906364	2026-09-11T09:31:31Z
Re-evaluate stalled agent PRs (non-consolidated)	success	103215905627	2026-09-11T09:31:44Z
Name keepalive sweep mode	success	103215905381	2026-09-11T09:31:35Z
auto-merge-docs	success	103211272103	2026-09-11T09:14:38Z
health / Fix failing checks	skipped	103209230964	2026-09-11T09:06:55Z
health / Resolve conflicts	skipped	103209230782	2026-09-11T09:06:55Z
health / Nudge stalled PRs	skipped	103209230555	2026-09-11T09:06:55Z
health / Health summary	success	103209229959	2026-09-11T09:07:00Z
health / Scan open PRs	success	103209167703	2026-09-11T09:06:55Z
health / Schedule gate	success	103209146477	2026-09-11T09:06:41Z
auto-merge-docs	success	103202371865	2026-09-11T08:41:18Z
Re-evaluate stalled agent PRs (consolidated)	skipped	103201230333	2026-09-11T08:36:45Z
Re-evaluate stalled agent PRs (non-consolidated)	success	103201228889	2026-09-11T08:36:57Z
Name keepalive sweep mode	success	103201228750	2026-09-11T08:36:49Z
auto-merge-docs	success	103196448053	2026-09-11T08:18:26Z
health / Resolve conflicts	skipped	103193908770	2026-09-11T08:08:32Z
health / Nudge stalled PRs	skipped	103193908633	2026-09-11T08:08:32Z
health / Fix failing checks	skipped	103193908267	2026-09-11T08:08:32Z
health / Health summary	success	103193907875	2026-09-11T08:08:39Z
health / Scan open PRs	success	103193815923	2026-09-11T08:08:32Z
health / Schedule gate	success	103193794048	2026-09-11T08:08:11Z
auto-merge-docs	success	103186344528	2026-09-11T07:38:28Z
Re-evaluate stalled agent PRs (consolidated)	skipped	103184670492	2026-09-11T07:31:34Z
Re-evaluate stalled agent PRs (non-consolidated)	success	103184669484	2026-09-11T07:31:47Z
Name keepalive sweep mode	success	103184669333	2026-09-11T07:31:39Z
auto-merge-docs	success	103180514057	2026-09-11T07:14:40Z
health / Resolve conflicts	skipped	103178763688	2026-09-11T07:07:14Z
health / Fix failing checks	skipped	103178763224	2026-09-11T07:07:14Z
health / Nudge stalled PRs	skipped	103178762859	2026-09-11T07:07:14Z
health / Health summary	success	103178762421	2026-09-11T07:07:18Z
health / Scan open PRs	success	103178704790	2026-09-11T07:07:13Z
health / Schedule gate	success	103178684854	2026-09-11T07:06:59Z
coverage guard outcome	success	103176197118	2026-09-11T06:56:28Z
coverage baseline monitor	success	103176017887	2026-09-11T06:56:22Z
Rate limit gate	success	103175960680	2026-09-11T06:55:33Z
auto-merge-docs	success	103174515100	2026-09-11T06:48:55Z
Re-evaluate stalled agent PRs (consolidated)	skipped	103173443900	2026-09-11T06:43:56Z
Re-evaluate stalled agent PRs (non-consolidated)	success	103173442859	2026-09-11T06:44:05Z
Name keepalive sweep mode	success	103173442627	2026-09-11T06:44:01Z
synthetic demo liveness	success	103172295275	2026-09-11T06:38:47Z
auto-merge-docs	success	103168872361	2026-09-11T06:22:48Z
health / Nudge stalled PRs	skipped	103166429722	2026-09-11T06:10:45Z
health / Fix failing checks	skipped	103166429715	2026-09-11T06:10:45Z
health / Resolve conflicts	skipped	103166429532	2026-09-11T06:10:45Z
health / Health summary	success	103166429294	2026-09-11T06:10:49Z
health / Scan open PRs	success	103166386765	2026-09-11T06:10:45Z
health / Schedule gate	success	103166369809	2026-09-11T06:10:31Z
auto-merge-docs	success	103159963369	2026-09-11T05:36:48Z
Re-evaluate stalled agent PRs (consolidated)	skipped	103158634461	2026-09-11T05:29:41Z
Re-evaluate stalled agent PRs (non-consolidated)	success	103158633692	2026-09-11T05:29:59Z
Name keepalive sweep mode	success	103158633522	2026-09-11T05:29:47Z
auto-merge-docs	success	103155546070	2026-09-11T05:13:24Z
health / Fix failing checks	skipped	103154244797	2026-09-11T05:06:23Z
health / Resolve conflicts	skipped	103154244693	2026-09-11T05:06:23Z
health / Nudge stalled PRs	skipped	103154244652	2026-09-11T05:06:23Z
health / Health summary	success	103154244112	2026-09-11T05:06:30Z
health / Scan open PRs	success	103154209178	2026-09-11T05:06:23Z
health / Schedule gate	success	103154193845	2026-09-11T05:06:11Z
auto-merge-docs	success	103149416123	2026-09-11T04:39:29Z
Re-evaluate stalled agent PRs (consolidated)	skipped	103148399109	2026-09-11T04:33:47Z
Re-evaluate stalled agent PRs (non-consolidated)	success	103148398478	2026-09-11T04:34:04Z
Name keepalive sweep mode	success	103148398342	2026-09-11T04:33:53Z
auto-merge-docs	success	103145254829	2026-09-11T04:16:35Z
health / Resolve conflicts	skipped	103143579742	2026-09-11T04:07:45Z
health / Fix failing checks	skipped	103143579727	2026-09-11T04:07:45Z
health / Health summary	success	103143579388	2026-09-11T04:07:50Z
health / Nudge stalled PRs	skipped	103143579258	2026-09-11T04:07:45Z
health / Scan open PRs	success	103143552732	2026-09-11T04:07:44Z
health / Schedule gate	success	103143539524	2026-09-11T04:07:32Z
auto-merge-docs	success	103138574387	2026-09-11T03:40:26Z
Re-evaluate stalled agent PRs (consolidated)	skipped	103137421887	2026-09-11T03:33:57Z
Re-evaluate stalled agent PRs (non-consolidated)	success	103137420934	2026-09-11T03:34:07Z
Name keepalive sweep mode	success	103137420760	2026-09-11T03:34:03Z
auto-merge-docs	success	103133983807	2026-09-11T03:15:48Z
health / Resolve conflicts	skipped	103132516762	2026-09-11T03:08:05Z
health / Nudge stalled PRs	skipped	103132516637	2026-09-11T03:08:05Z
health / Fix failing checks	skipped	103132516458	2026-09-11T03:08:05Z
health / Health summary	success	103132515722	2026-09-11T03:08:11Z
health / Scan open PRs	success	103132430393	2026-09-11T03:08:05Z
health / Schedule gate	success	103132413830	2026-09-11T03:07:38Z
auto-merge-docs	success	103127596160	2026-09-11T02:42:15Z
Re-evaluate stalled agent PRs (consolidated)	skipped	103126740682	2026-09-11T02:37:41Z
Re-evaluate stalled agent PRs (non-consolidated)	success	103126740220	2026-09-11T02:37:56Z
Name keepalive sweep mode	success	103126740031	2026-09-11T02:37:45Z
auto-merge-docs	success	103123150826	2026-09-11T02:19:32Z
health / Nudge stalled PRs	skipped	103121183749	2026-09-11T02:09:32Z
health / Fix failing checks	skipped	103121183548	2026-09-11T02:09:32Z
health / Resolve conflicts	skipped	103121183496	2026-09-11T02:09:32Z
health / Health summary	success	103121182562	2026-09-11T02:09:39Z
health / Scan open PRs	success	103121123268	2026-09-11T02:09:32Z
health / Schedule gate	success	103121108820	2026-09-11T02:09:15Z
auto-merge-docs	success	103116289049	2026-09-11T01:44:34Z
Re-evaluate stalled agent PRs (consolidated)	skipped	103114789391	2026-09-11T01:36:46Z
Name keepalive sweep mode	success	103114788632	2026-09-11T01:36:51Z
Re-evaluate stalled agent PRs (non-consolidated)	success	103114788413	2026-09-11T01:36:56Z
auto-merge-docs	success	103111689858	2026-09-11T01:21:26Z
health / Resolve conflicts	skipped	103110723108	2026-09-11T01:16:29Z
health / Nudge stalled PRs	skipped	103110722820	2026-09-11T01:16:29Z
health / Fix failing checks	skipped	103110722778	2026-09-11T01:16:29Z
health / Health summary	success	103110722092	2026-09-11T01:16:33Z
health / Scan open PRs	success	103110663267	2026-09-11T01:16:29Z
health / Schedule gate	success	103110649338	2026-09-11T01:16:11Z
Re-evaluate stalled agent PRs (consolidated)	skipped	103107425042	2026-09-11T01:00:51Z
Name keepalive sweep mode	success	103107423992	2026-09-11T01:00:56Z
Re-evaluate stalled agent PRs (non-consolidated)	success	103107423740	2026-09-11T01:01:10Z
synthetic demo liveness	success	103106533366	2026-09-11T00:56:41Z
auto-merge-docs	success	103102316884	2026-09-11T00:36:39Z
health / Nudge stalled PRs	skipped	103098228721	2026-09-11T00:17:35Z
health / Resolve conflicts	skipped	103098228626	2026-09-11T00:17:35Z
health / Fix failing checks	skipped	103098228216	2026-09-11T00:17:35Z
health / Health summary	success	103098227813	2026-09-11T00:17:40Z
health / Scan open PRs	success	103098155485	2026-09-11T00:17:35Z
health / Schedule gate	success	103098137050	2026-09-11T00:17:17Z
check	success	103097894440	2026-09-11T00:16:15Z
auto-label	success	103097893684	2026-09-11T00:16:19Z
auto-merge-docs	success	103089006572	2026-09-10T23:35:37Z
Re-evaluate stalled agent PRs (consolidated)	skipped	103087022496	2026-09-10T23:26:45Z
Name keepalive sweep mode	success	103087021907	2026-09-10T23:26:50Z
Re-evaluate stalled agent PRs (non-consolidated)	success	103087021680	2026-09-10T23:26:57Z
auto-merge-docs	success	103083149972	2026-09-10T23:10:21Z
health / Resolve conflicts	skipped	103081895547	2026-09-10T23:05:01Z
health / Fix failing checks	skipped	103081895246	2026-09-10T23:05:01Z
health / Nudge stalled PRs	skipped	103081894526	2026-09-10T23:05:01Z
health / Health summary	success	103081894099	2026-09-10T23:05:08Z
health / Scan open PRs	success	103081826977	2026-09-10T23:05:01Z
health / Schedule gate	success	103081810843	2026-09-10T23:04:45Z
auto-merge-docs	success	103074510648	2026-09-10T22:35:20Z
Re-evaluate stalled agent PRs (consolidated)	skipped	103072615578	2026-09-10T22:27:50Z
Re-evaluate stalled agent PRs (non-consolidated)	success	103072615058	2026-09-10T22:28:03Z
Name keepalive sweep mode	success	103072614795	2026-09-10T22:27:56Z
auto-merge-docs	success	103067974897	2026-09-10T22:10:47Z
health / Nudge stalled PRs	skipped	103066487801	2026-09-10T22:05:22Z
health / Fix failing checks	skipped	103066487560	2026-09-10T22:05:22Z
health / Resolve conflicts	skipped	103066487398	2026-09-10T22:05:22Z
health / Health summary	success	103066486409	2026-09-10T22:05:28Z
health / Scan open PRs	success	103066405808	2026-09-10T22:05:22Z
health / Schedule gate	success	103066379679	2026-09-10T22:05:05Z
auto-merge-docs	success	103058114696	2026-09-10T21:36:00Z
Re-evaluate stalled agent PRs (consolidated)	skipped	103055459681	2026-09-10T21:26:52Z
Name keepalive sweep mode	success	103055458816	2026-09-10T21:26:59Z
Re-evaluate stalled agent PRs (non-consolidated)	success	103055458620	2026-09-10T21:27:08Z
auto-merge-docs	success	103050353612	2026-09-10T21:10:37Z
health / Resolve conflicts	skipped	103048695093	2026-09-10T21:05:15Z
health / Fix failing checks	skipped	103048694226	2026-09-10T21:05:15Z
health / Nudge stalled PRs	skipped	103048694160	2026-09-10T21:05:15Z
health / Health summary	success	103048693594	2026-09-10T21:05:19Z
health / Scan open PRs	success	103048609374	2026-09-10T21:05:14Z
health / Schedule gate	success	103048586043	2026-09-10T21:04:59Z
auto-merge-docs	success	103039193772	2026-09-10T20:35:38Z
Re-evaluate stalled agent PRs (consolidated)	skipped	103036855596	2026-09-10T20:28:26Z
Name keepalive sweep mode	success	103036854220	2026-09-10T20:28:34Z
Re-evaluate stalled agent PRs (non-consolidated)	success	103036853887	2026-09-10T20:28:41Z
auto-merge-docs	success	103031392767	2026-09-10T20:12:07Z
health / Nudge stalled PRs	skipped	103029497360	2026-09-10T20:06:27Z
health / Resolve conflicts	skipped	103029497096	2026-09-10T20:06:27Z
health / Fix failing checks	skipped	103029496662	2026-09-10T20:06:27Z
health / Health summary	success	103029496255	2026-09-10T20:06:34Z
health / Scan open PRs	success	103029419021	2026-09-10T20:06:26Z
health / Schedule gate	success	103029179659	2026-09-10T20:06:13Z
auto-merge-docs	success	103019291453	2026-09-10T19:35:47Z
Re-evaluate stalled agent PRs (consolidated)	skipped	103016049273	2026-09-10T19:25:54Z
Re-evaluate stalled agent PRs (non-consolidated)	success	103016048360	2026-09-10T19:26:06Z
Name keepalive sweep mode	success	103016048089	2026-09-10T19:25:59Z
auto-merge-docs	success	103010527948	2026-09-10T19:09:34Z
health / Resolve conflicts	skipped	103009146710	2026-09-10T19:05:19Z
health / Nudge stalled PRs	skipped	103009146316	2026-09-10T19:05:19Z
health / Fix failing checks	skipped	103009146198	2026-09-10T19:05:19Z
health / Health summary	success	103009145585	2026-09-10T19:05:24Z
health / Scan open PRs	success	103008866051	2026-09-10T19:05:18Z
health / Schedule gate	success	103008839219	2026-09-10T19:04:29Z
auto-merge-docs	success	103000232173	2026-09-10T18:39:16Z
Re-evaluate stalled agent PRs (consolidated)	skipped	102997892194	2026-09-10T18:32:13Z
Name keepalive sweep mode	success	102997891122	2026-09-10T18:32:17Z
Re-evaluate stalled agent PRs (non-consolidated)	success	102997890866	2026-09-10T18:32:22Z
synthetic demo liveness	success	102996353322	2026-09-10T18:27:52Z
auto-merge-docs	success	102992219840	2026-09-10T18:15:50Z
health / Fix failing checks	skipped	102989541727	2026-09-10T18:07:46Z
health / Resolve conflicts	skipped	102989541631	2026-09-10T18:07:46Z
health / Nudge stalled PRs	skipped	102989541008	2026-09-10T18:07:46Z
health / Health summary	success	102989540907	2026-09-10T18:07:52Z
health / Scan open PRs	success	102989448263	2026-09-10T18:07:46Z
health / Schedule gate	success	102989405615	2026-09-10T18:07:30Z
auto-label	success	102979215501	2026-09-10T17:37:19Z
check	success	102979215167	2026-09-10T17:37:20Z
auto-merge-docs	success	102978644405	2026-09-10T17:35:38Z
Re-evaluate stalled agent PRs (consolidated)	skipped	102975894838	2026-09-10T17:27:27Z
Name keepalive sweep mode	success	102975893808	2026-09-10T17:27:31Z
Re-evaluate stalled agent PRs (non-consolidated)	success	102975893305	2026-09-10T17:27:40Z
auto-merge-docs	success	102970435677	2026-09-10T17:11:30Z
health / Nudge stalled PRs	skipped	102968608492	2026-09-10T17:05:58Z
health / Fix failing checks	skipped	102968608303	2026-09-10T17:05:58Z
health / Resolve conflicts	skipped	102968608215	2026-09-10T17:05:58Z
health / Health summary	success	102968607556	2026-09-10T17:06:04Z
health / Scan open PRs	success	102968499576	2026-09-10T17:05:58Z
health / Schedule gate	success	102968476906	2026-09-10T17:05:38Z
auto-merge-docs	success	102958529347	2026-09-10T16:36:25Z
Re-evaluate stalled agent PRs (consolidated)	skipped	102956124390	2026-09-10T16:29:18Z
Re-evaluate stalled agent PRs (non-consolidated)	success	102956122842	2026-09-10T16:29:31Z
Name keepalive sweep mode	success	102956122614	2026-09-10T16:29:24Z
auto-merge-docs	success	102950610787	2026-09-10T16:13:49Z
health / Nudge stalled PRs	skipped	102948130916	2026-09-10T16:06:45Z
health / Fix failing checks	skipped	102948130760	2026-09-10T16:06:45Z
health / Resolve conflicts	skipped	102948130724	2026-09-10T16:06:45Z
health / Health summary	success	102948130003	2026-09-10T16:06:53Z
health / Scan open PRs	success	102947973712	2026-09-10T16:06:45Z
health / Schedule gate	success	102947929656	2026-09-10T16:06:19Z
auto-merge-docs	success	102937053563	2026-09-10T15:36:42Z
Re-evaluate stalled agent PRs (consolidated)	skipped	102934605736	2026-09-10T15:30:04Z
Re-evaluate stalled agent PRs (non-consolidated)	success	102934603862	2026-09-10T15:30:20Z
Name keepalive sweep mode	success	102934603736	2026-09-10T15:30:09Z
auto-merge-docs	success	102928241862	2026-09-10T15:13:26Z
health / Nudge stalled PRs	skipped	102925836163	2026-09-10T15:06:28Z
health / Fix failing checks	skipped	102925835984	2026-09-10T15:06:28Z
health / Resolve conflicts	skipped	102925835627	2026-09-10T15:06:28Z
health / Health summary	success	102925834663	2026-09-10T15:06:33Z
health / Scan open PRs	success	102925709708	2026-09-10T15:06:28Z
Cleanup bot comment label	skipped	102925709631	2026-09-10T15:06:08Z
Bot comment handler	skipped	102925708073	2026-09-10T15:06:08Z
PR meta handler	skipped	102925707787	2026-09-10T15:06:08Z
Create issue from verification (enhanced)	skipped	102925707584	2026-09-10T15:06:08Z
Fetch PR context	skipped	102925706882	2026-09-10T15:06:08Z
Resolve event context	skipped	102925705168	2026-09-10T15:06:08Z
health / Schedule gate	success	102925669038	2026-09-10T15:06:08Z
auto-merge-docs	success	102914925511	2026-09-10T14:37:40Z
Re-evaluate stalled agent PRs (consolidated)	skipped	102912093282	2026-09-10T14:30:02Z
Name keepalive sweep mode	success	102912091374	2026-09-10T14:30:07Z
Re-evaluate stalled agent PRs (non-consolidated)	success	102912091046	2026-09-10T14:30:16Z
auto-merge-docs	success	102905532219	2026-09-10T14:12:37Z
health / Fix failing checks	skipped	102903112032	2026-09-10T14:05:57Z
health / Resolve conflicts	skipped	102903111969	2026-09-10T14:05:57Z
health / Nudge stalled PRs	skipped	102903111353	2026-09-10T14:05:57Z
health / Health summary	success	102903110335	2026-09-10T14:06:01Z
health / Scan open PRs	success	102903001904	2026-09-10T14:05:57Z
health / Schedule gate	success	102902966584	2026-09-10T14:05:39Z
auto-merge-docs	success	102892171987	2026-09-10T13:35:36Z
Re-evaluate stalled agent PRs (consolidated)	skipped	102889656005	2026-09-10T13:28:19Z
Name keepalive sweep mode	success	102889654378	2026-09-10T13:28:24Z
Re-evaluate stalled agent PRs (non-consolidated)	success	102889654061	2026-09-10T13:28:38Z
auto-merge-docs	success	102884111716	2026-09-10T13:12:29Z
health / Nudge stalled PRs	skipped	102881967177	2026-09-10T13:06:04Z
health / Resolve conflicts	skipped	102881966322	2026-09-10T13:06:04Z
health / Fix failing checks	skipped	102881965989	2026-09-10T13:06:04Z
health / Health summary	success	102881965771	2026-09-10T13:06:09Z
health / Scan open PRs	success	102881892852	2026-09-10T13:06:04Z
health / Schedule gate	success	102881862806	2026-09-10T13:05:52Z
auto-merge-docs	success	102875060517	2026-09-10T12:45:18Z
Re-evaluate stalled agent PRs (consolidated)	skipped	102873642817	2026-09-10T12:40:38Z
Name keepalive sweep mode	success	102873641405	2026-09-10T12:40:43Z
Re-evaluate stalled agent PRs (non-consolidated)	success	102873641044	2026-09-10T12:40:48Z
synthetic demo liveness	success	102872150617	2026-09-10T12:35:58Z
auto-merge-docs	success	102867238633	2026-09-10T12:20:13Z
health / Nudge stalled PRs	skipped	102864127273	2026-09-10T12:09:55Z
health / Resolve conflicts	skipped	102864127060	2026-09-10T12:09:55Z
health / Fix failing checks	skipped	102864127015	2026-09-10T12:09:55Z
health / Health summary	success	102864126116	2026-09-10T12:10:22Z
health / Scan open PRs	success	102863998271	2026-09-10T12:09:55Z
health / Schedule gate	success	102863968878	2026-09-10T12:09:30Z
auto-merge-docs	success	102854217901	2026-09-10T11:35:50Z
Re-evaluate stalled agent PRs (consolidated)	skipped	102852199567	2026-09-10T11:28:42Z
Re-evaluate stalled agent PRs (non-consolidated)	success	102852197829	2026-09-10T11:28:55Z
Name keepalive sweep mode	success	102852197602	2026-09-10T11:28:47Z
auto-merge-docs	success	102847561087	2026-09-10T11:12:16Z
health / Fix failing checks	skipped	102845841486	2026-09-10T11:06:02Z
health / Nudge stalled PRs	skipped	102845841119	2026-09-10T11:06:02Z
health / Resolve conflicts	skipped	102845840996	2026-09-10T11:06:02Z
health / Health summary	success	102845840344	2026-09-10T11:06:06Z
health / Scan open PRs	success	102845764538	2026-09-10T11:06:02Z
health / Schedule gate	success	102845736814	2026-09-10T11:05:46Z
auto-merge-docs	success	102837799620	2026-09-10T10:37:14Z
Re-evaluate stalled agent PRs (consolidated)	skipped	102835922616	2026-09-10T10:30:26Z
Name keepalive sweep mode	success	102835921269	2026-09-10T10:30:32Z
Re-evaluate stalled agent PRs (non-consolidated)	success	102835920990	2026-09-10T10:30:39Z
auto-merge-docs	success	102831110896	2026-09-10T10:13:29Z
health / Fix failing checks	skipped	102829186834	2026-09-10T10:06:43Z
health / Resolve conflicts	skipped	102829186766	2026-09-10T10:06:43Z
health / Nudge stalled PRs	skipped	102829186416	2026-09-10T10:06:43Z
health / Health summary	success	102829185882	2026-09-10T10:06:48Z
health / Scan open PRs	success	102829049739	2026-09-10T10:06:43Z
health / Schedule gate	success	102829022397	2026-09-10T10:06:15Z
auto-merge-docs	success	102820980558	2026-09-10T09:38:40Z
Re-evaluate stalled agent PRs (consolidated)	skipped	102819049913	2026-09-10T09:32:01Z
Name keepalive sweep mode	success	102819048793	2026-09-10T09:32:06Z
Re-evaluate stalled agent PRs (non-consolidated)	success	102819048601	2026-09-10T09:32:14Z
auto-merge-docs	success	102813898174	2026-09-10T09:14:52Z
health / Resolve conflicts	skipped	102811770047	2026-09-10T09:07:36Z
health / Nudge stalled PRs	skipped	102811769351	2026-09-10T09:07:36Z
health / Fix failing checks	skipped	102811769173	2026-09-10T09:07:36Z
health / Health summary	success	102811768764	2026-09-10T09:07:42Z
health / Scan open PRs	success	102811593819	2026-09-10T09:07:36Z
health / Schedule gate	success	102811567998	2026-09-10T09:07:00Z
auto-merge-docs	success	102804034631	2026-09-10T08:41:23Z
Re-evaluate stalled agent PRs (consolidated)	skipped	102802821047	2026-09-10T08:37:02Z
Name keepalive sweep mode	success	102802820048	2026-09-10T08:37:06Z
Re-evaluate stalled agent PRs (non-consolidated)	success	102802819749	2026-09-10T08:37:17Z
auto-merge-docs	success	102797588827	2026-09-10T08:19:02Z
health / Fix failing checks	skipped	102794616936	2026-09-10T08:08:28Z
health / Nudge stalled PRs	skipped	102794616634	2026-09-10T08:08:28Z
health / Resolve conflicts	skipped	102794616480	2026-09-10T08:08:28Z
health / Health summary	success	102794615554	2026-09-10T08:08:32Z
health / Scan open PRs	success	102794533202	2026-09-10T08:08:28Z
health / Schedule gate	success	102794511356	2026-09-10T08:08:11Z
auto-merge-docs	success	102786297179	2026-09-10T07:38:15Z
Re-evaluate stalled agent PRs (consolidated)	skipped	102784714802	2026-09-10T07:32:09Z
Re-evaluate stalled agent PRs (non-consolidated)	success	102784713734	2026-09-10T07:32:19Z
Name keepalive sweep mode	success	102784713554	2026-09-10T07:32:15Z
auto-merge-docs	success	102780027014	2026-09-10T07:14:33Z
health / Nudge stalled PRs	skipped	102778117357	2026-09-10T07:07:02Z
health / Resolve conflicts	skipped	102778117193	2026-09-10T07:07:02Z
health / Fix failing checks	skipped	102778117150	2026-09-10T07:07:02Z
health / Health summary	success	102778116929	2026-09-10T07:07:08Z
health / Scan open PRs	success	102778032350	2026-09-10T07:07:01Z
health / Schedule gate	success	102778014651	2026-09-10T07:06:42Z
coverage guard outcome	success	102775493005	2026-09-10T06:56:42Z
coverage baseline monitor	success	102775335537	2026-09-10T06:56:34Z
Rate limit gate	success	102775281200	2026-09-10T06:55:56Z
auto-merge-docs	success	102773773743	2026-09-10T06:49:39Z
Re-evaluate stalled agent PRs (consolidated)	skipped	102772551329	2026-09-10T06:44:27Z
Name keepalive sweep mode	success	102772550206	2026-09-10T06:44:31Z
Re-evaluate stalled agent PRs (non-consolidated)	success	102772549992	2026-09-10T06:44:41Z
synthetic demo liveness	success	102771327729	2026-09-10T06:39:20Z
auto-merge-docs	success	102767719470	2026-09-10T06:23:31Z
health / Fix failing checks	skipped	102765156758	2026-09-10T06:11:40Z
health / Nudge stalled PRs	skipped	102765156552	2026-09-10T06:11:40Z
health / Resolve conflicts	skipped	102765156405	2026-09-10T06:11:40Z
health / Health summary	success	102765155703	2026-09-10T06:11:45Z
health / Scan open PRs	success	102765095043	2026-09-10T06:11:40Z
health / Schedule gate	success	102765078686	2026-09-10T06:11:22Z
auto-merge-docs	success	102758074061	2026-09-10T05:36:43Z
Re-evaluate stalled agent PRs (consolidated)	skipped	102756673711	2026-09-10T05:29:40Z
Re-evaluate stalled agent PRs (non-consolidated)	success	102756672856	2026-09-10T05:29:53Z
Name keepalive sweep mode	success	102756672745	2026-09-10T05:29:47Z
auto-merge-docs	success	102753426893	2026-09-10T05:13:19Z
health / Fix failing checks	skipped	102752144167	2026-09-10T05:06:38Z
health / Nudge stalled PRs	skipped	102752144124	2026-09-10T05:06:38Z
health / Resolve conflicts	skipped	102752143624	2026-09-10T05:06:38Z
health / Health summary	success	102752143247	2026-09-10T05:06:43Z
health / Scan open PRs	success	102752084604	2026-09-10T05:06:38Z
health / Schedule gate	success	102752071109	2026-09-10T05:06:20Z
auto-merge-docs	success	102747052174	2026-09-10T04:39:31Z
Re-evaluate stalled agent PRs (consolidated)	skipped	102745988185	2026-09-10T04:33:44Z
Name keepalive sweep mode	success	102745987342	2026-09-10T04:33:49Z
Re-evaluate stalled agent PRs (non-consolidated)	success	102745987198	2026-09-10T04:33:54Z
auto-merge-docs	success	102742526445	2026-09-10T04:15:51Z
health / Fix failing checks	skipped	102740891108	2026-09-10T04:07:27Z
health / Resolve conflicts	skipped	102740891079	2026-09-10T04:07:27Z
health / Nudge stalled PRs	skipped	102740890982	2026-09-10T04:07:27Z
health / Health summary	success	102740890585	2026-09-10T04:07:33Z
health / Scan open PRs	success	102740854789	2026-09-10T04:07:27Z
health / Schedule gate	success	102740840330	2026-09-10T04:07:15Z
auto-merge-docs	success	102735764909	2026-09-10T03:40:06Z
Re-evaluate stalled agent PRs (consolidated)	skipped	102734733112	2026-09-10T03:34:24Z
Re-evaluate stalled agent PRs (non-consolidated)	success	102734732406	2026-09-10T03:34:37Z
Name keepalive sweep mode	success	102734732249	2026-09-10T03:34:30Z
auto-merge-docs	success	102731286771	2026-09-10T03:16:20Z
health / Nudge stalled PRs	skipped	102729694973	2026-09-10T03:07:57Z
health / Fix failing checks	skipped	102729694389	2026-09-10T03:07:57Z
health / Resolve conflicts	skipped	102729694273	2026-09-10T03:07:57Z
health / Health summary	success	102729693717	2026-09-10T03:08:03Z
health / Scan open PRs	success	102729632055	2026-09-10T03:07:57Z
health / Schedule gate	success	102729613079	2026-09-10T03:07:38Z
auto-merge-docs	success	102724664416	2026-09-10T02:41:53Z
Re-evaluate stalled agent PRs (consolidated)	skipped	102723818886	2026-09-10T02:37:20Z
Name keepalive sweep mode	success	102723818214	2026-09-10T02:37:24Z
Re-evaluate stalled agent PRs (non-consolidated)	success	102723818042	2026-09-10T02:37:34Z
auto-merge-docs	success	102720200752	2026-09-10T02:19:20Z
health / Nudge stalled PRs	skipped	102718224585	2026-09-10T02:09:33Z
health / Resolve conflicts	skipped	102718224329	2026-09-10T02:09:33Z
health / Fix failing checks	skipped	102718224165	2026-09-10T02:09:33Z
health / Health summary	success	102718223736	2026-09-10T02:09:38Z
health / Scan open PRs	success	102718164021	2026-09-10T02:09:32Z
health / Schedule gate	success	102718144753	2026-09-10T02:09:15Z
auto-merge-docs	success	102713261943	2026-09-10T01:44:30Z
check	success	102712027159	2026-09-10T01:38:17Z
auto-label	success	102712027137	2026-09-10T01:38:14Z
Re-evaluate stalled agent PRs (consolidated)	skipped	102711718130	2026-09-10T01:36:31Z
Re-evaluate stalled agent PRs (non-consolidated)	success	102711716849	2026-09-10T01:36:44Z
Name keepalive sweep mode	success	102711716611	2026-09-10T01:36:36Z
auto-merge-docs	success	102708731031	2026-09-10T01:21:53Z
health / Fix failing checks	skipped	102707691407	2026-09-10T01:16:40Z
health / Resolve conflicts	skipped	102707691306	2026-09-10T01:16:40Z
health / Nudge stalled PRs	skipped	102707691265	2026-09-10T01:16:40Z
health / Health summary	success	102707690803	2026-09-10T01:16:46Z
health / Scan open PRs	success	102707636335	2026-09-10T01:16:39Z
health / Schedule gate	success	102707621534	2026-09-10T01:16:24Z
Re-evaluate stalled agent PRs (consolidated)	skipped	102704454584	2026-09-10T01:01:10Z
Re-evaluate stalled agent PRs (non-consolidated)	success	102704453983	2026-09-10T01:01:21Z
Name keepalive sweep mode	success	102704453769	2026-09-10T01:01:16Z
synthetic demo liveness	success	102703612712	2026-09-10T00:57:13Z
auto-merge-docs	success	102699110729	2026-09-10T00:35:49Z
health / Fix failing checks	skipped	102694888946	2026-09-10T00:16:26Z
health / Resolve conflicts	skipped	102694888883	2026-09-10T00:16:26Z
health / Nudge stalled PRs	skipped	102694888856	2026-09-10T00:16:26Z
health / Health summary	success	102694888356	2026-09-10T00:16:32Z
health / Scan open PRs	success	102694841008	2026-09-10T00:16:25Z
health / Schedule gate	success	102694824800	2026-09-10T00:16:13Z
auto-merge-docs	success	102685844367	2026-09-09T23:35:36Z
Re-evaluate stalled agent PRs (consolidated)	skipped	102684025669	2026-09-09T23:27:30Z
Name keepalive sweep mode	success	102684024879	2026-09-09T23:27:36Z
Re-evaluate stalled agent PRs (non-consolidated)	success	102684024660	2026-09-09T23:27:42Z
auto-merge-docs	success	102680176306	2026-09-09T23:11:09Z
health / Nudge stalled PRs	skipped	102678874279	2026-09-09T23:05:36Z
health / Resolve conflicts	skipped	102678874213	2026-09-09T23:05:36Z
health / Fix failing checks	skipped	102678873881	2026-09-09T23:05:36Z
health / Health summary	success	102678873338	2026-09-09T23:05:42Z
health / Scan open PRs	success	102678824176	2026-09-09T23:05:36Z
health / Schedule gate	success	102678797875	2026-09-09T23:05:24Z
auto-merge-docs	success	102671278438	2026-09-09T22:35:10Z
Re-evaluate stalled agent PRs (consolidated)	skipped	102669411478	2026-09-09T22:27:57Z
Name keepalive sweep mode	success	102669410347	2026-09-09T22:28:01Z
Re-evaluate stalled agent PRs (non-consolidated)	success	102669410177	2026-09-09T22:28:11Z
auto-merge-docs	success	102664783658	2026-09-09T22:11:03Z
health / Fix failing checks	skipped	102663163152	2026-09-09T22:05:10Z
health / Nudge stalled PRs	skipped	102663162988	2026-09-09T22:05:10Z
health / Resolve conflicts	skipped	102663162924	2026-09-09T22:05:10Z
health / Health summary	success	102663161791	2026-09-09T22:05:15Z
health / Scan open PRs	success	102663105942	2026-09-09T22:05:09Z
health / Schedule gate	success	102663086006	2026-09-09T22:04:57Z
auto-merge-docs	success	102654727192	2026-09-09T21:35:34Z
Re-evaluate stalled agent PRs (consolidated)	skipped	102652416471	2026-09-09T21:27:43Z
Name keepalive sweep mode	success	102652415756	2026-09-09T21:27:50Z
Re-evaluate stalled agent PRs (non-consolidated)	success	102652415274	2026-09-09T21:28:00Z
auto-merge-docs	success	102647059496	2026-09-09T21:10:33Z
health / Fix failing checks	skipped	102645530032	2026-09-09T21:05:39Z
health / Resolve conflicts	skipped	102645529866	2026-09-09T21:05:39Z
health / Nudge stalled PRs	skipped	102645529745	2026-09-09T21:05:39Z
health / Health summary	success	102645528260	2026-09-09T21:05:43Z
health / Scan open PRs	success	102645268444	2026-09-09T21:05:39Z
health / Schedule gate	success	102645247099	2026-09-09T21:04:50Z
auto-merge-docs	success	102635946629	2026-09-09T20:36:15Z
Re-evaluate stalled agent PRs (consolidated)	skipped	102633788788	2026-09-09T20:29:40Z
Name keepalive sweep mode	success	102633787477	2026-09-09T20:29:45Z
Re-evaluate stalled agent PRs (non-consolidated)	success	102633787157	2026-09-09T20:29:50Z
auto-merge-docs	success	102628228395	2026-09-09T20:13:13Z
check	success	102627439727	2026-09-09T20:10:54Z
auto-label	success	102627439521	2026-09-09T20:10:54Z
health / Resolve conflicts	skipped	102625890894	2026-09-09T20:06:07Z
health / Fix failing checks	skipped	102625889801	2026-09-09T20:06:07Z
health / Nudge stalled PRs	skipped	102625888865	2026-09-09T20:06:07Z
health / Health summary	success	102625888590	2026-09-09T20:06:12Z
health / Scan open PRs	success	102625811473	2026-09-09T20:06:07Z
health / Schedule gate	success	102625770321	2026-09-09T20:05:53Z
auto-merge-docs	success	102615408451	2026-09-09T19:34:57Z
Re-evaluate stalled agent PRs (consolidated)	skipped	102612874874	2026-09-09T19:27:13Z
Re-evaluate stalled agent PRs (non-consolidated)	success	102612873722	2026-09-09T19:27:24Z
Name keepalive sweep mode	success	102612873347	2026-09-09T19:27:21Z
auto-merge-docs	success	102607196508	2026-09-09T19:10:20Z
health / Nudge stalled PRs	skipped	102605394822	2026-09-09T19:04:53Z
health / Resolve conflicts	skipped	102605394203	2026-09-09T19:04:53Z
health / Fix failing checks	skipped	102605394076	2026-09-09T19:04:53Z
health / Health summary	success	102605393355	2026-09-09T19:04:58Z
health / Scan open PRs	success	102605298717	2026-09-09T19:04:53Z
health / Schedule gate	success	102605258259	2026-09-09T19:04:37Z
auto-merge-docs	success	102596776333	2026-09-09T18:39:22Z
Re-evaluate stalled agent PRs (consolidated)	skipped	102595092719	2026-09-09T18:34:23Z
Re-evaluate stalled agent PRs (non-consolidated)	success	102595091838	2026-09-09T18:34:34Z
Name keepalive sweep mode	success	102595091509	2026-09-09T18:34:28Z
synthetic demo liveness	success	102593536242	2026-09-09T18:29:54Z
auto-merge-docs	success	102589173958	2026-09-09T18:17:01Z
health / Resolve conflicts	skipped	102586210607	2026-09-09T18:08:09Z
health / Fix failing checks	skipped	102586209825	2026-09-09T18:08:09Z
health / Nudge stalled PRs	skipped	102586209408	2026-09-09T18:08:09Z
health / Health summary	success	102586208817	2026-09-09T18:08:15Z
health / Scan open PRs	success	102586110956	2026-09-09T18:08:09Z
health / Schedule gate	success	102586084901	2026-09-09T18:07:52Z
auto-merge-docs	success	102574866447	2026-09-09T17:35:12Z
Re-evaluate stalled agent PRs (consolidated)	skipped	102572676432	2026-09-09T17:28:42Z
Re-evaluate stalled agent PRs (non-consolidated)	success	102572675471	2026-09-09T17:28:59Z
Name keepalive sweep mode	success	102572675209	2026-09-09T17:28:47Z
auto-merge-docs	success	102566750451	2026-09-09T17:11:24Z
health / Fix failing checks	skipped	102564754467	2026-09-09T17:05:23Z
health / Nudge stalled PRs	skipped	102564754158	2026-09-09T17:05:23Z
health / Health summary	success	102564753594	2026-09-09T17:05:27Z
health / Resolve conflicts	skipped	102564751494	2026-09-09T17:05:22Z
health / Scan open PRs	success	102564677094	2026-09-09T17:05:22Z
health / Schedule gate	success	102564646467	2026-09-09T17:05:09Z
auto-merge-docs	success	102555519068	2026-09-09T16:38:32Z
Re-evaluate stalled agent PRs (consolidated)	skipped	102553317617	2026-09-09T16:32:08Z
Re-evaluate stalled agent PRs (non-consolidated)	success	102553316548	2026-09-09T16:32:19Z
Name keepalive sweep mode	success	102553316338	2026-09-09T16:32:14Z
auto-merge-docs	success	102547043932	2026-09-09T16:14:39Z
health / Fix failing checks	skipped	102544297107	2026-09-09T16:06:54Z
health / Nudge stalled PRs	skipped	102544296828	2026-09-09T16:06:54Z
health / Resolve conflicts	skipped	102544296580	2026-09-09T16:06:54Z
health / Health summary	success	102544295453	2026-09-09T16:06:58Z
health / Scan open PRs	success	102544196414	2026-09-09T16:06:53Z
health / Schedule gate	success	102544165741	2026-09-09T16:06:37Z
auto-merge-docs	success	102533559469	2026-09-09T15:37:55Z
Re-evaluate stalled agent PRs (consolidated)	skipped	102530837006	2026-09-09T15:30:30Z
Re-evaluate stalled agent PRs (non-consolidated)	success	102530836115	2026-09-09T15:30:42Z
Name keepalive sweep mode	success	102530835547	2026-09-09T15:30:35Z
auto-merge-docs	success	102524121187	2026-09-09T15:12:48Z
health / Resolve conflicts	skipped	102521657308	2026-09-09T15:06:07Z
health / Fix failing checks	skipped	102521656905	2026-09-09T15:06:07Z
health / Nudge stalled PRs	skipped	102521656437	2026-09-09T15:06:07Z
health / Health summary	success	102521655543	2026-09-09T15:06:13Z
health / Scan open PRs	success	102521575400	2026-09-09T15:06:06Z
health / Schedule gate	success	102521546931	2026-09-09T15:05:54Z
auto-merge-docs	success	102511115993	2026-09-09T14:38:34Z
Re-evaluate stalled agent PRs (consolidated)	skipped	102508353586	2026-09-09T14:31:08Z
Name keepalive sweep mode	success	102508352400	2026-09-09T14:31:12Z
Re-evaluate stalled agent PRs (non-consolidated)	success	102508352332	2026-09-09T14:31:20Z
auto-merge-docs	success	102501653477	2026-09-09T14:13:23Z
health / Fix failing checks	skipped	102499138667	2026-09-09T14:06:36Z
health / Resolve conflicts	skipped	102499138185	2026-09-09T14:06:36Z
health / Nudge stalled PRs	skipped	102499137812	2026-09-09T14:06:36Z
health / Health summary	success	102499136808	2026-09-09T14:06:43Z
health / Scan open PRs	success	102499026281	2026-09-09T14:06:36Z
health / Schedule gate	success	102498956106	2026-09-09T14:06:18Z
auto-merge-docs	success	102488420201	2026-09-09T13:38:21Z
Re-evaluate stalled agent PRs (consolidated)	skipped	102485749133	2026-09-09T13:30:18Z
Name keepalive sweep mode	success	102485747807	2026-09-09T13:30:25Z
Re-evaluate stalled agent PRs (non-consolidated)	success	102485747332	2026-09-09T13:30:33Z
auto-merge-docs	success	102479546497	2026-09-09T13:12:58Z
health / Fix failing checks	skipped	102477240339	2026-09-09T13:06:13Z
health / Nudge stalled PRs	skipped	102477239677	2026-09-09T13:06:13Z
health / Resolve conflicts	skipped	102477239383	2026-09-09T13:06:13Z
health / Health summary	success	102477238878	2026-09-09T13:06:17Z
health / Scan open PRs	success	102477116644	2026-09-09T13:06:12Z
health / Schedule gate	success	102477090159	2026-09-09T13:05:52Z
auto-merge-docs	success	102470130864	2026-09-09T12:45:16Z
Re-evaluate stalled agent PRs (consolidated)	skipped	102468658783	2026-09-09T12:40:39Z
Re-evaluate stalled agent PRs (non-consolidated)	success	102468657688	2026-09-09T12:40:52Z
Name keepalive sweep mode	success	102468657349	2026-09-09T12:40:44Z
synthetic demo liveness	success	102467114816	2026-09-09T12:35:59Z
auto-merge-docs	success	102462033285	2026-09-09T12:20:15Z
health / Nudge stalled PRs	skipped	102458720438	2026-09-09T12:09:30Z
health / Resolve conflicts	skipped	102458719071	2026-09-09T12:09:30Z
health / Fix failing checks	skipped	102458718344	2026-09-09T12:09:30Z
health / Health summary	success	102458717787	2026-09-09T12:09:35Z
health / Scan open PRs	success	102458646597	2026-09-09T12:09:30Z
health / Schedule gate	success	102458617727	2026-09-09T12:09:17Z
auto-merge-docs	success	102448808857	2026-09-09T11:35:34Z
Re-evaluate stalled agent PRs (consolidated)	skipped	102446958547	2026-09-09T11:29:07Z
Re-evaluate stalled agent PRs (non-consolidated)	success	102446957529	2026-09-09T11:29:23Z
Name keepalive sweep mode	success	102446957339	2026-09-09T11:29:47Z
auto-merge-docs	success	102442111689	2026-09-09T11:12:17Z
health / Fix failing checks	skipped	102440327650	2026-09-09T11:06:00Z
health / Nudge stalled PRs	skipped	102440327643	2026-09-09T11:06:00Z
health / Resolve conflicts	skipped	102440327152	2026-09-09T11:06:00Z
health / Health summary	success	102440326747	2026-09-09T11:06:06Z
health / Scan open PRs	success	102440257576	2026-09-09T11:05:59Z
health / Schedule gate	success	102440235663	2026-09-09T11:05:46Z
auto-merge-docs	success	102432102928	2026-09-09T10:37:23Z
Re-evaluate stalled agent PRs (consolidated)	skipped	102430177358	2026-09-09T10:30:34Z
Re-evaluate stalled agent PRs (non-consolidated)	success	102430175846	2026-09-09T10:30:46Z
Name keepalive sweep mode	success	102430175282	2026-09-09T10:30:39Z
auto-merge-docs	success	102425335426	2026-09-09T10:13:49Z
health / Nudge stalled PRs	skipped	102423251227	2026-09-09T10:06:37Z
health / Fix failing checks	skipped	102423250940	2026-09-09T10:06:37Z
health / Resolve conflicts	skipped	102423250584	2026-09-09T10:06:37Z
health / Health summary	success	102423250275	2026-09-09T10:06:43Z
health / Scan open PRs	success	102423184236	2026-09-09T10:06:36Z
health / Schedule gate	success	102423149543	2026-09-09T10:06:23Z
auto-merge-docs	success	102414848996	2026-09-09T09:38:26Z
Re-evaluate stalled agent PRs (consolidated)	skipped	102413202121	2026-09-09T09:32:48Z
Re-evaluate stalled agent PRs (non-consolidated)	success	102413200923	2026-09-09T09:32:58Z
Name keepalive sweep mode	success	102413200645	2026-09-09T09:32:52Z
auto-merge-docs	success	102407888658	2026-09-09T09:15:24Z
health / Nudge stalled PRs	skipped	102405427964	2026-09-09T09:07:13Z
health / Resolve conflicts	skipped	102405427592	2026-09-09T09:07:13Z
health / Fix failing checks	skipped	102405427391	2026-09-09T09:07:13Z
health / Health summary	success	102405426775	2026-09-09T09:07:19Z
health / Scan open PRs	success	102405363140	2026-09-09T09:07:13Z
health / Schedule gate	success	102405329565	2026-09-09T09:07:00Z
auto-merge-docs	success	102397340521	2026-09-09T08:40:20Z
Re-evaluate stalled agent PRs (consolidated)	skipped	102396025493	2026-09-09T08:35:45Z
Name keepalive sweep mode	success	102396024547	2026-09-09T08:35:50Z
Re-evaluate stalled agent PRs (non-consolidated)	success	102396024151	2026-09-09T08:35:57Z
auto-merge-docs	success	102390928626	2026-09-09T08:18:33Z
health / Resolve conflicts	skipped	102388066755	2026-09-09T08:08:37Z
health / Nudge stalled PRs	skipped	102388066334	2026-09-09T08:08:37Z
health / Fix failing checks	skipped	102388066134	2026-09-09T08:08:37Z
health / Health summary	success	102388065735	2026-09-09T08:08:43Z
health / Scan open PRs	success	102388007385	2026-09-09T08:08:37Z
health / Schedule gate	success	102387985745	2026-09-09T08:08:26Z
auto-merge-docs	success	102379789719	2026-09-09T07:38:47Z
Re-evaluate stalled agent PRs (consolidated)	skipped	102378111949	2026-09-09T07:32:26Z
Name keepalive sweep mode	success	102378110775	2026-09-09T07:32:30Z
Re-evaluate stalled agent PRs (non-consolidated)	success	102378110503	2026-09-09T07:32:37Z
auto-merge-docs	success	102373336721	2026-09-09T07:15:02Z
health / Nudge stalled PRs	skipped	102371336434	2026-09-09T07:07:09Z
health / Resolve conflicts	skipped	102371335939	2026-09-09T07:07:09Z
health / Fix failing checks	skipped	102371335868	2026-09-09T07:07:09Z
health / Health summary	success	102371335142	2026-09-09T07:07:14Z
health / Scan open PRs	success	102371244573	2026-09-09T07:07:09Z
health / Schedule gate	success	102371224710	2026-09-09T07:06:49Z
coverage guard outcome	success	102368631348	2026-09-09T06:56:44Z
coverage baseline monitor	success	102368463259	2026-09-09T06:56:39Z
Rate limit gate	success	102368420587	2026-09-09T06:55:59Z
auto-merge-docs	success	102366977815	2026-09-09T06:50:06Z
Re-evaluate stalled agent PRs (consolidated)	skipped	102365713161	2026-09-09T06:44:44Z
Name keepalive sweep mode	success	102365712518	2026-09-09T06:44:48Z
Re-evaluate stalled agent PRs (non-consolidated)	success	102365712269	2026-09-09T06:44:56Z
synthetic demo liveness	success	102364548015	2026-09-09T06:39:47Z
auto-merge-docs	success	102360868762	2026-09-09T06:23:54Z
health / Resolve conflicts	skipped	102358081159	2026-09-09T06:11:11Z
health / Fix failing checks	skipped	102358080818	2026-09-09T06:11:11Z
health / Nudge stalled PRs	skipped	102358080654	2026-09-09T06:11:11Z
health / Health summary	success	102358080325	2026-09-09T06:11:17Z
health / Scan open PRs	success	102358002012	2026-09-09T06:11:11Z
health / Schedule gate	success	102357983960	2026-09-09T06:10:49Z
auto-merge-docs	success	102351101379	2026-09-09T05:37:30Z
Re-evaluate stalled agent PRs (consolidated)	skipped	102349708075	2026-09-09T05:30:30Z
Re-evaluate stalled agent PRs (non-consolidated)	success	102349707118	2026-09-09T05:30:44Z
Name keepalive sweep mode	success	102349706942	2026-09-09T05:30:36Z
auto-merge-docs	success	102346325729	2026-09-09T05:13:32Z
health / Resolve conflicts	skipped	102344960502	2026-09-09T05:06:30Z
health / Nudge stalled PRs	skipped	102344960308	2026-09-09T05:06:30Z
health / Fix failing checks	skipped	102344960291	2026-09-09T05:06:30Z
health / Health summary	success	102344959535	2026-09-09T05:06:35Z
health / Scan open PRs	success	102344896843	2026-09-09T05:06:30Z
health / Schedule gate	success	102344882754	2026-09-09T05:06:10Z
auto-merge-docs	success	102339840004	2026-09-09T04:39:24Z
Re-evaluate stalled agent PRs (consolidated)	skipped	102338739058	2026-09-09T04:33:35Z
Name keepalive sweep mode	success	102338737966	2026-09-09T04:33:39Z
Re-evaluate stalled agent PRs (non-consolidated)	success	102338737840	2026-09-09T04:33:50Z
auto-label	success	102337973486	2026-09-09T04:29:40Z
check	success	102337973272	2026-09-09T04:29:40Z
auto-merge-docs	success	102335300046	2026-09-09T04:15:45Z
health / Nudge stalled PRs	skipped	102333749050	2026-09-09T04:07:33Z
health / Resolve conflicts	skipped	102333749032	2026-09-09T04:07:33Z
health / Fix failing checks	skipped	102333748790	2026-09-09T04:07:33Z
health / Health summary	success	102333748653	2026-09-09T04:07:37Z
health / Scan open PRs	success	102333713176	2026-09-09T04:07:32Z
health / Schedule gate	success	102333698893	2026-09-09T04:07:21Z
auto-merge-docs	success	102328623741	2026-09-09T03:40:15Z
Re-evaluate stalled agent PRs (consolidated)	skipped	102327502912	2026-09-09T03:34:11Z
Re-evaluate stalled agent PRs (non-consolidated)	success	102327502104	2026-09-09T03:34:21Z
Name keepalive sweep mode	success	102327501838	2026-09-09T03:34:17Z
auto-merge-docs	success	102324105457	2026-09-09T03:16:26Z
health / Nudge stalled PRs	skipped	102322432668	2026-09-09T03:07:44Z
health / Fix failing checks	skipped	102322432547	2026-09-09T03:07:44Z
health / Resolve conflicts	skipped	102322432473	2026-09-09T03:07:44Z
health / Health summary	success	102322432015	2026-09-09T03:08:24Z
health / Scan open PRs	success	102322375953	2026-09-09T03:07:44Z
health / Schedule gate	success	102322358992	2026-09-09T03:07:26Z
auto-label	success	102319005208	2026-09-09T02:49:49Z
check	success	102319005035	2026-09-09T02:49:52Z
auto-merge-docs	success	102317405874	2026-09-09T02:41:33Z
Re-evaluate stalled agent PRs (consolidated)	skipped	102316514895	2026-09-09T02:36:55Z
Name keepalive sweep mode	success	102316513856	2026-09-09T02:37:01Z
Re-evaluate stalled agent PRs (non-consolidated)	success	102316513649	2026-09-09T02:37:08Z
auto-merge-docs	success	102312854632	2026-09-09T02:18:51Z
health / Resolve conflicts	skipped	102310831161	2026-09-09T02:08:58Z
health / Fix failing checks	skipped	102310831102	2026-09-09T02:08:58Z
health / Nudge stalled PRs	skipped	102310830929	2026-09-09T02:08:58Z
health / Health summary	success	102310830436	2026-09-09T02:09:04Z
health / Scan open PRs	success	102310768798	2026-09-09T02:08:57Z
health / Schedule gate	success	102310754382	2026-09-09T02:08:38Z
auto-merge-docs	success	102306454164	2026-09-09T01:47:23Z
Re-evaluate stalled agent PRs (consolidated)	skipped	102304817363	2026-09-09T01:39:01Z
Re-evaluate stalled agent PRs (non-consolidated)	success	102304816452	2026-09-09T01:39:23Z
Name keepalive sweep mode	success	102304816314	2026-09-09T01:39:06Z
auto-merge-docs	success	102301963824	2026-09-09T01:24:57Z
health / Resolve conflicts	skipped	102300455431	2026-09-09T01:17:24Z
health / Nudge stalled PRs	skipped	102300455393	2026-09-09T01:17:24Z
health / Fix failing checks	skipped	102300455268	2026-09-09T01:17:24Z
health / Health summary	success	102300454734	2026-09-09T01:17:28Z
health / Scan open PRs	success	102300412514	2026-09-09T01:17:24Z
health / Schedule gate	success	102300394125	2026-09-09T01:17:12Z
Re-evaluate stalled agent PRs (consolidated)	skipped	102297310330	2026-09-09T01:02:32Z
Re-evaluate stalled agent PRs (non-consolidated)	success	102297309429	2026-09-09T01:02:45Z
Name keepalive sweep mode	success	102297309351	2026-09-09T01:02:37Z
synthetic demo liveness	success	102296463724	2026-09-09T00:58:43Z
auto-merge-docs	success	102292101891	2026-09-09T00:37:51Z
health / Fix failing checks	skipped	102287776291	2026-09-09T00:18:00Z
health / Nudge stalled PRs	skipped	102287775862	2026-09-09T00:18:00Z
health / Resolve conflicts	skipped	102287775613	2026-09-09T00:18:00Z
health / Health summary	success	102287775212	2026-09-09T00:18:05Z
health / Scan open PRs	success	102287702701	2026-09-09T00:18:00Z
health / Schedule gate	success	102287679036	2026-09-09T00:17:41Z
auto-merge-docs	success	102278311429	2026-09-08T23:35:38Z
Re-evaluate stalled agent PRs (consolidated)	skipped	102276383784	2026-09-08T23:27:11Z
Re-evaluate stalled agent PRs (non-consolidated)	success	102276382794	2026-09-08T23:27:24Z
Name keepalive sweep mode	success	102276382604	2026-09-08T23:27:17Z
auto-merge-docs	success	102272623196	2026-09-08T23:11:33Z
health / Nudge stalled PRs	skipped	102271281887	2026-09-08T23:05:50Z
health / Fix failing checks	skipped	102271281825	2026-09-08T23:05:50Z
health / Resolve conflicts	skipped	102271281459	2026-09-08T23:05:50Z
health / Health summary	success	102271280962	2026-09-08T23:05:53Z
health / Scan open PRs	success	102271217880	2026-09-08T23:05:49Z
health / Schedule gate	success	102271199630	2026-09-08T23:05:33Z
auto-merge-docs	success	102263667473	2026-09-08T22:35:45Z
Re-evaluate stalled agent PRs (consolidated)	skipped	102261761382	2026-09-08T22:27:59Z
Name keepalive sweep mode	success	102261760312	2026-09-08T22:28:05Z
Re-evaluate stalled agent PRs (non-consolidated)	success	102261760045	2026-09-08T22:28:12Z
auto-merge-docs	success	102257165573	2026-09-08T22:11:44Z
health / Fix failing checks	skipped	102255563026	2026-09-08T22:05:50Z
health / Nudge stalled PRs	skipped	102255562899	2026-09-08T22:05:50Z
health / Resolve conflicts	skipped	102255562846	2026-09-08T22:05:50Z
health / Health summary	success	102255561402	2026-09-08T22:05:54Z
health / Scan open PRs	success	102255474148	2026-09-08T22:05:50Z
health / Schedule gate	success	102255449613	2026-09-08T22:05:31Z
auto-merge-docs	success	102246963674	2026-09-08T21:35:47Z
Re-evaluate stalled agent PRs (consolidated)	skipped	102244275908	2026-09-08T21:26:46Z
Re-evaluate stalled agent PRs (non-consolidated)	success	102244274982	2026-09-08T21:26:59Z
Name keepalive sweep mode	success	102244274652	2026-09-08T21:26:50Z
auto-merge-docs	success	102239171036	2026-09-08T21:10:30Z
health / Resolve conflicts	skipped	102237393601	2026-09-08T21:04:57Z
health / Fix failing checks	skipped	102237393238	2026-09-08T21:04:57Z
health / Nudge stalled PRs	skipped	102237392835	2026-09-08T21:04:57Z
health / Health summary	success	102237392272	2026-09-08T21:05:01Z
health / Scan open PRs	success	102237312189	2026-09-08T21:04:57Z
health / Schedule gate	success	102237285854	2026-09-08T21:04:42Z
auto-merge-docs	success	102228252133	2026-09-08T20:36:19Z
Re-evaluate stalled agent PRs (consolidated)	skipped	102225992600	2026-09-08T20:29:17Z
Name keepalive sweep mode	success	102225991288	2026-09-08T20:29:24Z
Re-evaluate stalled agent PRs (non-consolidated)	success	102225990991	2026-09-08T20:29:27Z
auto-merge-docs	success	102220543305	2026-09-08T20:12:38Z
health / Fix failing checks	skipped	102218319333	2026-09-08T20:05:52Z
health / Nudge stalled PRs	skipped	102218318655	2026-09-08T20:05:52Z
health / Resolve conflicts	skipped	102218318074	2026-09-08T20:05:52Z
health / Health summary	success	102218317744	2026-09-08T20:05:59Z
health / Scan open PRs	success	102218239020	2026-09-08T20:05:52Z
health / Schedule gate	success	102218212601	2026-09-08T20:05:39Z
auto-merge-docs	success	102208380086	2026-09-08T19:35:37Z
Re-evaluate stalled agent PRs (consolidated)	skipped	102205721857	2026-09-08T19:27:25Z
Name keepalive sweep mode	success	102205720239	2026-09-08T19:27:31Z
Re-evaluate stalled agent PRs (non-consolidated)	success	102205719868	2026-09-08T19:27:35Z
auto-merge-docs	success	102200238809	2026-09-08T19:10:57Z
health / Fix failing checks	skipped	102198330268	2026-09-08T19:05:04Z
health / Nudge stalled PRs	skipped	102198330044	2026-09-08T19:05:04Z
health / Resolve conflicts	skipped	102198329506	2026-09-08T19:05:04Z
health / Health summary	success	102198328468	2026-09-08T19:05:11Z
health / Scan open PRs	success	102198247535	2026-09-08T19:05:04Z
health / Schedule gate	success	102198221983	2026-09-08T19:04:50Z
auto-merge-docs	success	102190029459	2026-09-08T18:40:14Z
Re-evaluate stalled agent PRs (consolidated)	skipped	102188293121	2026-09-08T18:34:55Z
Re-evaluate stalled agent PRs (non-consolidated)	success	102188291806	2026-09-08T18:35:11Z
Name keepalive sweep mode	success	102188291443	2026-09-08T18:35:01Z
synthetic demo liveness	success	102186791338	2026-09-08T18:30:32Z
auto-merge-docs	success	102182328456	2026-09-08T18:17:00Z
health / Fix failing checks	skipped	102179350665	2026-09-08T18:08:00Z
health / Resolve conflicts	skipped	102179350584	2026-09-08T18:08:00Z
health / Nudge stalled PRs	skipped	102179350331	2026-09-08T18:08:00Z
health / Health summary	success	102179349027	2026-09-08T18:08:05Z
health / Scan open PRs	success	102179238231	2026-09-08T18:08:00Z
health / Schedule gate	success	102179199817	2026-09-08T18:07:40Z
auto-merge-docs	success	102168419077	2026-09-08T17:34:52Z
Re-evaluate stalled agent PRs (consolidated)	skipped	102166260271	2026-09-08T17:28:30Z
Re-evaluate stalled agent PRs (non-consolidated)	success	102166258777	2026-09-08T17:28:47Z
Name keepalive sweep mode	success	102166258463	2026-09-08T17:28:35Z
auto-merge-docs	success	102160861627	2026-09-08T17:13:00Z
health / Resolve conflicts	skipped	102158895221	2026-09-08T17:06:52Z
health / Fix failing checks	skipped	102158895102	2026-09-08T17:06:52Z
health / Nudge stalled PRs	skipped	102158894764	2026-09-08T17:06:52Z
health / Health summary	success	102158893553	2026-09-08T17:06:57Z
health / Scan open PRs	success	102158796752	2026-09-08T17:06:51Z
health / Schedule gate	success	102158770276	2026-09-08T17:06:35Z
auto-merge-docs	success	102149306650	2026-09-08T16:38:17Z
Re-evaluate stalled agent PRs (consolidated)	skipped	102147585682	2026-09-08T16:33:09Z
Name keepalive sweep mode	success	102147584258	2026-09-08T16:33:16Z
Re-evaluate stalled agent PRs (non-consolidated)	success	102147583897	2026-09-08T16:33:23Z
auto-merge-docs	success	102141418116	2026-09-08T16:15:23Z
health / Resolve conflicts	skipped	102138630059	2026-09-08T16:07:20Z
health / Nudge stalled PRs	skipped	102138629656	2026-09-08T16:07:20Z
health / Fix failing checks	skipped	102138629590	2026-09-08T16:07:20Z
health / Health summary	success	102138628902	2026-09-08T16:07:25Z
health / Scan open PRs	success	102138554308	2026-09-08T16:07:20Z
health / Schedule gate	success	102138527182	2026-09-08T16:07:08Z
auto-merge-docs	success	102127963889	2026-09-08T15:37:57Z
Re-evaluate stalled agent PRs (consolidated)	skipped	102125475978	2026-09-08T15:31:06Z
Re-evaluate stalled agent PRs (non-consolidated)	success	102125474716	2026-09-08T15:31:17Z
Name keepalive sweep mode	success	102125474294	2026-09-08T15:31:11Z
auto-merge-docs	success	102118976220	2026-09-08T15:13:40Z
health / Resolve conflicts	skipped	102116594610	2026-09-08T15:07:07Z
health / Nudge stalled PRs	skipped	102116594170	2026-09-08T15:07:07Z
health / Fix failing checks	skipped	102116593875	2026-09-08T15:07:07Z
health / Health summary	success	102116592956	2026-09-08T15:07:12Z
health / Scan open PRs	success	102116425429	2026-09-08T15:07:07Z
health / Schedule gate	success	102116383292	2026-09-08T15:06:40Z
auto-merge-docs	success	102105806608	2026-09-08T14:38:14Z
Re-evaluate stalled agent PRs (consolidated)	skipped	102103460749	2026-09-08T14:31:44Z
Re-evaluate stalled agent PRs (non-consolidated)	success	102103459370	2026-09-08T14:31:57Z
Name keepalive sweep mode	success	102103458985	2026-09-08T14:31:49Z
auto-merge-docs	success	102097364010	2026-09-08T14:15:10Z
health / Nudge stalled PRs	skipped	102094676342	2026-09-08T14:07:41Z
health / Resolve conflicts	skipped	102094675702	2026-09-08T14:07:41Z
health / Fix failing checks	skipped	102094675366	2026-09-08T14:07:41Z
health / Health summary	success	102094674941	2026-09-08T14:07:47Z
health / Scan open PRs	success	102094525997	2026-09-08T14:07:40Z
health / Schedule gate	success	102094497974	2026-09-08T14:07:17Z
auto-merge-docs	success	102083907195	2026-09-08T13:37:34Z
Re-evaluate stalled agent PRs (consolidated)	skipped	102081513227	2026-09-08T13:30:30Z
Re-evaluate stalled agent PRs (non-consolidated)	success	102081511813	2026-09-08T13:30:43Z
Name keepalive sweep mode	success	102081511030	2026-09-08T13:30:35Z
auto-merge-docs	success	102075789212	2026-09-08T13:14:01Z
health / Nudge stalled PRs	skipped	102073336727	2026-09-08T13:06:39Z
health / Resolve conflicts	skipped	102073336290	2026-09-08T13:06:39Z
health / Fix failing checks	skipped	102073336123	2026-09-08T13:06:39Z
health / Health summary	success	102073335048	2026-09-08T13:06:44Z
health / Scan open PRs	success	102073262552	2026-09-08T13:06:38Z
health / Schedule gate	success	102073236800	2026-09-08T13:06:25Z
auto-merge-docs	success	102066325789	2026-09-08T12:45:19Z
Re-evaluate stalled agent PRs (consolidated)	skipped	102064825604	2026-09-08T12:40:32Z
Name keepalive sweep mode	success	102064824115	2026-09-08T12:40:41Z
Re-evaluate stalled agent PRs (non-consolidated)	success	102064823815	2026-09-08T12:40:46Z
synthetic demo liveness	success	102063346704	2026-09-08T12:35:53Z
auto-merge-docs	success	102058632226	2026-09-08T12:20:44Z
health / Resolve conflicts	skipped	102055469178	2026-09-08T12:10:13Z
health / Fix failing checks	skipped	102055469136	2026-09-08T12:10:13Z
health / Nudge stalled PRs	skipped	102055468972	2026-09-08T12:10:13Z
health / Health summary	success	102055468469	2026-09-08T12:10:21Z
health / Scan open PRs	success	102055379942	2026-09-08T12:10:13Z
health / Schedule gate	success	102055348068	2026-09-08T12:09:56Z
auto-merge-docs	success	102045423434	2026-09-08T11:35:36Z
Re-evaluate stalled agent PRs (consolidated)	skipped	102043502372	2026-09-08T11:28:44Z
Re-evaluate stalled agent PRs (non-consolidated)	success	102043501568	2026-09-08T11:29:33Z
Name keepalive sweep mode	success	102043501408	2026-09-08T11:28:49Z
auto-merge-docs	success	102038854979	2026-09-08T11:12:24Z
Record autofix dispatch completion	skipped	102037588988	2026-09-08T11:07:44Z
autofix	skipped	102037588360	2026-09-08T11:07:44Z
Resolve Context	success	102037553361	2026-09-08T11:07:44Z
Python CI / logs summary	success	102037479059	2026-09-08T11:07:32Z
health / Nudge stalled PRs	skipped	102037175048	2026-09-08T11:06:15Z
health / Fix failing checks	skipped	102037175017	2026-09-08T11:06:15Z
health / Resolve conflicts	skipped	102037174466	2026-09-08T11:06:15Z
health / Health summary	success	102037174204	2026-09-08T11:06:21Z
health / Scan open PRs	success	102037094908	2026-09-08T11:06:15Z
health / Schedule gate	success	102037069501	2026-09-08T11:05:58Z
auto-label	success	102036358233	2026-09-08T11:03:30Z
check	success	102036358227	2026-09-08T11:03:29Z
check	success	102036193309	2026-09-08T11:02:57Z
auto-label	success	102036192870	2026-09-08T11:02:56Z
Python CI / python 3.12	success	102036085905	2026-09-08T11:05:15Z
Python CI / python 3.13	success	102036085870	2026-09-08T11:07:20Z
Python CI / lint-format	skipped	102036054321	2026-09-08T11:02:17Z
Python CI / typecheck-mypy	success	102036052394	2026-09-08T11:05:31Z
Python CI / select reusable CI scope	success	102036052227	2026-09-08T11:02:23Z
Python CI / lint-ruff	success	102036052109	2026-09-08T11:05:16Z
cross-repo smoke	skipped	102036029103	2026-09-08T11:02:12Z
Python CI / Validate inputs	success	102036028699	2026-09-08T11:02:16Z
Cross-Repo Smoke (trip-planner)	success	102036028570	2026-09-08T11:03:13Z
LangGraph Orchestration CI	success	102036028553	2026-09-08T11:04:49Z
Module Size Guard	success	102036028501	2026-09-08T11:02:46Z
Changed Function Complexity Guard	success	102036028162	2026-09-08T11:02:19Z
