health / Fix failing checks	skipped	103350105662	2026-09-11T17:05:10Z
health / Resolve conflicts	skipped	103350105642	2026-09-11T17:05:10Z
health / Nudge stalled PRs	skipped	103350105388	2026-09-11T17:05:10Z
health / Health summary	success	103350104357	2026-09-11T17:05:15Z
health / Scan open PRs	success	103350016499	2026-09-11T17:05:10Z
health / Schedule gate	success	103349985672	2026-09-11T17:04:54Z
auto-label	success	103340794242	2026-09-11T16:35:30Z
check	success	103340793314	2026-09-11T16:35:30Z
Re-evaluate stalled agent PRs (consolidated)	skipped	103339350187	2026-09-11T16:30:50Z
Re-evaluate stalled agent PRs (non-consolidated)	success	103339348746	2026-09-11T16:30:59Z
Name keepalive sweep mode	success	103339348289	2026-09-11T16:30:57Z
health / Nudge stalled PRs	skipped	103331694202	2026-09-11T16:07:01Z
health / Resolve conflicts	skipped	103331693873	2026-09-11T16:07:01Z
health / Fix failing checks	skipped	103331693793	2026-09-11T16:07:01Z
health / Health summary	success	103331693018	2026-09-11T16:07:05Z
health / Scan open PRs	success	103331624479	2026-09-11T16:07:01Z
health / Schedule gate	success	103331601371	2026-09-11T16:06:48Z
Re-evaluate stalled agent PRs (consolidated)	skipped	103319466530	2026-09-11T15:29:41Z
Re-evaluate stalled agent PRs (non-consolidated)	success	103319465228	2026-09-11T15:29:59Z
Name keepalive sweep mode	success	103319465026	2026-09-11T15:29:47Z
health / Resolve conflicts	skipped	103311654490	2026-09-11T15:06:14Z
health / Nudge stalled PRs	skipped	103311653808	2026-09-11T15:06:14Z
health / Fix failing checks	skipped	103311653761	2026-09-11T15:06:14Z
health / Health summary	success	103311653683	2026-09-11T15:06:19Z
health / Scan open PRs	success	103311551788	2026-09-11T15:06:14Z
health / Schedule gate	success	103311521779	2026-09-11T15:05:56Z
Re-evaluate stalled agent PRs (consolidated)	skipped	103299637304	2026-09-11T14:30:36Z
Name keepalive sweep mode	success	103299635736	2026-09-11T14:30:42Z
Re-evaluate stalled agent PRs (non-consolidated)	success	103299635575	2026-09-11T14:30:50Z
health / Fix failing checks	skipped	103292085381	2026-09-11T14:07:44Z
health / Nudge stalled PRs	skipped	103292084868	2026-09-11T14:07:44Z
health / Resolve conflicts	skipped	103292084126	2026-09-11T14:07:44Z
health / Health summary	success	103292083651	2026-09-11T14:07:48Z
health / Scan open PRs	success	103291814181	2026-09-11T14:07:43Z
health / Schedule gate	success	103291790718	2026-09-11T14:06:54Z
Re-evaluate stalled agent PRs (consolidated)	skipped	103279823955	2026-09-11T13:29:25Z
Re-evaluate stalled agent PRs (non-consolidated)	success	103279822772	2026-09-11T13:29:41Z
Name keepalive sweep mode	success	103279822537	2026-09-11T13:29:31Z
health / Nudge stalled PRs	skipped	103272655201	2026-09-11T13:06:01Z
health / Fix failing checks	skipped	103272655051	2026-09-11T13:06:01Z
health / Resolve conflicts	skipped	103272654703	2026-09-11T13:06:01Z
health / Health summary	success	103272654337	2026-09-11T13:06:07Z
health / Scan open PRs	success	103272556849	2026-09-11T13:06:00Z
health / Schedule gate	success	103272531732	2026-09-11T13:05:41Z
Re-evaluate stalled agent PRs (consolidated)	skipped	103265040899	2026-09-11T12:40:07Z
Name keepalive sweep mode	success	103265039988	2026-09-11T12:40:13Z
Re-evaluate stalled agent PRs (non-consolidated)	success	103265039780	2026-09-11T12:40:20Z
health / Fix failing checks	skipped	103256694323	2026-09-11T12:10:04Z
health / Nudge stalled PRs	skipped	103256693567	2026-09-11T12:10:04Z
health / Resolve conflicts	skipped	103256693137	2026-09-11T12:10:04Z
health / Health summary	success	103256692647	2026-09-11T12:10:10Z
health / Scan open PRs	success	103256615909	2026-09-11T12:10:04Z
health / Schedule gate	success	103256596203	2026-09-11T12:09:47Z
Re-evaluate stalled agent PRs (consolidated)	skipped	103246059865	2026-09-11T11:28:27Z
Re-evaluate stalled agent PRs (non-consolidated)	success	103246058839	2026-09-11T11:28:36Z
Name keepalive sweep mode	success	103246058678	2026-09-11T11:28:31Z
health / Nudge stalled PRs	skipped	103240383987	2026-09-11T11:05:58Z
health / Resolve conflicts	skipped	103240383414	2026-09-11T11:05:58Z
health / Fix failing checks	skipped	103240383332	2026-09-11T11:05:58Z
health / Health summary	success	103240383042	2026-09-11T11:06:03Z
health / Scan open PRs	success	103240302435	2026-09-11T11:05:58Z
health / Schedule gate	success	103240282883	2026-09-11T11:05:38Z
Re-evaluate stalled agent PRs (consolidated)	skipped	103231349930	2026-09-11T10:30:09Z
Re-evaluate stalled agent PRs (non-consolidated)	success	103231349369	2026-09-11T10:30:22Z
Name keepalive sweep mode	success	103231349203	2026-09-11T10:30:15Z
health / Resolve conflicts	skipped	103225412111	2026-09-11T10:07:20Z
health / Nudge stalled PRs	skipped	103225411827	2026-09-11T10:07:20Z
health / Fix failing checks	skipped	103225411177	2026-09-11T10:07:20Z
health / Health summary	success	103225410335	2026-09-11T10:07:24Z
health / Scan open PRs	success	103225191808	2026-09-11T10:07:20Z
health / Schedule gate	success	103225173140	2026-09-11T10:06:30Z
Re-evaluate stalled agent PRs (consolidated)	skipped	103215899211	2026-09-11T09:31:29Z
Re-evaluate stalled agent PRs (non-consolidated)	success	103215898130	2026-09-11T09:31:39Z
Name keepalive sweep mode	success	103215897940	2026-09-11T09:31:35Z
health / Resolve conflicts	skipped	103209302293	2026-09-11T09:07:11Z
health / Fix failing checks	skipped	103209302069	2026-09-11T09:07:11Z
health / Nudge stalled PRs	skipped	103209302014	2026-09-11T09:07:11Z
health / Health summary	success	103209301278	2026-09-11T09:07:17Z
health / Scan open PRs	success	103209197495	2026-09-11T09:07:11Z
health / Schedule gate	success	103209176461	2026-09-11T09:06:48Z
Re-evaluate stalled agent PRs (consolidated)	skipped	103201219564	2026-09-11T08:36:42Z
Name keepalive sweep mode	success	103201218333	2026-09-11T08:36:49Z
Re-evaluate stalled agent PRs (non-consolidated)	success	103201218227	2026-09-11T08:36:55Z
health / Resolve conflicts	skipped	103193938803	2026-09-11T08:08:39Z
health / Nudge stalled PRs	skipped	103193938600	2026-09-11T08:08:39Z
health / Fix failing checks	skipped	103193938281	2026-09-11T08:08:39Z
health / Health summary	success	103193937677	2026-09-11T08:08:43Z
health / Scan open PRs	success	103193875678	2026-09-11T08:08:38Z
health / Schedule gate	success	103193851741	2026-09-11T08:08:25Z
Re-evaluate stalled agent PRs (consolidated)	skipped	103184684808	2026-09-11T07:31:37Z
Re-evaluate stalled agent PRs (non-consolidated)	success	103184683929	2026-09-11T07:31:50Z
Name keepalive sweep mode	success	103184683761	2026-09-11T07:31:42Z
health / Fix failing checks	skipped	103178774806	2026-09-11T07:07:16Z
health / Resolve conflicts	skipped	103178774718	2026-09-11T07:07:16Z
health / Nudge stalled PRs	skipped	103178774414	2026-09-11T07:07:16Z
health / Health summary	success	103178773895	2026-09-11T07:07:22Z
health / Scan open PRs	success	103178706158	2026-09-11T07:07:16Z
health / Schedule gate	success	103178676069	2026-09-11T07:06:59Z
coverage guard outcome	success	103176666092	2026-09-11T06:58:31Z
coverage baseline monitor	success	103176384962	2026-09-11T06:58:27Z
Rate limit gate	success	103176320761	2026-09-11T06:57:13Z
Re-evaluate stalled agent PRs (consolidated)	skipped	103173445559	2026-09-11T06:43:57Z
Re-evaluate stalled agent PRs (non-consolidated)	success	103173444604	2026-09-11T06:44:09Z
Name keepalive sweep mode	success	103173444418	2026-09-11T06:44:02Z
health / Resolve conflicts	skipped	103166466262	2026-09-11T06:10:56Z
health / Nudge stalled PRs	skipped	103166465643	2026-09-11T06:10:56Z
health / Fix failing checks	skipped	103166465597	2026-09-11T06:10:56Z
health / Health summary	success	103166465314	2026-09-11T06:11:00Z
health / Scan open PRs	success	103166413561	2026-09-11T06:10:56Z
health / Schedule gate	success	103166399944	2026-09-11T06:10:40Z
Re-evaluate stalled agent PRs (consolidated)	skipped	103158652623	2026-09-11T05:29:47Z
Name keepalive sweep mode	success	103158652043	2026-09-11T05:29:53Z
Re-evaluate stalled agent PRs (non-consolidated)	success	103158651850	2026-09-11T05:30:01Z
health / Fix failing checks	skipped	103154263581	2026-09-11T05:06:30Z
health / Nudge stalled PRs	skipped	103154263210	2026-09-11T05:06:30Z
health / Resolve conflicts	skipped	103154263181	2026-09-11T05:06:30Z
health / Health summary	success	103154262703	2026-09-11T05:06:34Z
health / Scan open PRs	success	103154226731	2026-09-11T05:06:29Z
health / Schedule gate	success	103154201502	2026-09-11T05:06:17Z
Re-evaluate stalled agent PRs (consolidated)	skipped	103148409496	2026-09-11T04:33:50Z
Name keepalive sweep mode	success	103148408729	2026-09-11T04:33:54Z
Re-evaluate stalled agent PRs (non-consolidated)	success	103148408550	2026-09-11T04:34:04Z
health / Health summary	success	103143677453	2026-09-11T04:08:29Z
health / Fix failing checks	skipped	103143675980	2026-09-11T04:08:19Z
health / Resolve conflicts	skipped	103143674677	2026-09-11T04:08:19Z
health / Nudge stalled PRs	skipped	103143674390	2026-09-11T04:08:19Z
health / Scan open PRs	success	103143626759	2026-09-11T04:08:17Z
health / Schedule gate	success	103143609516	2026-09-11T04:08:00Z
auto-label	success	103141910909	2026-09-11T03:58:47Z
check	success	103141910780	2026-09-11T03:58:49Z
Re-evaluate stalled agent PRs (consolidated)	skipped	103137412895	2026-09-11T03:33:55Z
Re-evaluate stalled agent PRs (non-consolidated)	success	103137412115	2026-09-11T03:34:04Z
Name keepalive sweep mode	success	103137412009	2026-09-11T03:34:02Z
health / Fix failing checks	skipped	103132502570	2026-09-11T03:08:01Z
health / Nudge stalled PRs	skipped	103132502319	2026-09-11T03:08:01Z
health / Resolve conflicts	skipped	103132501873	2026-09-11T03:08:01Z
health / Health summary	success	103132501534	2026-09-11T03:08:08Z
health / Scan open PRs	success	103132444527	2026-09-11T03:08:00Z
health / Schedule gate	success	103132418386	2026-09-11T03:07:43Z
Re-evaluate stalled agent PRs (consolidated)	skipped	103126731764	2026-09-11T02:37:38Z
Re-evaluate stalled agent PRs (non-consolidated)	success	103126731070	2026-09-11T02:37:47Z
Name keepalive sweep mode	success	103126730899	2026-09-11T02:37:44Z
health / Nudge stalled PRs	skipped	103121200148	2026-09-11T02:09:37Z
health / Resolve conflicts	skipped	103121199913	2026-09-11T02:09:37Z
health / Fix failing checks	skipped	103121199840	2026-09-11T02:09:37Z
health / Health summary	success	103121199196	2026-09-11T02:09:44Z
health / Scan open PRs	success	103121149817	2026-09-11T02:09:37Z
health / Schedule gate	success	103121123932	2026-09-11T02:09:22Z
Re-evaluate stalled agent PRs (consolidated)	skipped	103114789872	2026-09-11T01:36:46Z
Name keepalive sweep mode	success	103114788930	2026-09-11T01:36:50Z
Re-evaluate stalled agent PRs (non-consolidated)	success	103114788701	2026-09-11T01:37:32Z
health / Resolve conflicts	skipped	103110735995	2026-09-11T01:16:32Z
health / Nudge stalled PRs	skipped	103110735972	2026-09-11T01:16:32Z
health / Fix failing checks	skipped	103110735486	2026-09-11T01:16:32Z
health / Health summary	success	103110735301	2026-09-11T01:16:39Z
health / Scan open PRs	success	103110675819	2026-09-11T01:16:32Z
health / Schedule gate	success	103110654843	2026-09-11T01:16:15Z
Re-evaluate stalled agent PRs (consolidated)	skipped	103107443025	2026-09-11T01:00:55Z
Re-evaluate stalled agent PRs (non-consolidated)	success	103107441976	2026-09-11T01:01:09Z
Name keepalive sweep mode	success	103107441812	2026-09-11T01:01:02Z
health / Fix failing checks	skipped	103098398112	2026-09-11T00:18:21Z
health / Resolve conflicts	skipped	103098398011	2026-09-11T00:18:21Z
health / Nudge stalled PRs	skipped	103098397640	2026-09-11T00:18:21Z
health / Health summary	success	103098397019	2026-09-11T00:18:27Z
health / Scan open PRs	success	103098211196	2026-09-11T00:18:21Z
health / Schedule gate	success	103098190915	2026-09-11T00:17:31Z
Re-evaluate stalled agent PRs (consolidated)	skipped	103087036272	2026-09-10T23:26:48Z
Name keepalive sweep mode	success	103087035460	2026-09-10T23:26:52Z
Re-evaluate stalled agent PRs (non-consolidated)	success	103087035146	2026-09-10T23:27:02Z
health / Resolve conflicts	skipped	103081933745	2026-09-10T23:05:10Z
health / Nudge stalled PRs	skipped	103081933711	2026-09-10T23:05:10Z
health / Fix failing checks	skipped	103081933604	2026-09-10T23:05:10Z
health / Health summary	success	103081932339	2026-09-10T23:05:14Z
health / Scan open PRs	success	103081878854	2026-09-10T23:05:10Z
health / Schedule gate	success	103081823034	2026-09-10T23:04:57Z
Re-evaluate stalled agent PRs (consolidated)	skipped	103072601803	2026-09-10T22:27:46Z
Name keepalive sweep mode	success	103072600618	2026-09-10T22:27:52Z
Re-evaluate stalled agent PRs (non-consolidated)	success	103072600365	2026-09-10T22:28:00Z
health / Resolve conflicts	skipped	103066491666	2026-09-10T22:05:23Z
health / Nudge stalled PRs	skipped	103066491508	2026-09-10T22:05:23Z
health / Fix failing checks	skipped	103066491212	2026-09-10T22:05:23Z
health / Health summary	success	103066490591	2026-09-10T22:05:29Z
health / Scan open PRs	success	103066424097	2026-09-10T22:05:23Z
health / Schedule gate	success	103066394305	2026-09-10T22:05:09Z
Re-evaluate stalled agent PRs (consolidated)	skipped	103055444180	2026-09-10T21:26:49Z
Re-evaluate stalled agent PRs (non-consolidated)	success	103055442961	2026-09-10T21:27:08Z
Name keepalive sweep mode	success	103055442655	2026-09-10T21:26:55Z
auto-label	success	103052714557	2026-09-10T21:18:06Z
check	success	103052713989	2026-09-10T21:18:08Z
health / Resolve conflicts	skipped	103048733402	2026-09-10T21:05:22Z
health / Fix failing checks	skipped	103048733083	2026-09-10T21:05:22Z
health / Nudge stalled PRs	skipped	103048732744	2026-09-10T21:05:22Z
health / Health summary	success	103048732131	2026-09-10T21:05:27Z
health / Scan open PRs	success	103048632881	2026-09-10T21:05:21Z
health / Schedule gate	success	103048607771	2026-09-10T21:05:03Z
Re-evaluate stalled agent PRs (consolidated)	skipped	103036849016	2026-09-10T20:28:25Z
Name keepalive sweep mode	success	103036847691	2026-09-10T20:28:30Z
Re-evaluate stalled agent PRs (non-consolidated)	success	103036847378	2026-09-10T20:28:37Z
health / Fix failing checks	skipped	103029349441	2026-09-10T20:06:01Z
health / Nudge stalled PRs	skipped	103029348874	2026-09-10T20:06:01Z
health / Resolve conflicts	skipped	103029348385	2026-09-10T20:06:01Z
health / Health summary	success	103029348256	2026-09-10T20:06:07Z
health / Scan open PRs	success	103029260050	2026-09-10T20:06:01Z
health / Schedule gate	success	103029230418	2026-09-10T20:05:46Z
Re-evaluate stalled agent PRs (consolidated)	skipped	103016076773	2026-09-10T19:25:59Z
Re-evaluate stalled agent PRs (non-consolidated)	success	103016075363	2026-09-10T19:26:08Z
Name keepalive sweep mode	success	103016075105	2026-09-10T19:26:03Z
health / Resolve conflicts	skipped	103009000952	2026-09-10T19:04:53Z
health / Nudge stalled PRs	skipped	103009000860	2026-09-10T19:04:53Z
health / Fix failing checks	skipped	103009000201	2026-09-10T19:04:53Z
health / Health summary	success	103008999402	2026-09-10T19:05:01Z
health / Scan open PRs	success	103008895645	2026-09-10T19:04:53Z
health / Schedule gate	success	103008870842	2026-09-10T19:04:35Z
Re-evaluate stalled agent PRs (consolidated)	skipped	102997924720	2026-09-10T18:32:18Z
Re-evaluate stalled agent PRs (non-consolidated)	success	102997923108	2026-09-10T18:32:29Z
Name keepalive sweep mode	success	102997922675	2026-09-10T18:32:22Z
health / Nudge stalled PRs	skipped	102989551385	2026-09-10T18:07:48Z
health / Resolve conflicts	skipped	102989550613	2026-09-10T18:07:48Z
health / Fix failing checks	skipped	102989550413	2026-09-10T18:07:48Z
health / Health summary	success	102989549806	2026-09-10T18:07:54Z
health / Scan open PRs	success	102989475299	2026-09-10T18:07:47Z
health / Schedule gate	success	102989438856	2026-09-10T18:07:34Z
Re-evaluate stalled agent PRs (consolidated)	skipped	102975893070	2026-09-10T17:27:27Z
Name keepalive sweep mode	success	102975891823	2026-09-10T17:27:31Z
Re-evaluate stalled agent PRs (non-consolidated)	success	102975891517	2026-09-10T17:27:36Z
health / Nudge stalled PRs	skipped	102968603914	2026-09-10T17:05:57Z
health / Resolve conflicts	skipped	102968603148	2026-09-10T17:05:57Z
health / Fix failing checks	skipped	102968603078	2026-09-10T17:05:57Z
health / Health summary	success	102968602182	2026-09-10T17:06:03Z
health / Scan open PRs	success	102968502648	2026-09-10T17:05:57Z
health / Schedule gate	success	102968478750	2026-09-10T17:05:39Z
Re-evaluate stalled agent PRs (consolidated)	skipped	102956246529	2026-09-10T16:29:33Z
Name keepalive sweep mode	success	102956207688	2026-09-10T16:29:38Z
Re-evaluate stalled agent PRs (non-consolidated)	success	102956207325	2026-09-10T16:29:44Z
health / Fix failing checks	skipped	102948069893	2026-09-10T16:06:35Z
health / Nudge stalled PRs	skipped	102948069345	2026-09-10T16:06:35Z
health / Resolve conflicts	skipped	102948069257	2026-09-10T16:06:35Z
health / Health summary	success	102948068817	2026-09-10T16:06:40Z
health / Scan open PRs	success	102947957281	2026-09-10T16:06:35Z
health / Schedule gate	success	102947925889	2026-09-10T16:06:16Z
Re-evaluate stalled agent PRs (consolidated)	skipped	102934585010	2026-09-10T15:30:00Z
Re-evaluate stalled agent PRs (non-consolidated)	success	102934582837	2026-09-10T15:30:15Z
Name keepalive sweep mode	success	102934582646	2026-09-10T15:30:04Z
health / Resolve conflicts	skipped	102925882070	2026-09-10T15:06:35Z
health / Nudge stalled PRs	skipped	102925882057	2026-09-10T15:06:35Z
health / Fix failing checks	skipped	102925881409	2026-09-10T15:06:35Z
health / Health summary	success	102925880613	2026-09-10T15:06:40Z
health / Scan open PRs	success	102925753621	2026-09-10T15:06:35Z
health / Schedule gate	success	102925701521	2026-09-10T15:06:14Z
Re-evaluate stalled agent PRs (consolidated)	skipped	102912071355	2026-09-10T14:29:58Z
Name keepalive sweep mode	success	102912069878	2026-09-10T14:30:03Z
Re-evaluate stalled agent PRs (non-consolidated)	success	102912069231	2026-09-10T14:30:10Z
health / Resolve conflicts	skipped	102903106006	2026-09-10T14:05:56Z
health / Fix failing checks	skipped	102903105747	2026-09-10T14:05:56Z
health / Nudge stalled PRs	skipped	102903105354	2026-09-10T14:05:56Z
health / Health summary	success	102903104297	2026-09-10T14:06:01Z
health / Scan open PRs	success	102903024056	2026-09-10T14:05:56Z
health / Schedule gate	success	102902994233	2026-09-10T14:05:43Z
Re-evaluate stalled agent PRs (consolidated)	skipped	102889640256	2026-09-10T13:28:16Z
Re-evaluate stalled agent PRs (non-consolidated)	success	102889638172	2026-09-10T13:28:27Z
Name keepalive sweep mode	success	102889637876	2026-09-10T13:28:21Z
health / Resolve conflicts	skipped	102882004278	2026-09-10T13:06:11Z
health / Fix failing checks	skipped	102882004023	2026-09-10T13:06:11Z
health / Nudge stalled PRs	skipped	102882003298	2026-09-10T13:06:11Z
health / Health summary	success	102882002797	2026-09-10T13:06:17Z
health / Scan open PRs	success	102881921784	2026-09-10T13:06:11Z
health / Schedule gate	success	102881887392	2026-09-10T13:05:56Z
Re-evaluate stalled agent PRs (consolidated)	skipped	102873681909	2026-09-10T12:40:46Z
Name keepalive sweep mode	success	102873680086	2026-09-10T12:40:50Z
Re-evaluate stalled agent PRs (non-consolidated)	success	102873679563	2026-09-10T12:41:03Z
health / Resolve conflicts	skipped	102864085190	2026-09-10T12:09:47Z
health / Nudge stalled PRs	skipped	102864084689	2026-09-10T12:09:47Z
health / Fix failing checks	skipped	102864084437	2026-09-10T12:09:47Z
health / Health summary	success	102864084368	2026-09-10T12:09:51Z
health / Scan open PRs	success	102863992925	2026-09-10T12:09:47Z
health / Schedule gate	success	102863970846	2026-09-10T12:09:28Z
Re-evaluate stalled agent PRs (consolidated)	skipped	102852194971	2026-09-10T11:28:42Z
Name keepalive sweep mode	success	102852193888	2026-09-10T11:28:48Z
Re-evaluate stalled agent PRs (non-consolidated)	success	102852193621	2026-09-10T11:29:00Z
health / Fix failing checks	skipped	102845891804	2026-09-10T11:06:12Z
health / Nudge stalled PRs	skipped	102845890556	2026-09-10T11:06:12Z
health / Resolve conflicts	skipped	102845890194	2026-09-10T11:06:12Z
health / Health summary	success	102845889948	2026-09-10T11:06:16Z
health / Scan open PRs	success	102845832231	2026-09-10T11:06:12Z
health / Schedule gate	success	102845809561	2026-09-10T11:06:00Z
Re-evaluate stalled agent PRs (consolidated)	skipped	102835937394	2026-09-10T10:30:29Z
Re-evaluate stalled agent PRs (non-consolidated)	success	102835935970	2026-09-10T10:30:45Z
Name keepalive sweep mode	success	102835935893	2026-09-10T10:30:33Z
health / Nudge stalled PRs	skipped	102829112585	2026-09-10T10:06:28Z
health / Resolve conflicts	skipped	102829112463	2026-09-10T10:06:28Z
health / Fix failing checks	skipped	102829112425	2026-09-10T10:06:28Z
health / Health summary	success	102829111270	2026-09-10T10:06:32Z
health / Scan open PRs	success	102829049490	2026-09-10T10:06:27Z
health / Schedule gate	success	102829017863	2026-09-10T10:06:14Z
Re-evaluate stalled agent PRs (consolidated)	skipped	102819047514	2026-09-10T09:32:01Z
Re-evaluate stalled agent PRs (non-consolidated)	success	102819046223	2026-09-10T09:32:15Z
Name keepalive sweep mode	success	102819046130	2026-09-10T09:32:08Z
health / Resolve conflicts	skipped	102811724921	2026-09-10T09:07:27Z
health / Nudge stalled PRs	skipped	102811724626	2026-09-10T09:07:27Z
health / Fix failing checks	skipped	102811724282	2026-09-10T09:07:27Z
health / Health summary	success	102811723326	2026-09-10T09:07:35Z
health / Scan open PRs	success	102811634256	2026-09-10T09:07:27Z
health / Schedule gate	success	102811606107	2026-09-10T09:07:09Z
Re-evaluate stalled agent PRs (consolidated)	skipped	102802814594	2026-09-10T08:37:01Z
Name keepalive sweep mode	success	102802813712	2026-09-10T08:37:06Z
Re-evaluate stalled agent PRs (non-consolidated)	success	102802813410	2026-09-10T08:37:12Z
health / Resolve conflicts	skipped	102794698728	2026-09-10T08:08:46Z
health / Nudge stalled PRs	skipped	102794698485	2026-09-10T08:08:46Z
health / Fix failing checks	skipped	102794698422	2026-09-10T08:08:46Z
health / Health summary	success	102794697752	2026-09-10T08:08:53Z
health / Scan open PRs	success	102794623221	2026-09-10T08:08:46Z
health / Schedule gate	success	102794599464	2026-09-10T08:08:30Z
Re-evaluate stalled agent PRs (consolidated)	skipped	102784711230	2026-09-10T07:32:08Z
Name keepalive sweep mode	success	102784709792	2026-09-10T07:32:12Z
Re-evaluate stalled agent PRs (non-consolidated)	success	102784709533	2026-09-10T07:32:21Z
health / Fix failing checks	skipped	102778160323	2026-09-10T07:07:11Z
health / Nudge stalled PRs	skipped	102778159686	2026-09-10T07:07:11Z
health / Resolve conflicts	skipped	102778159471	2026-09-10T07:07:11Z
health / Health summary	success	102778159316	2026-09-10T07:07:18Z
health / Scan open PRs	success	102778063891	2026-09-10T07:07:11Z
health / Schedule gate	success	102778046682	2026-09-10T07:06:49Z
coverage guard outcome	success	102775907180	2026-09-10T06:58:23Z
coverage baseline monitor	success	102775724520	2026-09-10T06:58:19Z
Rate limit gate	success	102775668282	2026-09-10T06:57:33Z
Re-evaluate stalled agent PRs (consolidated)	skipped	102772565130	2026-09-10T06:44:31Z
Re-evaluate stalled agent PRs (non-consolidated)	success	102772564427	2026-09-10T06:44:42Z
Name keepalive sweep mode	success	102772563987	2026-09-10T06:44:38Z
health / Nudge stalled PRs	skipped	102765191332	2026-09-10T06:11:49Z
health / Fix failing checks	skipped	102765190839	2026-09-10T06:11:49Z
health / Resolve conflicts	skipped	102765190549	2026-09-10T06:11:49Z
health / Health summary	success	102765189703	2026-09-10T06:11:55Z
health / Scan open PRs	success	102765140834	2026-09-10T06:11:49Z
health / Schedule gate	success	102765123560	2026-09-10T06:11:36Z
Re-evaluate stalled agent PRs (consolidated)	skipped	102756677616	2026-09-10T05:29:41Z
Name keepalive sweep mode	success	102756676856	2026-09-10T05:29:46Z
Re-evaluate stalled agent PRs (non-consolidated)	success	102756676735	2026-09-10T05:29:55Z
health / Resolve conflicts	skipped	102752166351	2026-09-10T05:06:45Z
health / Nudge stalled PRs	skipped	102752166338	2026-09-10T05:06:45Z
health / Fix failing checks	skipped	102752166100	2026-09-10T05:06:45Z
health / Health summary	success	102752165564	2026-09-10T05:06:51Z
health / Scan open PRs	success	102752095231	2026-09-10T05:06:45Z
health / Schedule gate	success	102752078956	2026-09-10T05:06:23Z
Re-evaluate stalled agent PRs (consolidated)	skipped	102745994460	2026-09-10T04:33:46Z
Re-evaluate stalled agent PRs (non-consolidated)	success	102745993905	2026-09-10T04:34:02Z
Name keepalive sweep mode	success	102745993724	2026-09-10T04:33:50Z
health / Fix failing checks	skipped	102740985878	2026-09-10T04:07:57Z
health / Resolve conflicts	skipped	102740985819	2026-09-10T04:07:57Z
health / Nudge stalled PRs	skipped	102740985793	2026-09-10T04:07:57Z
health / Health summary	success	102740985594	2026-09-10T04:08:04Z
health / Scan open PRs	success	102740932497	2026-09-10T04:07:57Z
health / Schedule gate	success	102740915322	2026-09-10T04:07:41Z
Re-evaluate stalled agent PRs (consolidated)	skipped	102734727907	2026-09-10T03:34:22Z
Name keepalive sweep mode	success	102734727169	2026-09-10T03:34:26Z
Re-evaluate stalled agent PRs (non-consolidated)	success	102734726966	2026-09-10T03:34:35Z
health / Resolve conflicts	skipped	102729712550	2026-09-10T03:08:03Z
health / Nudge stalled PRs	skipped	102729712221	2026-09-10T03:08:03Z
health / Fix failing checks	skipped	102729712081	2026-09-10T03:08:03Z
health / Health summary	success	102729711566	2026-09-10T03:08:07Z
health / Scan open PRs	success	102729646765	2026-09-10T03:08:02Z
health / Schedule gate	success	102729622691	2026-09-10T03:07:43Z
Re-evaluate stalled agent PRs (consolidated)	skipped	102723815293	2026-09-10T02:37:18Z
Name keepalive sweep mode	success	102723814429	2026-09-10T02:37:24Z
Re-evaluate stalled agent PRs (non-consolidated)	success	102723814253	2026-09-10T02:37:33Z
health / Nudge stalled PRs	skipped	102718255491	2026-09-10T02:09:42Z
health / Fix failing checks	skipped	102718255244	2026-09-10T02:09:42Z
health / Resolve conflicts	skipped	102718254964	2026-09-10T02:09:42Z
health / Health summary	success	102718254638	2026-09-10T02:09:49Z
health / Scan open PRs	success	102718181343	2026-09-10T02:09:42Z
health / Schedule gate	success	102718161527	2026-09-10T02:09:20Z
Re-evaluate stalled agent PRs (consolidated)	skipped	102711733484	2026-09-10T01:36:37Z
Name keepalive sweep mode	success	102711732688	2026-09-10T01:36:41Z
Re-evaluate stalled agent PRs (non-consolidated)	success	102711732425	2026-09-10T01:36:45Z
health / Nudge stalled PRs	skipped	102707736941	2026-09-10T01:16:53Z
health / Fix failing checks	skipped	102707736439	2026-09-10T01:16:53Z
health / Resolve conflicts	skipped	102707736162	2026-09-10T01:16:53Z
health / Health summary	success	102707735912	2026-09-10T01:17:00Z
health / Scan open PRs	success	102707673046	2026-09-10T01:16:53Z
health / Schedule gate	success	102707650259	2026-09-10T01:16:34Z
auto-label	success	102705772024	2026-09-10T01:07:32Z
check	success	102705771624	2026-09-10T01:07:29Z
Re-evaluate stalled agent PRs (consolidated)	skipped	102704474481	2026-09-10T01:01:15Z
Name keepalive sweep mode	success	102704473457	2026-09-10T01:01:20Z
Re-evaluate stalled agent PRs (non-consolidated)	success	102704473275	2026-09-10T01:01:29Z
health / Resolve conflicts	skipped	102694947711	2026-09-10T00:16:40Z
health / Fix failing checks	skipped	102694947150	2026-09-10T00:16:40Z
health / Nudge stalled PRs	skipped	102694946888	2026-09-10T00:16:40Z
health / Health summary	success	102694946585	2026-09-10T00:16:45Z
health / Scan open PRs	success	102694877369	2026-09-10T00:16:40Z
health / Schedule gate	success	102694852080	2026-09-10T00:16:23Z
Re-evaluate stalled agent PRs (consolidated)	skipped	102684045120	2026-09-09T23:27:34Z
Re-evaluate stalled agent PRs (non-consolidated)	success	102684043970	2026-09-09T23:27:48Z
Name keepalive sweep mode	success	102684043707	2026-09-09T23:27:41Z
health / Fix failing checks	skipped	102678880456	2026-09-09T23:05:38Z
health / Nudge stalled PRs	skipped	102678880306	2026-09-09T23:05:38Z
health / Resolve conflicts	skipped	102678880021	2026-09-09T23:05:38Z
health / Health summary	success	102678879754	2026-09-09T23:05:43Z
health / Scan open PRs	success	102678813333	2026-09-09T23:05:38Z
health / Schedule gate	success	102678794788	2026-09-09T23:05:21Z
Re-evaluate stalled agent PRs (consolidated)	skipped	102669442550	2026-09-09T22:28:04Z
Name keepalive sweep mode	success	102669441204	2026-09-09T22:28:09Z
Re-evaluate stalled agent PRs (non-consolidated)	success	102669441005	2026-09-09T22:28:17Z
health / Resolve conflicts	skipped	102663235819	2026-09-09T22:05:25Z
health / Nudge stalled PRs	skipped	102663235531	2026-09-09T22:05:25Z
health / Fix failing checks	skipped	102663235048	2026-09-09T22:05:25Z
health / Health summary	success	102663234787	2026-09-09T22:05:30Z
health / Scan open PRs	success	102663147706	2026-09-09T22:05:25Z
health / Schedule gate	success	102663123401	2026-09-09T22:05:06Z
Re-evaluate stalled agent PRs (consolidated)	skipped	102652409663	2026-09-09T21:27:42Z
Name keepalive sweep mode	success	102652408744	2026-09-09T21:27:48Z
Re-evaluate stalled agent PRs (non-consolidated)	success	102652408424	2026-09-09T21:27:54Z
health / Resolve conflicts	skipped	102645465519	2026-09-09T21:05:27Z
health / Nudge stalled PRs	skipped	102645465462	2026-09-09T21:05:27Z
health / Fix failing checks	skipped	102645464946	2026-09-09T21:05:27Z
health / Health summary	success	102645463968	2026-09-09T21:05:32Z
health / Scan open PRs	success	102645363167	2026-09-09T21:05:26Z
health / Schedule gate	success	102645327703	2026-09-09T21:05:07Z
Re-evaluate stalled agent PRs (consolidated)	skipped	102633792360	2026-09-09T20:29:41Z
Re-evaluate stalled agent PRs (non-consolidated)	success	102633791128	2026-09-09T20:29:51Z
Name keepalive sweep mode	success	102633791079	2026-09-09T20:29:49Z
health / Fix failing checks	skipped	102625920532	2026-09-09T20:06:12Z
health / Nudge stalled PRs	skipped	102625920501	2026-09-09T20:06:12Z
health / Resolve conflicts	skipped	102625920292	2026-09-09T20:06:12Z
health / Health summary	success	102625919775	2026-09-09T20:06:17Z
health / Scan open PRs	success	102625811865	2026-09-09T20:06:12Z
health / Schedule gate	success	102625773656	2026-09-09T20:05:53Z
Re-evaluate stalled agent PRs (consolidated)	skipped	102612894954	2026-09-09T19:27:17Z
Name keepalive sweep mode	success	102612893244	2026-09-09T19:27:22Z
Re-evaluate stalled agent PRs (non-consolidated)	success	102612893007	2026-09-09T19:27:29Z
health / Resolve conflicts	skipped	102605421898	2026-09-09T19:04:58Z
health / Nudge stalled PRs	skipped	102605421550	2026-09-09T19:04:58Z
health / Fix failing checks	skipped	102605421090	2026-09-09T19:04:58Z
health / Health summary	success	102605420139	2026-09-09T19:05:03Z
health / Scan open PRs	success	102605320346	2026-09-09T19:04:57Z
health / Schedule gate	success	102605286340	2026-09-09T19:04:41Z
auto-label	success	102602808039	2026-09-09T18:57:27Z
check	success	102602807699	2026-09-09T18:57:28Z
Re-evaluate stalled agent PRs (consolidated)	skipped	102595108565	2026-09-09T18:34:26Z
Re-evaluate stalled agent PRs (non-consolidated)	success	102595107635	2026-09-09T18:34:40Z
Name keepalive sweep mode	success	102595107230	2026-09-09T18:34:31Z
health / Nudge stalled PRs	skipped	102586296770	2026-09-09T18:08:24Z
health / Fix failing checks	skipped	102586296702	2026-09-09T18:08:24Z
health / Resolve conflicts	skipped	102586296297	2026-09-09T18:08:24Z
health / Health summary	success	102586295303	2026-09-09T18:08:31Z
health / Scan open PRs	success	102586135001	2026-09-09T18:08:24Z
health / Schedule gate	success	102586101418	2026-09-09T18:07:56Z
Re-evaluate stalled agent PRs (consolidated)	skipped	102572699377	2026-09-09T17:28:46Z
Name keepalive sweep mode	success	102572697812	2026-09-09T17:28:51Z
Re-evaluate stalled agent PRs (non-consolidated)	success	102572697601	2026-09-09T17:28:57Z
health / Fix failing checks	skipped	102564906427	2026-09-09T17:05:49Z
health / Nudge stalled PRs	skipped	102564906236	2026-09-09T17:05:49Z
health / Health summary	success	102564905231	2026-09-09T17:05:55Z
health / Resolve conflicts	skipped	102564904025	2026-09-09T17:05:49Z
health / Scan open PRs	success	102564706541	2026-09-09T17:05:48Z
health / Schedule gate	success	102564673398	2026-09-09T17:05:15Z
Re-evaluate stalled agent PRs (consolidated)	skipped	102553354360	2026-09-09T16:32:14Z
Name keepalive sweep mode	success	102553353125	2026-09-09T16:32:20Z
Re-evaluate stalled agent PRs (non-consolidated)	success	102553352738	2026-09-09T16:32:27Z
health / Resolve conflicts	skipped	102544336948	2026-09-09T16:07:00Z
health / Fix failing checks	skipped	102544336492	2026-09-09T16:07:00Z
health / Nudge stalled PRs	skipped	102544336459	2026-09-09T16:07:00Z
health / Health summary	success	102544335640	2026-09-09T16:07:07Z
health / Scan open PRs	success	102544226912	2026-09-09T16:07:00Z
health / Schedule gate	success	102544201802	2026-09-09T16:06:42Z
Re-evaluate stalled agent PRs (consolidated)	skipped	102530828476	2026-09-09T15:30:29Z
Name keepalive sweep mode	success	102530827037	2026-09-09T15:30:34Z
Re-evaluate stalled agent PRs (non-consolidated)	success	102530826746	2026-09-09T15:30:49Z
health / Fix failing checks	skipped	102521666361	2026-09-09T15:06:08Z
health / Resolve conflicts	skipped	102521666266	2026-09-09T15:06:08Z
health / Nudge stalled PRs	skipped	102521666150	2026-09-09T15:06:08Z
health / Health summary	success	102521665633	2026-09-09T15:06:16Z
health / Scan open PRs	success	102521580643	2026-09-09T15:06:08Z
health / Schedule gate	success	102521550824	2026-09-09T15:05:55Z
Re-evaluate stalled agent PRs (consolidated)	skipped	102508333345	2026-09-09T14:31:04Z
Name keepalive sweep mode	success	102508331760	2026-09-09T14:31:09Z
Re-evaluate stalled agent PRs (non-consolidated)	success	102508331346	2026-09-09T14:31:18Z
health / Fix failing checks	skipped	102499122941	2026-09-09T14:06:33Z
health / Nudge stalled PRs	skipped	102499122774	2026-09-09T14:06:33Z
health / Resolve conflicts	skipped	102499122701	2026-09-09T14:06:33Z
health / Health summary	success	102499121164	2026-09-09T14:07:14Z
health / Scan open PRs	success	102499007266	2026-09-09T14:06:33Z
health / Schedule gate	success	102498972661	2026-09-09T14:06:15Z
Re-evaluate stalled agent PRs (consolidated)	skipped	102485809173	2026-09-09T13:30:28Z
Re-evaluate stalled agent PRs (non-consolidated)	success	102485807819	2026-09-09T13:30:41Z
Name keepalive sweep mode	success	102485807373	2026-09-09T13:30:33Z
health / Fix failing checks	skipped	102477242373	2026-09-09T13:06:13Z
health / Nudge stalled PRs	skipped	102477241556	2026-09-09T13:06:13Z
health / Health summary	success	102477241178	2026-09-09T13:06:20Z
health / Resolve conflicts	skipped	102477241138	2026-09-09T13:06:13Z
health / Scan open PRs	success	102477130759	2026-09-09T13:06:13Z
health / Schedule gate	success	102477095015	2026-09-09T13:05:54Z
Re-evaluate stalled agent PRs (consolidated)	skipped	102468673131	2026-09-09T12:40:42Z
Name keepalive sweep mode	success	102468672201	2026-09-09T12:40:46Z
Re-evaluate stalled agent PRs (non-consolidated)	success	102468671855	2026-09-09T12:40:53Z
health / Fix failing checks	skipped	102458764119	2026-09-09T12:09:39Z
health / Nudge stalled PRs	skipped	102458763691	2026-09-09T12:09:39Z
health / Resolve conflicts	skipped	102458763243	2026-09-09T12:09:39Z
health / Health summary	success	102458762517	2026-09-09T12:09:45Z
health / Scan open PRs	success	102458661538	2026-09-09T12:09:38Z
health / Schedule gate	success	102458624367	2026-09-09T12:09:19Z
Re-evaluate stalled agent PRs (consolidated)	skipped	102446959855	2026-09-09T11:29:07Z
Name keepalive sweep mode	success	102446958944	2026-09-09T11:29:13Z
Re-evaluate stalled agent PRs (non-consolidated)	success	102446958655	2026-09-09T11:29:18Z
health / Resolve conflicts	skipped	102440349346	2026-09-09T11:06:04Z
health / Nudge stalled PRs	skipped	102440349164	2026-09-09T11:06:04Z
health / Fix failing checks	skipped	102440349097	2026-09-09T11:06:04Z
health / Health summary	success	102440348284	2026-09-09T11:06:10Z
health / Scan open PRs	success	102440273321	2026-09-09T11:06:04Z
health / Schedule gate	success	102440244094	2026-09-09T11:05:49Z
Re-evaluate stalled agent PRs (consolidated)	skipped	102430182494	2026-09-09T10:30:35Z
Re-evaluate stalled agent PRs (non-consolidated)	success	102430181221	2026-09-09T10:30:49Z
Name keepalive sweep mode	success	102430181132	2026-09-09T10:30:40Z
health / Health summary	success	102423269524	2026-09-09T10:06:47Z
health / Nudge stalled PRs	skipped	102423266209	2026-09-09T10:06:40Z
health / Fix failing checks	skipped	102423265696	2026-09-09T10:06:40Z
health / Resolve conflicts	skipped	102423265552	2026-09-09T10:06:40Z
health / Scan open PRs	success	102423189448	2026-09-09T10:06:38Z
health / Schedule gate	success	102423160177	2026-09-09T10:06:24Z
Re-evaluate stalled agent PRs (consolidated)	skipped	102413217030	2026-09-09T09:32:51Z
Re-evaluate stalled agent PRs (non-consolidated)	success	102413216572	2026-09-09T09:33:08Z
Name keepalive sweep mode	success	102413216273	2026-09-09T09:32:57Z
health / Nudge stalled PRs	skipped	102405506880	2026-09-09T09:07:29Z
health / Resolve conflicts	skipped	102405506657	2026-09-09T09:07:29Z
health / Fix failing checks	skipped	102405506445	2026-09-09T09:07:29Z
health / Health summary	success	102405505950	2026-09-09T09:07:35Z
health / Scan open PRs	success	102405396484	2026-09-09T09:07:28Z
health / Schedule gate	success	102405358278	2026-09-09T09:07:07Z
Re-evaluate stalled agent PRs (consolidated)	skipped	102396030226	2026-09-09T08:35:46Z
Name keepalive sweep mode	success	102396029128	2026-09-09T08:35:53Z
Re-evaluate stalled agent PRs (non-consolidated)	success	102396028838	2026-09-09T08:35:58Z
health / Nudge stalled PRs	skipped	102388208092	2026-09-09T08:09:07Z
health / Fix failing checks	skipped	102388207901	2026-09-09T08:09:07Z
health / Resolve conflicts	skipped	102388207773	2026-09-09T08:09:07Z
health / Health summary	success	102388207336	2026-09-09T08:09:14Z
health / Scan open PRs	success	102388128293	2026-09-09T08:09:07Z
health / Schedule gate	success	102388104873	2026-09-09T08:08:51Z
Re-evaluate stalled agent PRs (consolidated)	skipped	102378115331	2026-09-09T07:32:27Z
Re-evaluate stalled agent PRs (non-consolidated)	success	102378114238	2026-09-09T07:32:43Z
Name keepalive sweep mode	success	102378114055	2026-09-09T07:32:34Z
health / Nudge stalled PRs	skipped	102371323165	2026-09-09T07:07:06Z
health / Resolve conflicts	skipped	102371323062	2026-09-09T07:07:06Z
health / Fix failing checks	skipped	102371322878	2026-09-09T07:07:06Z
health / Health summary	success	102371321998	2026-09-09T07:07:12Z
health / Scan open PRs	success	102371267912	2026-09-09T07:07:06Z
health / Schedule gate	success	102371249494	2026-09-09T07:06:54Z
coverage guard outcome	success	102369057746	2026-09-09T06:58:29Z
coverage baseline monitor	success	102368877102	2026-09-09T06:58:22Z
Rate limit gate	success	102368830370	2026-09-09T06:57:38Z
Re-evaluate stalled agent PRs (consolidated)	skipped	102365732203	2026-09-09T06:44:49Z
Re-evaluate stalled agent PRs (non-consolidated)	success	102365731508	2026-09-09T06:45:02Z
Name keepalive sweep mode	success	102365731400	2026-09-09T06:44:55Z
health / Resolve conflicts	skipped	102358108789	2026-09-09T06:11:19Z
health / Fix failing checks	skipped	102358108639	2026-09-09T06:11:19Z
health / Nudge stalled PRs	skipped	102358108629	2026-09-09T06:11:19Z
health / Health summary	success	102358108237	2026-09-09T06:11:24Z
health / Scan open PRs	success	102358051383	2026-09-09T06:11:19Z
health / Schedule gate	success	102358030426	2026-09-09T06:11:03Z
Re-evaluate stalled agent PRs (consolidated)	skipped	102349698866	2026-09-09T05:30:28Z
Name keepalive sweep mode	success	102349698207	2026-09-09T05:30:36Z
Re-evaluate stalled agent PRs (non-consolidated)	success	102349698028	2026-09-09T05:30:37Z
health / Nudge stalled PRs	skipped	102344955029	2026-09-09T05:06:28Z
health / Resolve conflicts	skipped	102344954758	2026-09-09T05:06:28Z
health / Fix failing checks	skipped	102344954734	2026-09-09T05:06:28Z
health / Health summary	success	102344954312	2026-09-09T05:06:32Z
health / Scan open PRs	success	102344907883	2026-09-09T05:06:28Z
health / Schedule gate	success	102344892081	2026-09-09T05:06:13Z
Re-evaluate stalled agent PRs (consolidated)	skipped	102338747871	2026-09-09T04:33:38Z
Name keepalive sweep mode	success	102338747094	2026-09-09T04:33:42Z
Re-evaluate stalled agent PRs (non-consolidated)	success	102338746912	2026-09-09T04:33:47Z
health / Resolve conflicts	skipped	102333769622	2026-09-09T04:07:39Z
health / Fix failing checks	skipped	102333769134	2026-09-09T04:07:39Z
health / Nudge stalled PRs	skipped	102333769056	2026-09-09T04:07:39Z
health / Health summary	success	102333768665	2026-09-09T04:07:44Z
health / Scan open PRs	success	102333727034	2026-09-09T04:07:39Z
health / Schedule gate	success	102333703711	2026-09-09T04:07:26Z
Re-evaluate stalled agent PRs (consolidated)	skipped	102327512451	2026-09-09T03:34:14Z
Re-evaluate stalled agent PRs (non-consolidated)	success	102327511765	2026-09-09T03:34:29Z
Name keepalive sweep mode	success	102327511591	2026-09-09T03:34:18Z
health / Resolve conflicts	skipped	102322544090	2026-09-09T03:08:18Z
health / Fix failing checks	skipped	102322544023	2026-09-09T03:08:18Z
health / Nudge stalled PRs	skipped	102322543838	2026-09-09T03:08:18Z
health / Health summary	success	102322543279	2026-09-09T03:08:25Z
health / Scan open PRs	success	102322484219	2026-09-09T03:08:18Z
health / Schedule gate	success	102322464043	2026-09-09T03:08:00Z
Re-evaluate stalled agent PRs (consolidated)	skipped	102316524543	2026-09-09T02:36:58Z
Re-evaluate stalled agent PRs (non-consolidated)	success	102316523503	2026-09-09T02:37:17Z
Name keepalive sweep mode	success	102316523238	2026-09-09T02:37:05Z
auto-label	success	102312136810	2026-09-09T02:15:27Z
check	success	102312136479	2026-09-09T02:15:30Z
health / Resolve conflicts	skipped	102310901037	2026-09-09T02:09:18Z
health / Nudge stalled PRs	skipped	102310900804	2026-09-09T02:09:18Z
health / Fix failing checks	skipped	102310900747	2026-09-09T02:09:18Z
health / Health summary	success	102310900531	2026-09-09T02:09:26Z
health / Scan open PRs	success	102310855817	2026-09-09T02:09:18Z
health / Schedule gate	success	102310842347	2026-09-09T02:09:05Z
Re-evaluate stalled agent PRs (consolidated)	skipped	102304817648	2026-09-09T01:39:01Z
Name keepalive sweep mode	success	102304816515	2026-09-09T01:39:05Z
Re-evaluate stalled agent PRs (non-consolidated)	success	102304816321	2026-09-09T01:39:16Z
health / Resolve conflicts	skipped	102300501293	2026-09-09T01:17:38Z
health / Fix failing checks	skipped	102300500989	2026-09-09T01:17:38Z
health / Nudge stalled PRs	skipped	102300500834	2026-09-09T01:17:38Z
health / Health summary	success	102300500510	2026-09-09T01:17:43Z
health / Scan open PRs	success	102300441405	2026-09-09T01:17:38Z
health / Schedule gate	success	102300422325	2026-09-09T01:17:20Z
Re-evaluate stalled agent PRs (consolidated)	skipped	102297342203	2026-09-09T01:02:40Z
Re-evaluate stalled agent PRs (non-consolidated)	success	102297341820	2026-09-09T01:02:51Z
Name keepalive sweep mode	success	102297341647	2026-09-09T01:02:46Z
health / Resolve conflicts	skipped	102287787129	2026-09-09T00:18:03Z
health / Fix failing checks	skipped	102287787003	2026-09-09T00:18:03Z
health / Nudge stalled PRs	skipped	102287786906	2026-09-09T00:18:03Z
health / Health summary	success	102287786243	2026-09-09T00:18:08Z
health / Scan open PRs	success	102287725304	2026-09-09T00:18:03Z
health / Schedule gate	success	102287709287	2026-09-09T00:17:47Z
Re-evaluate stalled agent PRs (non-consolidated)	success	102276397023	2026-09-08T23:27:25Z
Name keepalive sweep mode	success	102276396426	2026-09-08T23:27:21Z
Re-evaluate stalled agent PRs (consolidated)	skipped	102276396372	2026-09-08T23:27:15Z
health / Resolve conflicts	skipped	102271295426	2026-09-08T23:05:53Z
health / Fix failing checks	skipped	102271294749	2026-09-08T23:05:53Z
health / Nudge stalled PRs	skipped	102271294539	2026-09-08T23:05:53Z
health / Health summary	success	102271294209	2026-09-08T23:05:57Z
health / Scan open PRs	success	102271221917	2026-09-08T23:05:53Z
health / Schedule gate	success	102271204150	2026-09-08T23:05:35Z
Re-evaluate stalled agent PRs (consolidated)	skipped	102261782323	2026-09-08T22:28:03Z
Re-evaluate stalled agent PRs (non-consolidated)	success	102261781226	2026-09-08T22:28:13Z
Name keepalive sweep mode	success	102261780977	2026-09-08T22:28:10Z
auto-label	success	102257164045	2026-09-08T22:11:40Z
check	success	102257163827	2026-09-08T22:11:45Z
Cleanup bot comment label	skipped	102256960115	2026-09-08T22:10:50Z
PR meta handler	skipped	102256959613	2026-09-08T22:10:50Z
Bot comment handler	skipped	102256959405	2026-09-08T22:10:50Z
Fetch PR context	skipped	102256958862	2026-09-08T22:10:50Z
Create issue from verification (enhanced)	skipped	102256958853	2026-09-08T22:10:50Z
Resolve event context	skipped	102256957703	2026-09-08T22:10:50Z
health / Nudge stalled PRs	skipped	102255564430	2026-09-08T22:05:50Z
health / Fix failing checks	skipped	102255563433	2026-09-08T22:05:50Z
health / Resolve conflicts	skipped	102255562974	2026-09-08T22:05:50Z
health / Health summary	success	102255562381	2026-09-08T22:05:55Z
health / Scan open PRs	success	102255493507	2026-09-08T22:05:50Z
health / Schedule gate	success	102255471972	2026-09-08T22:05:35Z
Report keepalive completion	skipped	102252902911	2026-09-08T21:56:24Z
Record autofix dispatch completion	skipped	102252880105	2026-09-08T21:56:19Z
autofix	skipped	102252878858	2026-09-08T21:56:19Z
Update keepalive summary	skipped	102252835171	2026-09-08T21:56:09Z
Keepalive next task (Cursor)	skipped	102252834892	2026-09-08T21:56:09Z
PR meta handler	skipped	102252834887	2026-09-08T21:56:09Z
Keepalive next task (Claude)	skipped	102252834682	2026-09-08T21:56:09Z
Record keepalive dispatch completion	skipped	102252834674	2026-09-08T21:56:09Z
Keepalive next task (Codex)	skipped	102252834490	2026-09-08T21:56:09Z
Mark agent running	skipped	102252834409	2026-09-08T21:56:09Z
Bot comment handler	skipped	102252834405	2026-09-08T21:56:09Z
Cleanup bot comment label	skipped	102252834393	2026-09-08T21:56:09Z
Create issue from verification (enhanced)	skipped	102252834308	2026-09-08T21:56:09Z
Resolve Context	success	102252834134	2026-09-08T21:56:18Z
Keepalive next task (Gemini)	skipped	102252834112	2026-09-08T21:56:09Z
Run Codex autofix	skipped	102252834066	2026-09-08T21:56:09Z
Verify secrets available	skipped	102252834013	2026-09-08T21:56:09Z
Flag for human follow-up	skipped	102252833728	2026-09-08T21:56:09Z
Fetch PR context	skipped	102252833713	2026-09-08T21:56:09Z
Run Claude autofix	skipped	102252833474	2026-09-08T21:56:09Z
Evaluate keepalive loop	skipped	102252833458	2026-09-08T21:56:09Z
Prepare autofix context	skipped	102252833456	2026-09-08T21:56:09Z
Test job creation	skipped	102252833380	2026-09-08T21:56:09Z
Resolve event context	skipped	102252833292	2026-09-08T21:56:09Z
Record autofix metrics	success	102252833100	2026-09-08T21:56:17Z
Merge automerge-labelled agent PRs	success	102252832747	2026-09-08T21:56:21Z
Wake generated delivery reconciler	failure	102252832399	2026-09-08T21:56:15Z
Report keepalive completion	skipped	102252113520	2026-09-08T21:53:34Z
auto-label	success	102248844231	2026-09-08T21:42:12Z
check	success	102248844086	2026-09-08T21:42:15Z
Re-evaluate stalled agent PRs (consolidated)	skipped	102244262900	2026-09-08T21:26:44Z
Re-evaluate stalled agent PRs (non-consolidated)	success	102244261879	2026-09-08T21:26:53Z
Name keepalive sweep mode	success	102244261442	2026-09-08T21:26:49Z
health / Resolve conflicts	skipped	102237425789	2026-09-08T21:05:03Z
health / Fix failing checks	skipped	102237424710	2026-09-08T21:05:03Z
health / Nudge stalled PRs	skipped	102237424697	2026-09-08T21:05:03Z
health / Health summary	success	102237424164	2026-09-08T21:05:08Z
health / Scan open PRs	success	102237309356	2026-09-08T21:05:03Z
health / Schedule gate	success	102237284157	2026-09-08T21:04:41Z
Re-evaluate stalled agent PRs (consolidated)	skipped	102225959894	2026-09-08T20:29:11Z
Name keepalive sweep mode	success	102225958501	2026-09-08T20:29:18Z
Re-evaluate stalled agent PRs (non-consolidated)	success	102225958332	2026-09-08T20:29:29Z
health / Nudge stalled PRs	skipped	102218502641	2026-09-08T20:06:25Z
health / Resolve conflicts	skipped	102218502592	2026-09-08T20:06:25Z
health / Fix failing checks	skipped	102218502033	2026-09-08T20:06:25Z
health / Health summary	success	102218501527	2026-09-08T20:06:29Z
health / Scan open PRs	success	102218380033	2026-09-08T20:06:24Z
health / Schedule gate	success	102218354816	2026-09-08T20:06:03Z
Re-evaluate stalled agent PRs (consolidated)	skipped	102205744196	2026-09-08T19:27:29Z
Name keepalive sweep mode	success	102205743191	2026-09-08T19:27:35Z
Re-evaluate stalled agent PRs (non-consolidated)	success	102205742931	2026-09-08T19:27:42Z
health / Nudge stalled PRs	skipped	102198417665	2026-09-08T19:05:20Z
health / Resolve conflicts	skipped	102198417286	2026-09-08T19:05:20Z
health / Fix failing checks	skipped	102198416590	2026-09-08T19:05:20Z
health / Health summary	success	102198416170	2026-09-08T19:05:27Z
health / Scan open PRs	success	102198313128	2026-09-08T19:05:19Z
health / Schedule gate	success	102198283091	2026-09-08T19:05:01Z
Re-evaluate stalled agent PRs (consolidated)	skipped	102188294906	2026-09-08T18:34:55Z
Re-evaluate stalled agent PRs (non-consolidated)	success	102188293498	2026-09-08T18:35:07Z
Name keepalive sweep mode	success	102188293259	2026-09-08T18:34:59Z
health / Resolve conflicts	skipped	102179505687	2026-09-08T18:08:29Z
health / Fix failing checks	skipped	102179505457	2026-09-08T18:08:29Z
health / Nudge stalled PRs	skipped	102179504917	2026-09-08T18:08:29Z
health / Health summary	success	102179504712	2026-09-08T18:08:35Z
health / Scan open PRs	success	102179415787	2026-09-08T18:08:29Z
health / Schedule gate	success	102179391459	2026-09-08T18:08:13Z
Re-evaluate stalled agent PRs (consolidated)	skipped	102166254046	2026-09-08T17:28:29Z
Name keepalive sweep mode	success	102166252932	2026-09-08T17:28:33Z
Re-evaluate stalled agent PRs (non-consolidated)	success	102166252566	2026-09-08T17:28:44Z
Fetch PR context	skipped	102164578754	2026-09-08T17:23:24Z
auto-pilot	skipped	102164573161	2026-09-08T17:23:32Z
Resolve event context	skipped	102164565512	2026-09-08T17:23:24Z
Cleanup bot comment label	skipped	102164531111	2026-09-08T17:23:25Z
PR meta handler	skipped	102164530618	2026-09-08T17:23:24Z
Bot comment handler	skipped	102164530562	2026-09-08T17:23:24Z
Create issue from verification (enhanced)	skipped	102164529618	2026-09-08T17:23:24Z
check	success	102164524843	2026-09-08T17:23:31Z
gate	success	102164523895	2026-09-08T17:23:32Z
health / Resolve conflicts	skipped	102158903650	2026-09-08T17:06:53Z
health / Nudge stalled PRs	skipped	102158903618	2026-09-08T17:06:53Z
health / Fix failing checks	skipped	102158903387	2026-09-08T17:06:53Z
health / Health summary	success	102158902283	2026-09-08T17:07:00Z
health / Scan open PRs	success	102158790215	2026-09-08T17:06:53Z
health / Schedule gate	success	102158761494	2026-09-08T17:06:34Z
Report keepalive completion	skipped	102147731840	2026-09-08T16:33:34Z
Record autofix dispatch completion	skipped	102147703415	2026-09-08T16:33:29Z
autofix	skipped	102147702425	2026-09-08T16:33:29Z
Update keepalive summary	skipped	102147658287	2026-09-08T16:33:21Z
Record keepalive dispatch completion	skipped	102147657607	2026-09-08T16:33:21Z
Keepalive next task (Codex)	skipped	102147657055	2026-09-08T16:33:21Z
Keepalive next task (Gemini)	skipped	102147657011	2026-09-08T16:33:21Z
Keepalive next task (Cursor)	skipped	102147656698	2026-09-08T16:33:21Z
Keepalive next task (Claude)	skipped	102147656633	2026-09-08T16:33:21Z
Verify secrets available	skipped	102147655732	2026-09-08T16:33:21Z
Mark agent running	skipped	102147655631	2026-09-08T16:33:21Z
Run Codex autofix	skipped	102147655107	2026-09-08T16:33:21Z
Run Claude autofix	skipped	102147654846	2026-09-08T16:33:21Z
Flag for human follow-up	skipped	102147654787	2026-09-08T16:33:21Z
Evaluate keepalive loop	skipped	102147654748	2026-09-08T16:33:20Z
Prepare autofix context	skipped	102147654720	2026-09-08T16:33:20Z
Test job creation	skipped	102147654623	2026-09-08T16:33:21Z
Wake generated delivery reconciler	skipped	102147654442	2026-09-08T16:33:20Z
Record autofix metrics	success	102147654113	2026-09-08T16:33:28Z
Cleanup bot comment label	skipped	102147653549	2026-09-08T16:33:20Z
PR meta handler	skipped	102147653328	2026-09-08T16:33:20Z
Fetch PR context	skipped	102147653157	2026-09-08T16:33:20Z
Bot comment handler	skipped	102147653128	2026-09-08T16:33:20Z
Create issue from verification (enhanced)	skipped	102147652886	2026-09-08T16:33:20Z
Merge automerge-labelled agent PRs	success	102147652786	2026-09-08T16:33:30Z
Resolve event context	skipped	102147652051	2026-09-08T16:33:20Z
Resolve Context	success	102147650665	2026-09-08T16:33:29Z
Re-evaluate stalled agent PRs (consolidated)	skipped	102147633350	2026-09-08T16:33:17Z
Name keepalive sweep mode	success	102147631822	2026-09-08T16:33:23Z
Re-evaluate stalled agent PRs (non-consolidated)	success	102147631604	2026-09-08T16:33:29Z
autofix	skipped	102147320991	2026-09-08T16:32:22Z
Record autofix dispatch completion	skipped	102147320970	2026-09-08T16:32:22Z
Resolve Context	success	102147278227	2026-09-08T16:32:22Z
Python CI / logs summary	success	102147145593	2026-09-08T16:32:10Z
auto-label	success	102146774729	2026-09-08T16:30:53Z
check	success	102146774084	2026-09-08T16:30:52Z
Report keepalive completion	skipped	102146582689	2026-09-08T16:30:11Z
Fetch PR context	skipped	102146542581	2026-09-08T16:29:59Z
bridge	skipped	102146541100	2026-09-08T16:30:04Z
sync	skipped	102146540463	2026-09-08T16:30:04Z
check_labels	skipped	102146540391	2026-09-08T16:30:04Z
Bot comment handler	skipped	102146508816	2026-09-08T16:29:59Z
Cleanup bot comment label	skipped	102146508775	2026-09-08T16:29:59Z
PR meta handler	skipped	102146508440	2026-09-08T16:29:59Z
Create issue from verification (enhanced)	skipped	102146508026	2026-09-08T16:29:59Z
route	success	102146507650	2026-09-08T16:30:04Z
Resolve event context	skipped	102146507540	2026-09-08T16:29:58Z
check	success	102146507290	2026-09-08T16:30:11Z
auto-label	success	102146503283	2026-09-08T16:30:47Z
Python CI / python 3.13	success	102146479703	2026-09-08T16:31:50Z
Python CI / python 3.12	success	102146479630	2026-09-08T16:31:54Z
auto-pilot	skipped	102146432792	2026-09-08T16:29:46Z
Python CI / lint-format	skipped	102146422700	2026-09-08T16:29:44Z
Python CI / typecheck-mypy	success	102146420392	2026-09-08T16:30:31Z
Python CI / select reusable CI scope	success	102146420373	2026-09-08T16:29:54Z
Python CI / lint-ruff	success	102146420331	2026-09-08T16:29:59Z
gate	success	102146390000	2026-09-08T16:29:45Z
check	success	102146389070	2026-09-08T16:29:48Z
Browser first-use canary	success	102146388613	2026-09-08T16:30:50Z
Python CI / Validate inputs	success	102146388498	2026-09-08T16:29:44Z
Complexity guard	success	102146388450	2026-09-08T16:29:50Z
Runtime CI	success	102146388294	2026-09-08T16:31:24Z
cross-repo-full-product	success	102146384655	2026-09-08T16:31:32Z
